order_id,order_date,customer_id,customer_region,signup_date,category,product,unit_price,quantity,discount_pct,revenue,channel
O505696,2025-01-09,C100595,Este,2025-01-02,Belleza,Protector solar,10.84,1,0.0,10.84,Pauta pagada
O513375,2025-01-09,C100227,Centro,2025-01-07,Electrónica,Smartwatch,79.35,2,0.1,158.7,Email
O502170,2025-01-10,C102010,Norte,2025-01-09,Electrónica,Smartwatch,88.17,1,0.0,88.17,Directo
O509848,2025-01-11,C101242,Oeste,2025-01-11,Hogar,Organizador closet,14.02,2,0.15,28.04,Pauta pagada
O506759,2025-01-11,C100164,Centro,2025-01-07,Belleza,Set de brochas,15.34,2,0.1,30.68,Pauta pagada
O501095,2025-01-13,C102191,Sur,2025-01-01,Electrónica,Power bank,71.86,3,0.0,215.58,Redes sociales
O513048,2025-01-15,C100570,Oeste,2025-01-09,Moda,Mochila urbana,19.25,1,0.0,19.25,Orgánico
O503098,2025-01-15,C102630,Sur,2025-01-15,Moda,Camiseta básica,37.12,1,0.0,37.12,Directo
O514181,2025-01-17,C101662,Oeste,2025-01-02,Hogar,Organizador closet,16.5,1,0.0,16.5,Directo
O512309,2025-01-17,C100164,Centro,2025-01-07,Moda,Jeans slim,24.68,1,0.15,24.68,Orgánico
O511525,2025-01-18,C101432,Norte,2025-01-13,Moda,Gorra,39.58,1,0.0,39.58,Orgánico
O511396,2025-01-18,C100130,Centro,2025-01-02,Moda,Tenis running,26.02,1,0.1,26.02,Redes sociales
O507983,2025-01-18,C101019,Centro,2025-01-18,Moda,Camiseta básica,37.12,1,0.0,37.12,Orgánico
O509891,2025-01-20,C101920,Oeste,2025-01-08,Moda,Jeans slim,29.04,2,0.0,58.08,Orgánico
O505281,2025-01-20,C101213,Este,2025-01-19,Hogar,Lámpara LED,58.38,2,0.0,116.76,Email
O510589,2025-01-20,C100052,Centro,2025-01-04,Moda,Mochila urbana,16.36,1,0.15,16.36,Orgánico
O515179,2025-01-21,C101662,Oeste,2025-01-02,Electrónica,Cargador rápido,42.81,2,0.0,85.62,Email
O514723,2025-01-22,C102700,Norte,2025-01-12,Belleza,Set de brochas,17.05,2,0.0,34.1,Pauta pagada
O512586,2025-01-22,C102150,Centro,2025-01-03,Hogar,Lámpara LED,58.38,3,0.0,175.14,Pauta pagada
O501531,2025-01-23,C101488,Oeste,2025-01-02,Deportes,Yoga mat,41.49,1,0.1,41.49,Directo
O503577,2025-01-23,C101213,Este,2025-01-19,Belleza,Shampoo reparador,10.68,2,0.0,21.36,Orgánico
O507651,2025-01-23,C102071,Norte,2025-01-13,Moda,Mochila urbana,19.25,1,0.0,19.25,Directo
O502213,2025-01-23,C101839,Centro,2025-01-08,Moda,Tenis running,28.91,3,0.0,86.73,Orgánico
O506956,2025-01-25,C101213,Este,2025-01-19,Electrónica,Cargador rápido,42.81,2,0.0,85.62,Orgánico
O508035,2025-01-26,C102120,Norte,2025-01-17,Hogar,Set de sábanas,33.34,3,0.0,100.02,Email
O509576,2025-01-26,C102762,Oeste,2025-01-17,Electrónica,Smartwatch,88.17,3,0.0,264.51,Directo
O504587,2025-01-28,C102385,Centro,2025-01-10,Moda,Gorra,39.58,2,0.0,79.16,Redes sociales
O516292,2025-01-29,C100136,Sur,2025-01-25,Electrónica,Audífonos BT,73.05,2,0.0,146.1,Redes sociales
O503003,2025-01-29,C102088,Sur,2025-01-16,Electrónica,Audífonos BT,73.05,1,0.0,73.05,Orgánico
O502482,2025-01-29,C102537,Centro,2025-01-22,Deportes,Yoga mat,41.49,1,0.1,41.49,Pauta pagada
O506017,2025-01-29,C101148,Oeste,2025-01-10,Moda,Mochila urbana,19.25,1,0.0,19.25,Email
O505483,2025-01-29,C101043,Norte,2025-01-02,Hogar,Organizador closet,16.5,1,0.0,16.5,Redes sociales
O503804,2025-01-30,C100203,Sur,2025-01-10,Electrónica,Audífonos BT,58.44,2,0.2,116.88,Orgánico
O506341,2025-01-31,C102477,Oeste,2025-01-15,Electrónica,Audífonos BT,73.05,1,0.0,73.05,Pauta pagada
O508402,2025-01-31,C101981,Centro,2025-01-26,Belleza,Shampoo reparador,10.68,2,0.0,21.36,Directo
O505529,2025-01-31,C100522,Norte,2025-01-02,Belleza,Protector solar,10.84,1,0.0,10.84,Email
O504433,2025-01-31,C100028,Norte,2025-01-24,Electrónica,Power bank,71.86,1,0.0,71.86,Orgánico
O514194,2025-01-31,C102521,Norte,2025-01-15,Electrónica,Cargador rápido,42.81,1,0.0,42.81,Pauta pagada
O515840,2025-02-01,C100560,Centro,2025-01-17,Belleza,Serum facial,22.15,3,0.0,66.45,Directo
O512889,2025-02-01,C101774,Centro,2025-01-27,Belleza,Perfume,8.01,2,0.15,16.02,Directo
O511890,2025-02-01,C103286,Centro,2025-01-11,Belleza,Set de brochas,17.05,1,0.0,17.05,Orgánico
O504632,2025-02-02,C103382,Este,2025-01-14,Belleza,Set de brochas,17.05,2,0.0,34.1,Redes sociales
O504175,2025-02-02,C101698,Este,2025-01-01,Electrónica,Smartwatch,79.35,1,0.1,79.35,Redes sociales
O503068,2025-02-02,C100607,Norte,2025-01-21,Moda,Camiseta básica,37.12,2,0.0,74.24,Orgánico
O514267,2025-02-02,C101049,Norte,2025-01-11,Hogar,Set de sábanas,33.34,3,0.0,100.02,Pauta pagada
O510558,2025-02-03,C100323,Sur,2025-01-18,Deportes,Yoga mat,41.49,2,0.1,82.98,Email
O504723,2025-02-04,C100444,Centro,2025-02-02,Deportes,Botella térmica,17.07,1,0.0,17.07,Directo
O513697,2025-02-04,C100579,Oeste,2025-01-11,Moda,Camiseta básica,37.12,1,0.0,37.12,Email
O507969,2025-02-04,C100845,Este,2025-01-30,Deportes,Mancuernas ajustables,41.15,3,0.0,123.45,Directo
O513879,2025-02-04,C103421,Centro,2025-02-04,Electrónica,Cargador rápido,42.81,2,0.0,85.62,Redes sociales
O500564,2025-02-05,C101231,Sur,2025-01-01,Belleza,Perfume,9.42,1,0.0,9.42,Pauta pagada
O511960,2025-02-05,C102661,Oeste,2025-02-03,Moda,Camiseta básica,37.12,1,0.0,37.12,Directo
O505308,2025-02-05,C102565,Norte,2025-02-04,Electrónica,Parlante portátil,32.04,3,0.0,96.12,Directo
O500949,2025-02-05,C100333,Norte,2025-01-19,Belleza,Perfume,8.01,1,0.15,8.01,Orgánico
O502537,2025-02-05,C100638,Norte,2025-01-06,Hogar,Difusor aromas,51.63,1,0.0,51.63,Directo
O508896,2025-02-06,C102731,Centro,2025-01-23,Belleza,Serum facial,19.93,2,0.1,39.86,Directo
O510285,2025-02-06,C102271,Norte,2025-01-17,Belleza,Serum facial,22.15,3,0.0,66.45,Redes sociales
O501591,2025-02-06,C101831,Sur,2025-02-03,Electrónica,Parlante portátil,32.04,2,0.0,64.08,Orgánico
O515393,2025-02-06,C102071,Norte,2025-01-13,Hogar,Difusor aromas,46.47,2,0.1,92.94,Redes sociales
O513237,2025-02-06,C103030,Oeste,2025-02-01,Hogar,Set de sábanas,28.34,2,0.15,56.68,Orgánico
O514467,2025-02-07,C103092,Sur,2025-02-06,Moda,Gorra,35.62,1,0.1,35.62,Orgánico
O513325,2025-02-07,C101618,Oeste,2025-01-12,Moda,Tenis running,28.91,3,0.0,86.73,Redes sociales
O510337,2025-02-07,C102228,Sur,2025-01-29,Belleza,Perfume,8.01,1,0.15,8.01,Directo
O510281,2025-02-08,C100101,Este,2025-01-17,Hogar,Set de sábanas,33.34,3,0.0,100.02,Orgánico
O515124,2025-02-08,C102202,Oeste,2025-02-04,Deportes,Banda resistencia,35.09,2,0.0,70.18,Pauta pagada
O512795,2025-02-09,C102228,Sur,2025-01-29,Hogar,Set de sábanas,30.01,1,0.1,30.01,Orgánico
O503586,2025-02-09,C101285,Centro,2025-01-12,Hogar,Lámpara LED,58.38,2,0.0,116.76,Email
O503034,2025-02-09,C103148,Oeste,2025-01-03,Electrónica,Smartwatch,88.17,1,0.0,88.17,Directo
O510300,2025-02-09,C101402,Este,2025-01-19,Electrónica,Cargador rápido,36.39,2,0.15,72.78,Pauta pagada
O507264,2025-02-09,C102614,Este,2025-02-01,Deportes,Guantes gym,11.66,1,0.0,11.66,Email
O514639,2025-02-09,C102731,Centro,2025-01-23,Moda,Tenis running,28.91,1,0.0,28.91,Directo
O501497,2025-02-09,C100771,Centro,2025-01-27,Belleza,Set de brochas,17.05,1,0.0,17.05,Orgánico
O511168,2025-02-10,C101100,Centro,2025-01-23,Moda,Camiseta básica,37.12,1,0.0,37.12,Redes sociales
O513694,2025-02-10,C102431,Oeste,2025-02-06,Hogar,Set de sábanas,33.34,2,0.0,66.68,Email
O503979,2025-02-10,C100332,Este,2025-02-08,Hogar,Lámpara LED,49.62,3,0.15,148.86,Redes sociales
O515109,2025-02-10,C103258,Este,2025-01-22,Moda,Tenis running,24.57,2,0.15,49.14,Pauta pagada
O505735,2025-02-11,C101237,Centro,2025-01-01,Belleza,Shampoo reparador,8.54,2,0.2,17.08,Orgánico
O500546,2025-02-11,C101658,Norte,2025-01-14,Hogar,Cortina blackout,29.37,1,0.0,29.37,Redes sociales
O502696,2025-02-11,C102071,Norte,2025-01-13,Deportes,Mancuernas ajustables,41.15,1,0.0,41.15,Pauta pagada
O508419,2025-02-12,C102940,Norte,2025-01-02,Hogar,Set de sábanas,30.01,1,0.1,30.01,Email
O516386,2025-02-12,C100770,Centro,2025-01-21,Deportes,Mancuernas ajustables,41.15,1,0.0,41.15,Pauta pagada
O500793,2025-02-12,C101556,Oeste,2025-01-04,Hogar,Organizador closet,16.5,1,0.0,16.5,Orgánico
O503919,2025-02-12,C102513,Centro,2025-01-14,Electrónica,Audífonos BT,65.74,1,0.1,65.74,Orgánico
O511699,2025-02-12,C100768,Centro,2025-01-16,Deportes,Banda resistencia,35.09,3,0.0,105.27,Pauta pagada
O515106,2025-02-12,C101108,Oeste,2025-02-07,Deportes,Yoga mat,46.1,3,0.0,138.3,Directo
O508462,2025-02-12,C103431,Centro,2025-01-12,Moda,Gorra,39.58,1,0.0,39.58,Email
O500865,2025-02-12,C103382,Este,2025-01-14,Belleza,Shampoo reparador,8.54,1,0.2,8.54,Redes sociales
O513578,2025-02-12,C102192,Oeste,2025-01-04,Deportes,Botella térmica,13.66,1,0.2,13.66,Redes sociales
O509755,2025-02-13,C102461,Norte,2025-01-09,Electrónica,Parlante portátil,32.04,1,0.0,32.04,Pauta pagada
O516401,2025-02-13,C103282,Oeste,2025-01-23,Hogar,Set de sábanas,33.34,2,0.0,66.68,Orgánico
O509023,2025-02-13,C101583,Norte,2025-01-27,Hogar,Difusor aromas,51.63,1,0.0,51.63,Directo
O510678,2025-02-13,C100597,Centro,2025-01-19,Hogar,Lámpara LED,52.54,2,0.1,105.08,Redes sociales
O513110,2025-02-13,C100594,Sur,2025-01-02,Deportes,Yoga mat,46.1,1,0.0,46.1,Email
O500773,2025-02-13,C101680,Centro,2025-02-02,Electrónica,Parlante portátil,25.63,2,0.2,51.26,Orgánico
O500854,2025-02-14,C103033,Oeste,2025-02-05,Moda,Mochila urbana,19.25,2,0.0,38.5,Orgánico
O504726,2025-02-14,C102633,Centro,2025-01-18,Hogar,Organizador closet,16.5,1,0.0,16.5,Orgánico
O509783,2025-02-14,C100159,Norte,2025-01-06,Belleza,Serum facial,22.15,1,0.0,22.15,Redes sociales
O506208,2025-02-14,C102461,Norte,2025-01-09,Moda,Tenis running,24.57,2,0.15,49.14,Orgánico
O511323,2025-02-15,C100185,Centro,2025-02-15,Deportes,Banda resistencia,35.09,2,0.0,70.18,Email
O511474,2025-02-15,C100209,Oeste,2025-02-08,Belleza,Serum facial,22.15,1,0.0,22.15,Orgánico
O510282,2025-02-15,C100648,Oeste,2025-01-26,Moda,Gorra,39.58,1,0.0,39.58,Pauta pagada
O511418,2025-02-15,C100623,Centro,2025-02-15,Belleza,Perfume,9.42,3,0.0,28.26,Pauta pagada
O501769,2025-02-15,C102278,Este,2025-02-01,Hogar,Cortina blackout,29.37,2,0.0,58.74,Email
O505969,2025-02-16,C103277,Este,2025-02-02,Belleza,Serum facial,22.15,1,0.0,22.15,Orgánico
O502402,2025-02-16,C102472,Centro,2025-02-11,Electrónica,Power bank,64.67,1,0.1,64.67,Directo
O504172,2025-02-16,C103310,Centro,2025-01-25,Electrónica,Cargador rápido,38.53,2,0.1,77.06,Orgánico
O508124,2025-02-16,C103112,Norte,2025-01-17,Belleza,Protector solar,10.84,2,0.0,21.68,Directo
O510263,2025-02-16,C100787,Sur,2025-01-06,Electrónica,Cargador rápido,42.81,1,0.0,42.81,Pauta pagada
O509399,2025-02-16,C100146,Norte,2025-01-17,Deportes,Yoga mat,46.1,2,0.0,92.2,Orgánico
O500985,2025-02-17,C100527,Centro,2025-02-13,Deportes,Banda resistencia,35.09,1,0.0,35.09,Pauta pagada
O514303,2025-02-17,C103277,Este,2025-02-02,Belleza,Perfume,9.42,2,0.0,18.84,Redes sociales
O513344,2025-02-17,C103246,Sur,2025-02-07,Moda,Mochila urbana,19.25,2,0.0,38.5,Pauta pagada
O500498,2025-02-17,C102372,Norte,2025-02-07,Hogar,Lámpara LED,58.38,1,0.0,58.38,Directo
O502167,2025-02-17,C100594,Sur,2025-01-02,Electrónica,Audífonos BT,73.05,1,0.0,73.05,Orgánico
O504093,2025-02-17,C101537,Este,2025-02-06,Moda,Gorra,39.58,1,0.0,39.58,Pauta pagada
O507620,2025-02-18,C102180,Centro,2025-02-18,Hogar,Cortina blackout,29.37,2,0.0,58.74,Directo
O502501,2025-02-18,C100768,Centro,2025-01-16,Moda,Mochila urbana,19.25,1,0.0,19.25,Redes sociales
O504298,2025-02-18,C100408,Centro,2025-01-27,Electrónica,Smartwatch,88.17,2,0.0,176.34,Pauta pagada
O514777,2025-02-18,C101212,Este,2025-01-18,Electrónica,Power bank,71.86,2,0.0,143.72,Pauta pagada
O500904,2025-02-18,C103092,Sur,2025-02-06,Moda,Mochila urbana,19.25,1,0.0,19.25,Directo
O515365,2025-02-18,C100579,Oeste,2025-01-11,Hogar,Difusor aromas,51.63,2,0.0,103.26,Redes sociales
O514534,2025-02-18,C102180,Centro,2025-02-18,Electrónica,Audífonos BT,73.05,1,0.0,73.05,Redes sociales
O501667,2025-02-19,C101285,Centro,2025-01-12,Deportes,Banda resistencia,35.09,1,0.0,35.09,Redes sociales
O500730,2025-02-19,C100560,Centro,2025-01-17,Hogar,Cortina blackout,23.5,1,0.2,23.5,Pauta pagada
O513634,2025-02-19,C100007,Este,2025-02-07,Moda,Camiseta básica,37.12,2,0.0,74.24,Pauta pagada
O504623,2025-02-20,C101981,Centro,2025-01-26,Electrónica,Parlante portátil,32.04,2,0.0,64.08,Redes sociales
O503625,2025-02-20,C100444,Centro,2025-02-02,Moda,Gorra,39.58,1,0.0,39.58,Pauta pagada
O514957,2025-02-20,C100527,Centro,2025-02-13,Belleza,Protector solar,10.84,3,0.0,32.52,Orgánico
O507265,2025-02-20,C101320,Sur,2025-01-29,Belleza,Shampoo reparador,10.68,1,0.0,10.68,Orgánico
O509315,2025-02-20,C101695,Centro,2025-02-13,Deportes,Mancuernas ajustables,34.98,2,0.15,69.96,Email
O515707,2025-02-20,C102997,Oeste,2025-02-02,Belleza,Set de brochas,17.05,1,0.0,17.05,Directo
O507472,2025-02-20,C102122,Este,2025-01-23,Electrónica,Audífonos BT,73.05,1,0.0,73.05,Orgánico
O507887,2025-02-20,C102018,Este,2025-02-13,Moda,Camiseta básica,29.7,3,0.2,89.1,Pauta pagada
O509250,2025-02-20,C101834,Centro,2025-02-17,Belleza,Shampoo reparador,10.68,2,0.0,21.36,Orgánico
O511970,2025-02-20,C103191,Oeste,2025-01-09,Hogar,Lámpara LED,58.38,1,0.0,58.38,Redes sociales
O514593,2025-02-20,C101158,Sur,2025-01-01,Hogar,Difusor aromas,51.63,3,0.0,154.89,Orgánico
O515737,2025-02-20,C102637,Centro,2025-01-24,Moda,Gorra,35.62,1,0.1,35.62,Pauta pagada
O513750,2025-02-20,C101662,Oeste,2025-01-02,Belleza,Protector solar,10.84,1,0.0,10.84,Orgánico
O500640,2025-02-20,C101576,Oeste,2025-02-08,Moda,Camiseta básica,37.12,3,0.0,111.36,Pauta pagada
O505813,2025-02-21,C100287,Sur,2025-02-12,Hogar,Set de sábanas,30.01,1,0.1,30.01,Email
O513716,2025-02-21,C102027,Centro,2025-01-19,Moda,Mochila urbana,16.36,1,0.15,16.36,Redes sociales
O502775,2025-02-21,C101354,Este,2025-02-15,Hogar,Lámpara LED,58.38,2,0.0,116.76,Orgánico
O512751,2025-02-21,C102237,Centro,2025-01-21,Deportes,Yoga mat,46.1,1,0.0,46.1,Orgánico
O507285,2025-02-21,C100697,Centro,2025-02-18,Belleza,Perfume,9.42,2,0.0,18.84,Redes sociales
O511641,2025-02-21,C100427,Este,2025-01-31,Belleza,Perfume,9.42,1,0.0,9.42,Pauta pagada
O504981,2025-02-22,C103119,Oeste,2025-02-13,Moda,Gorra,33.64,1,0.15,33.64,Pauta pagada
O510168,2025-02-22,C102088,Sur,2025-01-16,Hogar,Cortina blackout,26.43,1,0.1,26.43,Email
O508334,2025-02-22,C102299,Centro,2025-02-16,Electrónica,Cargador rápido,42.81,1,0.0,42.81,Pauta pagada
O506566,2025-02-22,C103436,Sur,2025-02-08,Belleza,Shampoo reparador,10.68,1,0.0,10.68,Orgánico
O516311,2025-02-22,C100448,Norte,2025-01-19,Belleza,Set de brochas,17.05,3,0.0,51.15,Directo
O508993,2025-02-22,C100419,Sur,2025-02-18,Hogar,Organizador closet,13.2,1,0.2,13.2,Pauta pagada
O501059,2025-02-22,C102161,Sur,2025-01-19,Hogar,Set de sábanas,30.01,2,0.1,60.02,Pauta pagada
O511849,2025-02-22,C100566,Norte,2025-01-16,Moda,Jeans slim,29.04,2,0.0,58.08,Redes sociales
O500685,2025-02-23,C100470,Norte,2025-02-20,Belleza,Serum facial,18.83,1,0.15,18.83,Orgánico
O513810,2025-02-23,C102255,Centro,2025-02-12,Moda,Tenis running,28.91,2,0.0,57.82,Orgánico
O508635,2025-02-23,C103310,Centro,2025-01-25,Belleza,Set de brochas,17.05,1,0.0,17.05,Directo
O512260,2025-02-23,C101205,Sur,2025-01-24,Belleza,Perfume,9.42,2,0.0,18.84,Redes sociales
O502464,2025-02-23,C102783,Oeste,2025-02-10,Hogar,Difusor aromas,51.63,1,0.0,51.63,Redes sociales
O509860,2025-02-23,C100593,Oeste,2025-01-14,Moda,Tenis running,28.91,1,0.0,28.91,Directo
O502852,2025-02-23,C101038,Oeste,2025-02-07,Electrónica,Cargador rápido,42.81,3,0.0,128.43,Directo
O500221,2025-02-24,C102605,Este,2025-01-29,Electrónica,Audífonos BT,73.05,1,0.0,73.05,Email
O511099,2025-02-24,C103248,Oeste,2025-02-14,Deportes,Banda resistencia,31.58,3,0.1,94.74,Orgánico
O510441,2025-02-24,C102274,Este,2025-01-23,Moda,Tenis running,28.91,2,0.0,57.82,Pauta pagada
O510491,2025-02-24,C100071,Norte,2025-02-09,Electrónica,Parlante portátil,32.04,1,0.0,32.04,Redes sociales
O514625,2025-02-24,C103284,Sur,2025-02-02,Deportes,Guantes gym,9.33,3,0.2,27.99,Directo
O505341,2025-02-25,C100209,Oeste,2025-02-08,Deportes,Banda resistencia,35.09,1,0.0,35.09,Orgánico
O504269,2025-02-25,C102572,Este,2025-02-16,Moda,Tenis running,23.13,1,0.2,23.13,Directo
O511142,2025-02-25,C100125,Centro,2025-02-04,Belleza,Set de brochas,17.05,2,0.0,34.1,Redes sociales
O504289,2025-02-25,C102910,Centro,2025-02-13,Belleza,Set de brochas,17.05,1,0.0,17.05,Orgánico
O501296,2025-02-25,C102510,Centro,2025-02-18,Deportes,Guantes gym,11.66,1,0.0,11.66,Redes sociales
O511037,2025-02-26,C101554,Centro,2025-02-16,Moda,Tenis running,28.91,2,0.0,57.82,Pauta pagada
O502566,2025-02-26,C101431,Norte,2025-01-05,Hogar,Cortina blackout,26.43,1,0.1,26.43,Directo
O500838,2025-02-26,C102953,Centro,2025-02-21,Belleza,Set de brochas,17.05,2,0.0,34.1,Orgánico
O511754,2025-02-26,C103369,Este,2025-02-01,Electrónica,Parlante portátil,32.04,2,0.0,64.08,Pauta pagada
O510312,2025-02-26,C101702,Sur,2025-01-27,Electrónica,Power bank,71.86,3,0.0,215.58,Directo
O503653,2025-02-27,C102885,Este,2025-01-06,Deportes,Mancuernas ajustables,41.15,2,0.0,82.3,Pauta pagada
O515855,2025-02-27,C100135,Norte,2025-02-14,Electrónica,Parlante portátil,32.04,1,0.0,32.04,Directo
O507615,2025-02-27,C100157,Sur,2025-02-22,Belleza,Serum facial,22.15,1,0.0,22.15,Directo
O510047,2025-02-27,C103286,Centro,2025-01-11,Electrónica,Power bank,71.86,2,0.0,143.72,Orgánico
O516214,2025-02-27,C102176,Oeste,2025-02-27,Belleza,Protector solar,9.21,1,0.15,9.21,Orgánico
O514389,2025-02-28,C103112,Norte,2025-01-17,Electrónica,Parlante portátil,32.04,3,0.0,96.12,Email
O514468,2025-02-28,C101887,Norte,2025-01-09,Moda,Jeans slim,26.14,3,0.1,78.42,Directo
O501360,2025-02-28,C100167,Oeste,2025-02-14,Deportes,Guantes gym,11.66,3,0.0,34.98,Directo
O501316,2025-02-28,C100139,Este,2025-02-25,Hogar,Organizador closet,16.5,1,0.0,16.5,Orgánico
O503929,2025-02-28,C102248,Sur,2025-01-12,Moda,Tenis running,26.02,2,0.1,52.04,Pauta pagada
O502744,2025-02-28,C100206,Norte,2025-02-24,Belleza,Protector solar,10.84,1,0.0,10.84,Orgánico
O509834,2025-02-28,C102189,Norte,2025-01-25,Belleza,Set de brochas,14.49,1,0.15,14.49,Email
O506667,2025-02-28,C100427,Este,2025-01-31,Electrónica,Power bank,71.86,2,0.0,143.72,Orgánico
O515341,2025-02-28,C100804,Sur,2025-01-28,Belleza,Set de brochas,17.05,2,0.0,34.1,Pauta pagada
O505971,2025-03-01,C100622,Norte,2025-02-11,Deportes,Banda resistencia,35.09,1,0.0,35.09,Orgánico
O508614,2025-03-01,C101971,Centro,2025-02-26,Deportes,Botella térmica,17.07,1,0.0,17.07,Email
O500300,2025-03-01,C101660,Centro,2025-01-28,Deportes,Botella térmica,15.36,2,0.1,30.72,Orgánico
O510216,2025-03-01,C102454,Centro,2025-01-26,Deportes,Guantes gym,9.91,1,0.15,9.91,Orgánico
O515456,2025-03-01,C102521,Norte,2025-01-15,Hogar,Cortina blackout,24.96,3,0.15,74.88,Directo
O505851,2025-03-01,C101328,Oeste,2025-02-11,Electrónica,Power bank,61.08,1,0.15,61.08,Pauta pagada
O514058,2025-03-01,C100848,Este,2025-01-16,Moda,Jeans slim,29.04,1,0.0,29.04,Pauta pagada
O516223,2025-03-01,C101043,Norte,2025-01-02,Electrónica,Power bank,57.49,2,0.2,114.98,Directo
O514291,2025-03-01,C102379,Centro,2025-01-15,Belleza,Perfume,9.42,1,0.0,9.42,Pauta pagada
O515739,2025-03-01,C100209,Oeste,2025-02-08,Belleza,Perfume,9.42,2,0.0,18.84,Orgánico
O505259,2025-03-02,C103084,Centro,2025-01-27,Moda,Jeans slim,26.14,2,0.1,52.28,Redes sociales
O514043,2025-03-02,C101620,Centro,2025-01-16,Deportes,Botella térmica,17.07,1,0.0,17.07,Pauta pagada
O514818,2025-03-02,C101230,Oeste,2025-02-25,Hogar,Cortina blackout,29.37,1,0.0,29.37,Redes sociales
O504262,2025-03-02,C101287,Norte,2025-02-10,Moda,Camiseta básica,37.12,1,0.0,37.12,Directo
O500364,2025-03-02,C101887,Norte,2025-01-09,Belleza,Serum facial,22.15,2,0.0,44.3,Pauta pagada
O510911,2025-03-03,C101431,Norte,2025-01-05,Moda,Tenis running,23.13,1,0.2,23.13,Redes sociales
O507975,2025-03-03,C103388,Centro,2025-01-31,Belleza,Shampoo reparador,10.68,1,0.0,10.68,Directo
O503617,2025-03-03,C100845,Este,2025-01-30,Moda,Camiseta básica,37.12,1,0.0,37.12,Redes sociales
O500510,2025-03-04,C103148,Oeste,2025-01-03,Deportes,Botella térmica,13.66,1,0.2,13.66,Orgánico
O503341,2025-03-04,C102553,Sur,2025-01-24,Moda,Mochila urbana,17.32,1,0.1,17.32,Directo
O510751,2025-03-04,C101844,Este,2025-03-01,Moda,Gorra,39.58,1,0.0,39.58,Directo
O513327,2025-03-04,C101556,Oeste,2025-01-04,Hogar,Lámpara LED,58.38,1,0.0,58.38,Pauta pagada
O511995,2025-03-04,C100929,Norte,2025-01-10,Electrónica,Power bank,71.86,2,0.0,143.72,Orgánico
O512669,2025-03-04,C101620,Centro,2025-01-16,Electrónica,Audífonos BT,62.09,1,0.15,62.09,Orgánico
O502403,2025-03-04,C101275,Norte,2025-01-18,Moda,Tenis running,28.91,1,0.0,28.91,Orgánico
O504432,2025-03-05,C100636,Este,2025-01-20,Belleza,Shampoo reparador,10.68,1,0.0,10.68,Orgánico
O501952,2025-03-05,C101644,Centro,2025-02-18,Belleza,Serum facial,22.15,2,0.0,44.3,Orgánico
O515782,2025-03-05,C102689,Norte,2025-03-03,Belleza,Perfume,9.42,1,0.0,9.42,Redes sociales
O502277,2025-03-05,C102051,Este,2025-02-22,Deportes,Yoga mat,39.18,1,0.15,39.18,Directo
O504198,2025-03-05,C103248,Oeste,2025-02-14,Moda,Mochila urbana,16.36,2,0.15,32.72,Pauta pagada
O508350,2025-03-05,C100114,Norte,2025-02-12,Belleza,Set de brochas,17.05,1,0.0,17.05,Orgánico
O509938,2025-03-05,C100452,Norte,2025-03-03,Hogar,Set de sábanas,33.34,3,0.0,100.02,Pauta pagada
O511036,2025-03-05,C101949,Centro,2025-03-03,Belleza,Shampoo reparador,10.68,2,0.0,21.36,Pauta pagada
O514605,2025-03-05,C101728,Sur,2025-01-21,Electrónica,Power bank,61.08,3,0.15,183.24,Directo
O515005,2025-03-05,C102089,Sur,2025-02-03,Electrónica,Cargador rápido,42.81,1,0.0,42.81,Email
O515966,2025-03-06,C101285,Centro,2025-01-12,Belleza,Serum facial,22.15,1,0.0,22.15,Redes sociales
O506730,2025-03-06,C103191,Oeste,2025-01-09,Moda,Tenis running,28.91,2,0.0,57.82,Email
O506114,2025-03-06,C102189,Norte,2025-01-25,Belleza,Shampoo reparador,10.68,3,0.0,32.04,Pauta pagada
O508231,2025-03-06,C101199,Centro,2025-02-07,Moda,Tenis running,28.91,3,0.0,86.73,Pauta pagada
O508512,2025-03-06,C102024,Norte,2025-03-06,Belleza,Set de brochas,17.05,1,0.0,17.05,Orgánico
O504505,2025-03-06,C100593,Oeste,2025-01-14,Moda,Tenis running,28.91,2,0.0,57.82,Orgánico
O515408,2025-03-06,C103248,Oeste,2025-02-14,Deportes,Guantes gym,11.66,1,0.0,11.66,Orgánico
O505850,2025-03-06,C101182,Norte,2025-03-04,Moda,Gorra,39.58,1,0.0,39.58,Redes sociales
O512247,2025-03-06,C103277,Este,2025-02-02,Electrónica,Smartwatch,88.17,2,0.0,176.34,Orgánico
O510430,2025-03-07,C100812,Oeste,2025-02-22,Moda,Jeans slim,23.23,3,0.2,69.69,Directo
O508959,2025-03-07,C102061,Sur,2025-01-25,Hogar,Lámpara LED,52.54,3,0.1,157.62,Orgánico
O507023,2025-03-07,C101604,Oeste,2025-02-08,Electrónica,Power bank,71.86,3,0.0,215.58,Directo
O503426,2025-03-07,C102541,Este,2025-02-26,Deportes,Yoga mat,41.49,2,0.1,82.98,Redes sociales
O512215,2025-03-07,C102308,Este,2025-01-12,Moda,Jeans slim,29.04,1,0.0,29.04,Email
O508308,2025-03-07,C100596,Centro,2025-02-27,Electrónica,Audífonos BT,73.05,1,0.0,73.05,Orgánico
O515744,2025-03-07,C100799,Oeste,2025-02-13,Electrónica,Cargador rápido,42.81,2,0.0,85.62,Directo
O502906,2025-03-08,C103317,Norte,2025-02-26,Hogar,Lámpara LED,52.54,1,0.1,52.54,Redes sociales
O500331,2025-03-08,C103148,Oeste,2025-01-03,Belleza,Set de brochas,17.05,2,0.0,34.1,Orgánico
O512794,2025-03-08,C101576,Oeste,2025-02-08,Deportes,Mancuernas ajustables,41.15,1,0.0,41.15,Orgánico
O509789,2025-03-08,C101070,Este,2025-02-11,Hogar,Cortina blackout,26.43,2,0.1,52.86,Redes sociales
O512158,2025-03-08,C101107,Norte,2025-02-19,Electrónica,Parlante portátil,32.04,1,0.0,32.04,Directo
O513115,2025-03-08,C101585,Este,2025-02-20,Deportes,Banda resistencia,35.09,2,0.0,70.18,Orgánico
O508679,2025-03-08,C101834,Centro,2025-02-17,Hogar,Organizador closet,14.85,2,0.1,29.7,Redes sociales
O511797,2025-03-08,C102521,Norte,2025-01-15,Hogar,Organizador closet,16.5,1,0.0,16.5,Orgánico
O507944,2025-03-08,C101273,Centro,2025-02-24,Deportes,Banda resistencia,35.09,2,0.0,70.18,Redes sociales
O506452,2025-03-08,C101620,Centro,2025-01-16,Deportes,Mancuernas ajustables,41.15,1,0.0,41.15,Redes sociales
O514616,2025-03-09,C100518,Norte,2025-02-21,Electrónica,Parlante portátil,32.04,1,0.0,32.04,Directo
O515057,2025-03-09,C100518,Norte,2025-02-21,Belleza,Protector solar,10.84,1,0.0,10.84,Pauta pagada
O516127,2025-03-09,C100775,Centro,2025-01-21,Belleza,Protector solar,10.84,2,0.0,21.68,Pauta pagada
O512487,2025-03-09,C100333,Norte,2025-01-19,Hogar,Cortina blackout,29.37,1,0.0,29.37,Orgánico
O508501,2025-03-09,C100330,Oeste,2025-02-04,Hogar,Organizador closet,13.2,3,0.2,39.6,Redes sociales
O512324,2025-03-09,C100452,Norte,2025-03-03,Deportes,Mancuernas ajustables,41.15,1,0.0,41.15,Directo
O506784,2025-03-09,C101680,Centro,2025-02-02,Electrónica,Cargador rápido,38.53,2,0.1,77.06,Pauta pagada
O506599,2025-03-09,C100423,Norte,2025-02-04,Moda,Gorra,39.58,2,0.0,79.16,Redes sociales
O503197,2025-03-09,C103102,Norte,2025-02-08,Electrónica,Cargador rápido,42.81,2,0.0,85.62,Redes sociales
O507486,2025-03-10,C100848,Este,2025-01-16,Moda,Gorra,35.62,1,0.1,35.62,Directo
O506645,2025-03-10,C103246,Sur,2025-02-07,Belleza,Protector solar,10.84,2,0.0,21.68,Orgánico
O507026,2025-03-10,C100289,Centro,2025-01-08,Moda,Mochila urbana,19.25,2,0.0,38.5,Orgánico
O508322,2025-03-10,C102953,Centro,2025-02-21,Electrónica,Power bank,71.86,1,0.0,71.86,Orgánico
O504165,2025-03-10,C101831,Sur,2025-02-03,Electrónica,Cargador rápido,34.25,3,0.2,102.75,Directo
O501767,2025-03-11,C100078,Centro,2025-02-21,Electrónica,Audífonos BT,73.05,1,0.0,73.05,Directo
O502001,2025-03-11,C101388,Este,2025-03-08,Hogar,Difusor aromas,43.89,1,0.15,43.89,Directo
O502666,2025-03-11,C100419,Sur,2025-02-18,Electrónica,Cargador rápido,42.81,1,0.0,42.81,Orgánico
O514669,2025-03-11,C100929,Norte,2025-01-10,Moda,Gorra,39.58,1,0.0,39.58,Pauta pagada
O509998,2025-03-12,C100281,Norte,2025-03-02,Deportes,Yoga mat,46.1,3,0.0,138.3,Orgánico
O515539,2025-03-12,C101675,Centro,2025-02-18,Belleza,Set de brochas,13.64,1,0.2,13.64,Redes sociales
O504750,2025-03-12,C102617,Centro,2025-02-27,Electrónica,Cargador rápido,42.81,1,0.0,42.81,Email
O511415,2025-03-12,C100575,Oeste,2025-02-03,Moda,Camiseta básica,33.41,3,0.1,100.23,Redes sociales
O515429,2025-03-12,C100771,Centro,2025-01-27,Moda,Gorra,39.58,2,0.0,79.16,Orgánico
O504929,2025-03-12,C102385,Centro,2025-01-10,Hogar,Organizador closet,16.5,1,0.0,16.5,Pauta pagada
O503437,2025-03-12,C102485,Sur,2025-02-20,Electrónica,Power bank,71.86,2,0.0,143.72,Pauta pagada
O503784,2025-03-12,C100572,Este,2025-02-19,Belleza,Protector solar,10.84,1,0.0,10.84,Orgánico
O514964,2025-03-13,C100265,Centro,2025-02-08,Belleza,Perfume,9.42,1,0.0,9.42,Directo
O503647,2025-03-13,C102837,Oeste,2025-03-06,Moda,Tenis running,28.91,3,0.0,86.73,Pauta pagada
O502921,2025-03-13,C103435,Este,2025-02-26,Deportes,Banda resistencia,35.09,1,0.0,35.09,Directo
O503030,2025-03-13,C103417,Centro,2025-03-08,Electrónica,Audífonos BT,73.05,1,0.0,73.05,Pauta pagada
O510758,2025-03-13,C101077,Norte,2025-01-31,Deportes,Yoga mat,46.1,3,0.0,138.3,Email
O506420,2025-03-13,C101820,Este,2025-03-11,Moda,Camiseta básica,37.12,1,0.0,37.12,Directo
O512367,2025-03-13,C101324,Centro,2025-02-24,Hogar,Cortina blackout,29.37,1,0.0,29.37,Orgánico
O500380,2025-03-13,C101556,Oeste,2025-01-04,Moda,Camiseta básica,37.12,2,0.0,74.24,Redes sociales
O502293,2025-03-14,C102706,Centro,2025-02-06,Electrónica,Parlante portátil,27.23,2,0.15,54.46,Redes sociales
O506390,2025-03-14,C102224,Centro,2025-02-08,Deportes,Banda resistencia,35.09,1,0.0,35.09,Orgánico
O503382,2025-03-14,C102202,Oeste,2025-02-04,Deportes,Mancuernas ajustables,41.15,1,0.0,41.15,Redes sociales
O504686,2025-03-14,C100281,Norte,2025-03-02,Deportes,Mancuernas ajustables,41.15,3,0.0,123.45,Email
O505746,2025-03-14,C102614,Este,2025-02-01,Moda,Mochila urbana,19.25,1,0.0,19.25,Orgánico
O505751,2025-03-14,C102846,Este,2025-03-05,Belleza,Shampoo reparador,10.68,2,0.0,21.36,Orgánico
O506859,2025-03-14,C103263,Sur,2025-02-21,Deportes,Yoga mat,46.1,2,0.0,92.2,Orgánico
O508298,2025-03-14,C100795,Oeste,2025-02-26,Deportes,Botella térmica,17.07,2,0.0,34.14,Redes sociales
O508416,2025-03-15,C101695,Centro,2025-02-13,Deportes,Botella térmica,17.07,1,0.0,17.07,Pauta pagada
O500031,2025-03-15,C100579,Oeste,2025-01-11,Hogar,Organizador closet,16.5,2,0.0,33.0,Directo
O507268,2025-03-15,C101684,Este,2025-02-23,Electrónica,Power bank,71.86,1,0.0,71.86,Pauta pagada
O501715,2025-03-15,C102461,Norte,2025-01-09,Electrónica,Parlante portátil,28.84,1,0.1,28.84,Directo
O511507,2025-03-15,C103317,Norte,2025-02-26,Deportes,Mancuernas ajustables,41.15,2,0.0,82.3,Redes sociales
O500005,2025-03-15,C100853,Sur,2025-02-24,Belleza,Set de brochas,14.49,2,0.15,28.98,Email
O512860,2025-03-15,C102364,Oeste,2025-02-08,Electrónica,Power bank,71.86,1,0.0,71.86,Redes sociales
O504603,2025-03-15,C102724,Sur,2025-01-07,Moda,Tenis running,23.13,1,0.2,23.13,Pauta pagada
O511794,2025-03-16,C100579,Oeste,2025-01-11,Electrónica,Smartwatch,88.17,1,0.0,88.17,Redes sociales
O509512,2025-03-16,C101993,Oeste,2025-02-10,Electrónica,Audífonos BT,73.05,1,0.0,73.05,Directo
O512585,2025-03-16,C100619,Centro,2025-01-15,Moda,Tenis running,28.91,1,0.0,28.91,Redes sociales
O511275,2025-03-16,C100372,Oeste,2025-03-02,Moda,Jeans slim,29.04,1,0.0,29.04,Redes sociales
O509107,2025-03-16,C103054,Sur,2025-02-13,Belleza,Protector solar,10.84,1,0.0,10.84,Orgánico
O501068,2025-03-16,C101154,Sur,2025-03-06,Moda,Jeans slim,23.23,1,0.2,23.23,Redes sociales
O503710,2025-03-16,C101660,Centro,2025-01-28,Deportes,Mancuernas ajustables,41.15,3,0.0,123.45,Orgánico
O509165,2025-03-16,C101920,Oeste,2025-01-08,Belleza,Protector solar,9.21,2,0.15,18.42,Pauta pagada
O508458,2025-03-16,C101202,Oeste,2025-01-19,Hogar,Organizador closet,16.5,1,0.0,16.5,Redes sociales
O509637,2025-03-16,C102454,Centro,2025-01-26,Belleza,Shampoo reparador,9.61,2,0.1,19.22,Pauta pagada
O504670,2025-03-17,C102640,Sur,2025-02-24,Hogar,Cortina blackout,29.37,2,0.0,58.74,Directo
O508286,2025-03-17,C101328,Oeste,2025-02-11,Deportes,Botella térmica,17.07,2,0.0,34.14,Directo
O503489,2025-03-17,C102783,Oeste,2025-02-10,Belleza,Perfume,9.42,1,0.0,9.42,Pauta pagada
O509905,2025-03-17,C101981,Centro,2025-01-26,Moda,Tenis running,28.91,3,0.0,86.73,Orgánico
O505116,2025-03-17,C100160,Centro,2025-03-05,Belleza,Serum facial,22.15,1,0.0,22.15,Directo
O503777,2025-03-17,C101160,Centro,2025-01-23,Hogar,Lámpara LED,58.38,1,0.0,58.38,Pauta pagada
O508199,2025-03-17,C101565,Sur,2025-02-10,Moda,Gorra,35.62,1,0.1,35.62,Orgánico
O502534,2025-03-17,C100647,Sur,2025-01-20,Belleza,Set de brochas,15.34,2,0.1,30.68,Orgánico
O516346,2025-03-17,C100454,Este,2025-02-17,Hogar,Lámpara LED,58.38,3,0.0,175.14,Pauta pagada
O502840,2025-03-17,C102008,Este,2025-01-01,Moda,Tenis running,28.91,3,0.0,86.73,Pauta pagada
O510170,2025-03-17,C100431,Este,2025-02-20,Electrónica,Parlante portátil,32.04,1,0.0,32.04,Email
O504891,2025-03-18,C100005,Este,2025-02-22,Hogar,Organizador closet,14.02,3,0.15,42.06,Email
O515640,2025-03-18,C101286,Centro,2025-02-26,Belleza,Set de brochas,13.64,2,0.2,27.28,Email
O504757,2025-03-18,C100987,Sur,2025-02-15,Belleza,Serum facial,22.15,3,0.0,66.45,Orgánico
O503597,2025-03-18,C100781,Sur,2025-03-05,Deportes,Mancuernas ajustables,41.15,1,0.0,41.15,Email
O513792,2025-03-18,C102080,Oeste,2025-01-24,Moda,Gorra,39.58,2,0.0,79.16,Pauta pagada
O509203,2025-03-18,C100114,Norte,2025-02-12,Belleza,Serum facial,22.15,1,0.0,22.15,Redes sociales
O507864,2025-03-18,C101662,Oeste,2025-01-02,Deportes,Mancuernas ajustables,41.15,3,0.0,123.45,Pauta pagada
O502896,2025-03-19,C100353,Norte,2025-02-19,Hogar,Cortina blackout,29.37,1,0.0,29.37,Pauta pagada
O515047,2025-03-19,C103311,Norte,2025-03-03,Hogar,Cortina blackout,24.96,2,0.15,49.92,Email
O501257,2025-03-19,C100566,Norte,2025-01-16,Moda,Jeans slim,29.04,2,0.0,58.08,Orgánico
O508029,2025-03-19,C101632,Centro,2025-03-06,Deportes,Banda resistencia,29.83,3,0.15,89.49,Directo
O506051,2025-03-19,C102057,Este,2025-02-26,Belleza,Protector solar,10.84,2,0.0,21.68,Redes sociales
O502589,2025-03-19,C100287,Sur,2025-02-12,Electrónica,Parlante portátil,32.04,3,0.0,96.12,Orgánico
O510571,2025-03-19,C102565,Norte,2025-02-04,Belleza,Serum facial,22.15,1,0.0,22.15,Email
O503464,2025-03-19,C103119,Oeste,2025-02-13,Moda,Mochila urbana,17.32,1,0.1,17.32,Orgánico
O506209,2025-03-19,C100118,Norte,2025-01-09,Hogar,Cortina blackout,23.5,1,0.2,23.5,Email
O515157,2025-03-19,C101444,Sur,2025-02-28,Moda,Tenis running,28.91,1,0.0,28.91,Pauta pagada
O505195,2025-03-19,C100770,Centro,2025-01-21,Hogar,Organizador closet,16.5,1,0.0,16.5,Orgánico
O502688,2025-03-19,C100250,Sur,2025-02-11,Electrónica,Parlante portátil,28.84,2,0.1,57.68,Directo
O504510,2025-03-20,C101155,Centro,2025-02-26,Moda,Jeans slim,29.04,1,0.0,29.04,Directo
O512757,2025-03-20,C102554,Norte,2025-03-04,Belleza,Set de brochas,17.05,1,0.0,17.05,Orgánico
O505847,2025-03-20,C103382,Este,2025-01-14,Deportes,Guantes gym,9.33,1,0.2,9.33,Email
O511385,2025-03-20,C101689,Centro,2025-03-17,Hogar,Set de sábanas,26.67,2,0.2,53.34,Email
O512645,2025-03-20,C103253,Centro,2025-03-15,Electrónica,Smartwatch,88.17,2,0.0,176.34,Pauta pagada
O504590,2025-03-21,C101820,Este,2025-03-11,Electrónica,Power bank,71.86,2,0.0,143.72,Email
O510922,2025-03-21,C100337,Centro,2025-02-06,Electrónica,Parlante portátil,32.04,3,0.0,96.12,Orgánico
O507545,2025-03-21,C100550,Centro,2025-01-05,Electrónica,Power bank,71.86,2,0.0,143.72,Directo
O511761,2025-03-21,C102491,Este,2025-02-05,Electrónica,Smartwatch,74.94,1,0.15,74.94,Orgánico
O513482,2025-03-21,C101829,Norte,2025-02-15,Moda,Tenis running,28.91,2,0.0,57.82,Directo
O511477,2025-03-21,C103355,Centro,2025-02-19,Electrónica,Audífonos BT,73.05,1,0.0,73.05,Redes sociales
O510889,2025-03-22,C102109,Sur,2025-03-18,Moda,Jeans slim,29.04,2,0.0,58.08,Redes sociales
O507078,2025-03-22,C101382,Sur,2025-02-03,Deportes,Botella térmica,15.36,2,0.1,30.72,Redes sociales
O512137,2025-03-22,C101231,Sur,2025-01-01,Belleza,Set de brochas,17.05,2,0.0,34.1,Email
O511725,2025-03-22,C101949,Centro,2025-03-03,Electrónica,Audífonos BT,73.05,1,0.0,73.05,Orgánico
O512406,2025-03-22,C100924,Centro,2025-01-04,Belleza,Shampoo reparador,10.68,2,0.0,21.36,Directo
O504460,2025-03-22,C100986,Este,2025-01-02,Deportes,Banda resistencia,28.07,2,0.2,56.14,Directo
O503510,2025-03-23,C100062,Oeste,2025-02-13,Moda,Mochila urbana,19.25,2,0.0,38.5,Orgánico
O509618,2025-03-23,C102302,Centro,2025-03-21,Electrónica,Parlante portátil,32.04,3,0.0,96.12,Pauta pagada
O503007,2025-03-23,C102340,Norte,2025-01-26,Hogar,Set de sábanas,28.34,2,0.15,56.68,Orgánico
O510383,2025-03-23,C101625,Este,2025-02-14,Deportes,Yoga mat,46.1,1,0.0,46.1,Redes sociales
O501894,2025-03-23,C102801,Norte,2025-03-05,Moda,Jeans slim,24.68,2,0.15,49.36,Redes sociales
O514638,2025-03-23,C100827,Sur,2025-03-02,Moda,Tenis running,28.91,3,0.0,86.73,Directo
O515487,2025-03-23,C102836,Sur,2025-03-08,Hogar,Set de sábanas,33.34,1,0.0,33.34,Redes sociales
O512398,2025-03-23,C100650,Norte,2025-01-02,Hogar,Lámpara LED,58.38,2,0.0,116.76,Directo
O502561,2025-03-23,C102308,Este,2025-01-12,Deportes,Botella térmica,14.51,2,0.15,29.02,Orgánico
O508302,2025-03-24,C102122,Este,2025-01-23,Electrónica,Parlante portátil,32.04,2,0.0,64.08,Orgánico
O513844,2025-03-24,C102930,Centro,2025-03-23,Belleza,Shampoo reparador,10.68,1,0.0,10.68,Redes sociales
O508906,2025-03-24,C103148,Oeste,2025-01-03,Electrónica,Cargador rápido,42.81,1,0.0,42.81,Redes sociales
O508890,2025-03-24,C102514,Oeste,2025-03-16,Deportes,Guantes gym,11.66,2,0.0,23.32,Orgánico
O502242,2025-03-24,C102836,Sur,2025-03-08,Electrónica,Cargador rápido,42.81,2,0.0,85.62,Directo
O516136,2025-03-24,C101487,Oeste,2025-02-06,Belleza,Serum facial,22.15,1,0.0,22.15,Orgánico
O506535,2025-03-24,C103193,Sur,2025-03-22,Hogar,Cortina blackout,29.37,1,0.0,29.37,Orgánico
O516060,2025-03-25,C102080,Oeste,2025-01-24,Deportes,Guantes gym,11.66,1,0.0,11.66,Orgánico
O506842,2025-03-25,C100477,Sur,2025-02-02,Electrónica,Smartwatch,70.54,1,0.2,70.54,Pauta pagada
O500683,2025-03-25,C101479,Este,2025-02-08,Deportes,Mancuernas ajustables,37.03,1,0.1,37.03,Directo
O515634,2025-03-25,C102379,Centro,2025-01-15,Hogar,Cortina blackout,29.37,3,0.0,88.11,Pauta pagada
O506381,2025-03-25,C103044,Este,2025-03-12,Hogar,Difusor aromas,51.63,3,0.0,154.89,Redes sociales
O509923,2025-03-25,C102176,Oeste,2025-02-27,Hogar,Organizador closet,16.5,1,0.0,16.5,Email
O515924,2025-03-26,C101160,Centro,2025-01-23,Deportes,Botella térmica,17.07,1,0.0,17.07,Directo
O503596,2025-03-26,C101028,Centro,2025-01-03,Hogar,Difusor aromas,51.63,1,0.0,51.63,Pauta pagada
O503575,2025-03-26,C100203,Sur,2025-01-10,Hogar,Difusor aromas,51.63,1,0.0,51.63,Pauta pagada
O504756,2025-03-26,C100146,Norte,2025-01-17,Belleza,Serum facial,22.15,1,0.0,22.15,Orgánico
O507111,2025-03-26,C102568,Centro,2025-02-16,Electrónica,Parlante portátil,27.23,1,0.15,27.23,Redes sociales
O512334,2025-03-26,C100324,Oeste,2025-01-03,Moda,Jeans slim,29.04,1,0.0,29.04,Orgánico
O508978,2025-03-26,C102902,Norte,2025-03-13,Moda,Gorra,35.62,2,0.1,71.24,Directo
O509629,2025-03-26,C100029,Oeste,2025-01-31,Hogar,Cortina blackout,24.96,2,0.15,49.92,Redes sociales
O513234,2025-03-26,C102345,Norte,2025-03-02,Belleza,Shampoo reparador,10.68,2,0.0,21.36,Pauta pagada
O507426,2025-03-26,C100316,Oeste,2025-03-25,Belleza,Serum facial,22.15,2,0.0,44.3,Redes sociales
O504186,2025-03-26,C100612,Centro,2025-02-13,Electrónica,Power bank,57.49,3,0.2,172.47,Orgánico
O507738,2025-03-26,C100659,Centro,2025-02-03,Hogar,Set de sábanas,33.34,2,0.0,66.68,Orgánico
O500563,2025-03-26,C101019,Centro,2025-01-18,Moda,Tenis running,28.91,1,0.0,28.91,Redes sociales
O506176,2025-03-26,C100861,Norte,2025-03-26,Moda,Jeans slim,29.04,2,0.0,58.08,Pauta pagada
O502172,2025-03-26,C100449,Sur,2025-02-04,Deportes,Yoga mat,46.1,2,0.0,92.2,Directo
O502125,2025-03-27,C100078,Centro,2025-02-21,Moda,Gorra,39.58,2,0.0,79.16,Orgánico
O509188,2025-03-27,C102819,Sur,2025-01-26,Belleza,Set de brochas,17.05,2,0.0,34.1,Redes sociales
O505154,2025-03-27,C100214,Este,2025-01-03,Hogar,Cortina blackout,26.43,1,0.1,26.43,Redes sociales
O508810,2025-03-27,C101426,Sur,2025-02-24,Hogar,Set de sábanas,33.34,3,0.0,100.02,Redes sociales
O505339,2025-03-27,C102742,Este,2025-03-12,Deportes,Banda resistencia,35.09,2,0.0,70.18,Orgánico
O509292,2025-03-27,C102118,Sur,2025-03-01,Hogar,Lámpara LED,58.38,1,0.0,58.38,Orgánico
O503407,2025-03-27,C100713,Este,2025-03-21,Electrónica,Smartwatch,88.17,1,0.0,88.17,Redes sociales
O507195,2025-03-28,C101113,Norte,2025-03-15,Electrónica,Cargador rápido,42.81,3,0.0,128.43,Pauta pagada
O509468,2025-03-28,C101964,Sur,2025-02-12,Deportes,Guantes gym,9.91,1,0.15,9.91,Pauta pagada
O506921,2025-03-28,C100594,Sur,2025-01-02,Moda,Gorra,39.58,2,0.0,79.16,Orgánico
O500011,2025-03-28,C101479,Este,2025-02-08,Hogar,Cortina blackout,24.96,2,0.15,49.92,Orgánico
O506161,2025-03-28,C100008,Centro,2025-03-05,Deportes,Mancuernas ajustables,41.15,3,0.0,123.45,Redes sociales
O515097,2025-03-28,C103287,Norte,2025-02-18,Hogar,Organizador closet,16.5,2,0.0,33.0,Pauta pagada
O515639,2025-03-28,C101252,Norte,2025-03-25,Moda,Camiseta básica,37.12,1,0.0,37.12,Redes sociales
O516226,2025-03-28,C101518,Norte,2025-01-25,Belleza,Perfume,9.42,2,0.0,18.84,Redes sociales
O514160,2025-03-28,C102529,Este,2025-01-17,Deportes,Mancuernas ajustables,41.15,2,0.0,82.3,Directo
O503453,2025-03-28,C103294,Sur,2025-01-14,Deportes,Banda resistencia,35.09,1,0.0,35.09,Orgánico
O510974,2025-03-29,C101359,Norte,2025-02-15,Hogar,Set de sábanas,26.67,1,0.2,26.67,Redes sociales
O504427,2025-03-29,C100784,Sur,2025-01-25,Deportes,Mancuernas ajustables,41.15,1,0.0,41.15,Redes sociales
O515867,2025-03-29,C102930,Centro,2025-03-23,Electrónica,Cargador rápido,42.81,1,0.0,42.81,Email
O515819,2025-03-29,C102115,Centro,2025-02-01,Moda,Camiseta básica,37.12,2,0.0,74.24,Redes sociales
O508116,2025-03-29,C101896,Centro,2025-03-06,Moda,Gorra,39.58,1,0.0,39.58,Redes sociales
O504442,2025-03-29,C101558,Sur,2025-02-02,Deportes,Mancuernas ajustables,41.15,1,0.0,41.15,Directo
O513667,2025-03-29,C102303,Oeste,2025-03-12,Electrónica,Power bank,71.86,3,0.0,215.58,Pauta pagada
O514377,2025-03-29,C102229,Centro,2025-02-19,Deportes,Banda resistencia,29.83,2,0.15,59.66,Pauta pagada
O500680,2025-03-29,C103263,Sur,2025-02-21,Electrónica,Parlante portátil,32.04,1,0.0,32.04,Orgánico
O500470,2025-03-29,C100770,Centro,2025-01-21,Hogar,Cortina blackout,29.37,1,0.0,29.37,Orgánico
O500711,2025-03-29,C101358,Norte,2025-03-28,Moda,Jeans slim,29.04,1,0.0,29.04,Redes sociales
O507242,2025-03-29,C101373,Centro,2025-01-07,Electrónica,Audífonos BT,73.05,3,0.0,219.15,Orgánico
O511550,2025-03-29,C103417,Centro,2025-03-08,Electrónica,Smartwatch,88.17,1,0.0,88.17,Orgánico
O509206,2025-03-29,C102778,Norte,2025-03-23,Hogar,Organizador closet,16.5,2,0.0,33.0,Orgánico
O511546,2025-03-29,C101038,Oeste,2025-02-07,Hogar,Organizador closet,16.5,1,0.0,16.5,Directo
O511543,2025-03-29,C102680,Centro,2025-03-05,Hogar,Lámpara LED,58.38,2,0.0,116.76,Pauta pagada
O505258,2025-03-29,C101158,Sur,2025-01-01,Belleza,Protector solar,10.84,2,0.0,21.68,Orgánico
O512680,2025-03-30,C101412,Este,2025-03-09,Moda,Mochila urbana,19.25,1,0.0,19.25,Pauta pagada
O506898,2025-03-30,C102260,Norte,2025-03-14,Deportes,Yoga mat,46.1,1,0.0,46.1,Redes sociales
O503961,2025-03-30,C100011,Norte,2025-03-04,Belleza,Perfume,9.42,2,0.0,18.84,Redes sociales
O504013,2025-03-30,C101702,Sur,2025-01-27,Hogar,Organizador closet,16.5,2,0.0,33.0,Directo
O513896,2025-03-30,C100870,Centro,2025-01-06,Deportes,Yoga mat,46.1,2,0.0,92.2,Redes sociales
O511110,2025-03-30,C100185,Centro,2025-02-15,Belleza,Shampoo reparador,10.68,2,0.0,21.36,Email
O511027,2025-03-30,C102431,Oeste,2025-02-06,Deportes,Mancuernas ajustables,41.15,2,0.0,82.3,Orgánico
O514633,2025-03-30,C102305,Centro,2025-02-07,Electrónica,Cargador rápido,36.39,1,0.15,36.39,Directo
O506941,2025-03-30,C100581,Oeste,2025-03-29,Moda,Tenis running,28.91,1,0.0,28.91,Pauta pagada
O513680,2025-03-30,C102024,Norte,2025-03-06,Moda,Camiseta básica,37.12,1,0.0,37.12,Directo
O511656,2025-03-30,C101568,Sur,2025-02-19,Hogar,Organizador closet,16.5,3,0.0,49.5,Orgánico
O506290,2025-03-31,C102637,Centro,2025-01-24,Deportes,Yoga mat,46.1,1,0.0,46.1,Directo
O509074,2025-03-31,C100133,Norte,2025-03-29,Belleza,Serum facial,22.15,1,0.0,22.15,Orgánico
O511422,2025-03-31,C100211,Sur,2025-02-21,Moda,Tenis running,28.91,2,0.0,57.82,Directo
O501511,2025-03-31,C102127,Centro,2025-02-20,Hogar,Organizador closet,16.5,1,0.0,16.5,Orgánico
O508588,2025-04-01,C102899,Norte,2025-02-09,Belleza,Set de brochas,17.05,3,0.0,51.15,Directo
O501339,2025-04-01,C100638,Norte,2025-01-06,Electrónica,Parlante portátil,32.04,2,0.0,64.08,Orgánico
O505112,2025-04-01,C102469,Centro,2025-03-01,Deportes,Yoga mat,46.1,1,0.0,46.1,Email
O512772,2025-04-01,C102012,Centro,2025-01-12,Hogar,Cortina blackout,29.37,3,0.0,88.11,Email
O512859,2025-04-01,C101236,Sur,2025-03-01,Hogar,Lámpara LED,58.38,1,0.0,58.38,Orgánico
O500229,2025-04-01,C102109,Sur,2025-03-18,Belleza,Protector solar,10.84,1,0.0,10.84,Directo
O509927,2025-04-01,C100622,Norte,2025-02-11,Belleza,Serum facial,22.15,1,0.0,22.15,Orgánico
O506506,2025-04-01,C103135,Sur,2025-04-01,Electrónica,Cargador rápido,42.81,2,0.0,85.62,Directo
O511893,2025-04-01,C102224,Centro,2025-02-08,Hogar,Lámpara LED,52.54,1,0.1,52.54,Pauta pagada
O500676,2025-04-02,C100989,Este,2025-01-15,Belleza,Serum facial,22.15,1,0.0,22.15,Orgánico
O511448,2025-04-02,C103279,Norte,2025-02-13,Belleza,Perfume,9.42,1,0.0,9.42,Orgánico
O507561,2025-04-02,C100560,Centro,2025-01-17,Belleza,Perfume,9.42,2,0.0,18.84,Redes sociales
O505910,2025-04-02,C103432,Sur,2025-03-20,Hogar,Lámpara LED,58.38,1,0.0,58.38,Directo
O508838,2025-04-02,C102635,Oeste,2025-02-26,Hogar,Difusor aromas,51.63,1,0.0,51.63,Email
O513814,2025-04-02,C102268,Sur,2025-02-22,Moda,Gorra,39.58,2,0.0,79.16,Orgánico
O502034,2025-04-02,C102541,Este,2025-02-26,Belleza,Set de brochas,17.05,2,0.0,34.1,Orgánico
O506216,2025-04-02,C101195,Norte,2025-01-14,Hogar,Set de sábanas,33.34,1,0.0,33.34,Redes sociales
O512876,2025-04-02,C100008,Centro,2025-03-05,Deportes,Botella térmica,17.07,3,0.0,51.21,Directo
O500146,2025-04-02,C103191,Oeste,2025-01-09,Belleza,Protector solar,10.84,1,0.0,10.84,Orgánico
O515942,2025-04-03,C103344,Norte,2025-04-01,Hogar,Lámpara LED,58.38,1,0.0,58.38,Email
O507326,2025-04-03,C102682,Centro,2025-03-01,Deportes,Yoga mat,36.88,2,0.2,73.76,Pauta pagada
O510204,2025-04-03,C100333,Norte,2025-01-19,Electrónica,Cargador rápido,42.81,3,0.0,128.43,Orgánico
O511502,2025-04-03,C100295,Este,2025-01-20,Belleza,Perfume,8.01,1,0.15,8.01,Directo
O504824,2025-04-03,C102229,Centro,2025-02-19,Belleza,Serum facial,22.15,1,0.0,22.15,Redes sociales
O509228,2025-04-03,C103253,Centro,2025-03-15,Moda,Jeans slim,29.04,1,0.0,29.04,Orgánico
O516005,2025-04-03,C103005,Norte,2025-03-10,Belleza,Shampoo reparador,10.68,2,0.0,21.36,Pauta pagada
O504382,2025-04-03,C102991,Sur,2025-03-17,Deportes,Guantes gym,11.66,2,0.0,23.32,Orgánico
O501500,2025-04-04,C103119,Oeste,2025-02-13,Electrónica,Smartwatch,88.17,3,0.0,264.51,Directo
O502677,2025-04-04,C100686,Oeste,2025-02-27,Moda,Jeans slim,29.04,1,0.0,29.04,Redes sociales
O507012,2025-04-04,C102027,Centro,2025-01-19,Electrónica,Audífonos BT,73.05,1,0.0,73.05,Redes sociales
O508214,2025-04-04,C100002,Sur,2025-03-10,Deportes,Yoga mat,41.49,1,0.1,41.49,Orgánico
O515266,2025-04-04,C103329,Norte,2025-01-29,Electrónica,Cargador rápido,42.81,1,0.0,42.81,Orgánico
O508351,2025-04-04,C101896,Centro,2025-03-06,Belleza,Perfume,8.01,1,0.15,8.01,Directo
O501804,2025-04-04,C102914,Oeste,2025-02-16,Hogar,Cortina blackout,29.37,3,0.0,88.11,Orgánico
O508329,2025-04-04,C100192,Centro,2025-02-18,Moda,Tenis running,28.91,3,0.0,86.73,Redes sociales
O512455,2025-04-05,C102929,Centro,2025-03-03,Electrónica,Power bank,71.86,1,0.0,71.86,Orgánico
O516414,2025-04-05,C100593,Oeste,2025-01-14,Belleza,Set de brochas,17.05,3,0.0,51.15,Orgánico
O509864,2025-04-05,C102682,Centro,2025-03-01,Moda,Jeans slim,26.14,3,0.1,78.42,Redes sociales
O508594,2025-04-05,C100434,Centro,2025-03-03,Electrónica,Audífonos BT,73.05,1,0.0,73.05,Redes sociales
O507057,2025-04-05,C101361,Centro,2025-02-22,Moda,Camiseta básica,37.12,2,0.0,74.24,Pauta pagada
O505569,2025-04-05,C100621,Oeste,2025-03-15,Electrónica,Smartwatch,88.17,1,0.0,88.17,Orgánico
O509536,2025-04-05,C101162,Norte,2025-04-02,Moda,Camiseta básica,37.12,2,0.0,74.24,Email
O511658,2025-04-05,C103044,Este,2025-03-12,Electrónica,Smartwatch,88.17,2,0.0,176.34,Orgánico
O510095,2025-04-05,C103400,Centro,2025-02-13,Hogar,Difusor aromas,51.63,1,0.0,51.63,Redes sociales
O508202,2025-04-05,C102568,Centro,2025-02-16,Electrónica,Cargador rápido,42.81,1,0.0,42.81,Pauta pagada
O511022,2025-04-06,C102813,Centro,2025-02-16,Moda,Camiseta básica,31.55,1,0.15,31.55,Pauta pagada
O504108,2025-04-06,C100621,Oeste,2025-03-15,Belleza,Shampoo reparador,9.08,3,0.15,27.24,Orgánico
O513196,2025-04-06,C100821,Centro,2025-03-18,Hogar,Lámpara LED,58.38,2,0.0,116.76,Redes sociales
O510296,2025-04-06,C100157,Sur,2025-02-22,Electrónica,Smartwatch,88.17,1,0.0,88.17,Pauta pagada
O501356,2025-04-06,C102966,Este,2025-01-02,Hogar,Cortina blackout,26.43,3,0.1,79.29,Email
O510431,2025-04-06,C103027,Norte,2025-03-31,Belleza,Perfume,9.42,1,0.0,9.42,Redes sociales
O506919,2025-04-06,C101831,Sur,2025-02-03,Belleza,Shampoo reparador,9.61,1,0.1,9.61,Orgánico
O502606,2025-04-06,C100606,Sur,2025-03-31,Belleza,Perfume,9.42,1,0.0,9.42,Redes sociales
O505278,2025-04-06,C102619,Sur,2025-03-17,Hogar,Difusor aromas,46.47,1,0.1,46.47,Orgánico
O503074,2025-04-06,C102833,Norte,2025-03-29,Belleza,Protector solar,10.84,2,0.0,21.68,Directo
O507946,2025-04-06,C100049,Sur,2025-01-08,Electrónica,Power bank,71.86,1,0.0,71.86,Email
O512681,2025-04-06,C102048,Centro,2025-03-23,Electrónica,Power bank,71.86,1,0.0,71.86,Directo
O509545,2025-04-06,C103352,Norte,2025-02-26,Electrónica,Audífonos BT,73.05,1,0.0,73.05,Directo
O501159,2025-04-06,C101781,Norte,2025-03-06,Belleza,Shampoo reparador,10.68,2,0.0,21.36,Orgánico
O513382,2025-04-06,C101751,Centro,2025-01-23,Belleza,Shampoo reparador,10.68,1,0.0,10.68,Directo
O516222,2025-04-06,C101983,Centro,2025-02-20,Electrónica,Audífonos BT,73.05,1,0.0,73.05,Redes sociales
O510183,2025-04-06,C100630,Norte,2025-02-01,Hogar,Difusor aromas,51.63,1,0.0,51.63,Directo
O504628,2025-04-07,C102078,Centro,2025-01-10,Deportes,Mancuernas ajustables,41.15,1,0.0,41.15,Redes sociales
O509368,2025-04-07,C102778,Norte,2025-03-23,Moda,Camiseta básica,37.12,3,0.0,111.36,Directo
O504778,2025-04-07,C101154,Sur,2025-03-06,Belleza,Shampoo reparador,10.68,2,0.0,21.36,Orgánico
O516285,2025-04-07,C102260,Norte,2025-03-14,Deportes,Banda resistencia,35.09,2,0.0,70.18,Pauta pagada
O514407,2025-04-07,C102048,Centro,2025-03-23,Moda,Camiseta básica,31.55,1,0.15,31.55,Pauta pagada
O507749,2025-04-07,C101951,Sur,2025-01-03,Belleza,Shampoo reparador,10.68,2,0.0,21.36,Redes sociales
O506962,2025-04-07,C102693,Oeste,2025-03-10,Electrónica,Cargador rápido,36.39,2,0.15,72.78,Redes sociales
O512422,2025-04-07,C102762,Oeste,2025-01-17,Hogar,Difusor aromas,51.63,1,0.0,51.63,Pauta pagada
O514693,2025-04-07,C102241,Oeste,2025-04-07,Deportes,Yoga mat,46.1,2,0.0,92.2,Redes sociales
O502121,2025-04-07,C100250,Sur,2025-02-11,Moda,Mochila urbana,19.25,1,0.0,19.25,Orgánico
O511946,2025-04-07,C101493,Norte,2025-01-09,Deportes,Banda resistencia,35.09,3,0.0,105.27,Email
O511492,2025-04-07,C100410,Norte,2025-03-06,Moda,Mochila urbana,19.25,1,0.0,19.25,Pauta pagada
O503412,2025-04-07,C100527,Centro,2025-02-13,Electrónica,Power bank,61.08,1,0.15,61.08,Redes sociales
O507001,2025-04-08,C100337,Centro,2025-02-06,Moda,Tenis running,28.91,1,0.0,28.91,Pauta pagada
O506328,2025-04-08,C101875,Norte,2025-04-04,Hogar,Organizador closet,14.85,1,0.1,14.85,Email
O515546,2025-04-08,C100419,Sur,2025-02-18,Electrónica,Power bank,71.86,2,0.0,143.72,Directo
O507637,2025-04-08,C102364,Oeste,2025-02-08,Deportes,Yoga mat,41.49,2,0.1,82.98,Redes sociales
O500821,2025-04-08,C103282,Oeste,2025-01-23,Belleza,Set de brochas,13.64,1,0.2,13.64,Redes sociales
O514904,2025-04-08,C100915,Centro,2025-02-08,Moda,Camiseta básica,37.12,1,0.0,37.12,Pauta pagada
O516291,2025-04-08,C101709,Centro,2025-03-10,Moda,Camiseta básica,37.12,2,0.0,74.24,Orgánico
O503792,2025-04-08,C101641,Oeste,2025-03-31,Electrónica,Power bank,71.86,3,0.0,215.58,Email
O504452,2025-04-08,C101512,Centro,2025-01-04,Deportes,Banda resistencia,35.09,1,0.0,35.09,Redes sociales
O511298,2025-04-08,C102449,Norte,2025-02-13,Belleza,Set de brochas,15.34,3,0.1,46.02,Directo
O513346,2025-04-08,C101447,Centro,2025-02-24,Hogar,Lámpara LED,58.38,2,0.0,116.76,Orgánico
O501790,2025-04-09,C103417,Centro,2025-03-08,Hogar,Lámpara LED,58.38,1,0.0,58.38,Orgánico
O502173,2025-04-09,C102672,Sur,2025-02-15,Hogar,Cortina blackout,26.43,2,0.1,52.86,Pauta pagada
O509051,2025-04-09,C103494,Sur,2025-03-30,Hogar,Difusor aromas,51.63,2,0.0,103.26,Redes sociales
O513094,2025-04-09,C103317,Norte,2025-02-26,Hogar,Lámpara LED,58.38,3,0.0,175.14,Orgánico
O508760,2025-04-09,C103092,Sur,2025-02-06,Moda,Mochila urbana,19.25,1,0.0,19.25,Email
O509540,2025-04-09,C101926,Norte,2025-02-08,Electrónica,Cargador rápido,42.81,1,0.0,42.81,Orgánico
O509340,2025-04-09,C102274,Este,2025-01-23,Deportes,Yoga mat,46.1,2,0.0,92.2,Directo
O508443,2025-04-09,C100493,Sur,2025-04-09,Hogar,Lámpara LED,58.38,1,0.0,58.38,Directo
O504268,2025-04-09,C100668,Sur,2025-04-03,Deportes,Botella térmica,17.07,3,0.0,51.21,Orgánico
O501911,2025-04-09,C101151,Sur,2025-03-30,Deportes,Guantes gym,11.66,3,0.0,34.98,Orgánico
O502135,2025-04-09,C101857,Oeste,2025-02-20,Electrónica,Cargador rápido,42.81,1,0.0,42.81,Email
O501682,2025-04-09,C102299,Centro,2025-02-16,Electrónica,Power bank,71.86,1,0.0,71.86,Directo
O513772,2025-04-09,C102717,Centro,2025-03-25,Electrónica,Smartwatch,88.17,1,0.0,88.17,Pauta pagada
O515086,2025-04-09,C101812,Centro,2025-02-24,Hogar,Organizador closet,14.85,1,0.1,14.85,Directo
O509132,2025-04-10,C102227,Oeste,2025-03-06,Belleza,Shampoo reparador,10.68,1,0.0,10.68,Email
O500569,2025-04-10,C103315,Oeste,2025-04-06,Deportes,Botella térmica,17.07,2,0.0,34.14,Directo
O512012,2025-04-10,C101631,Este,2025-04-07,Moda,Mochila urbana,19.25,1,0.0,19.25,Redes sociales
O510753,2025-04-10,C102572,Este,2025-02-16,Belleza,Perfume,9.42,1,0.0,9.42,Pauta pagada
O511086,2025-04-10,C101625,Este,2025-02-14,Hogar,Lámpara LED,58.38,1,0.0,58.38,Email
O515988,2025-04-10,C102170,Sur,2025-04-05,Electrónica,Smartwatch,70.54,3,0.2,211.62,Orgánico
O507546,2025-04-10,C101959,Sur,2025-02-20,Moda,Gorra,39.58,2,0.0,79.16,Directo
O516293,2025-04-10,C101320,Sur,2025-01-29,Moda,Gorra,39.58,2,0.0,79.16,Redes sociales
O513744,2025-04-10,C103071,Oeste,2025-03-01,Moda,Tenis running,24.57,1,0.15,24.57,Orgánico
O501488,2025-04-10,C101447,Centro,2025-02-24,Moda,Camiseta básica,37.12,1,0.0,37.12,Pauta pagada
O511049,2025-04-10,C103439,Sur,2025-03-03,Deportes,Mancuernas ajustables,41.15,3,0.0,123.45,Orgánico
O505150,2025-04-10,C101853,Centro,2025-02-17,Hogar,Lámpara LED,58.38,1,0.0,58.38,Pauta pagada
O507442,2025-04-11,C101368,Sur,2025-02-14,Moda,Mochila urbana,19.25,1,0.0,19.25,Orgánico
O502592,2025-04-11,C101969,Centro,2025-03-12,Electrónica,Smartwatch,88.17,2,0.0,176.34,Orgánico
O512418,2025-04-11,C102660,Norte,2025-02-10,Hogar,Cortina blackout,29.37,2,0.0,58.74,Orgánico
O506197,2025-04-11,C101294,Oeste,2025-03-26,Hogar,Lámpara LED,58.38,1,0.0,58.38,Email
O502603,2025-04-11,C101525,Norte,2025-02-17,Moda,Jeans slim,29.04,1,0.0,29.04,Redes sociales
O507783,2025-04-11,C100293,Sur,2025-03-05,Belleza,Serum facial,22.15,3,0.0,66.45,Orgánico
O501650,2025-04-11,C100661,Centro,2025-03-08,Electrónica,Parlante portátil,32.04,1,0.0,32.04,Redes sociales
O510330,2025-04-11,C100136,Sur,2025-01-25,Electrónica,Parlante portátil,32.04,2,0.0,64.08,Directo
O513897,2025-04-11,C102042,Este,2025-03-27,Moda,Camiseta básica,37.12,2,0.0,74.24,Orgánico
O512637,2025-04-11,C100636,Este,2025-01-20,Hogar,Organizador closet,13.2,1,0.2,13.2,Directo
O510353,2025-04-11,C100367,Sur,2025-04-08,Moda,Gorra,39.58,1,0.0,39.58,Redes sociales
O515117,2025-04-11,C101021,Centro,2025-02-09,Deportes,Banda resistencia,35.09,2,0.0,70.18,Orgánico
O509984,2025-04-11,C101693,Centro,2025-01-11,Moda,Mochila urbana,19.25,1,0.0,19.25,Redes sociales
O505409,2025-04-12,C102717,Centro,2025-03-25,Deportes,Guantes gym,11.66,3,0.0,34.98,Pauta pagada
O509473,2025-04-12,C100595,Este,2025-01-02,Electrónica,Parlante portátil,32.04,2,0.0,64.08,Pauta pagada
O508027,2025-04-12,C101997,Norte,2025-03-06,Hogar,Lámpara LED,58.38,1,0.0,58.38,Directo
O503687,2025-04-12,C103191,Oeste,2025-01-09,Deportes,Mancuernas ajustables,37.03,2,0.1,74.06,Directo
O508912,2025-04-12,C101233,Norte,2025-02-10,Deportes,Botella térmica,17.07,1,0.0,17.07,Directo
O501215,2025-04-12,C101554,Centro,2025-02-16,Deportes,Botella térmica,17.07,1,0.0,17.07,Redes sociales
O516092,2025-04-12,C103467,Centro,2025-04-02,Deportes,Botella térmica,17.07,2,0.0,34.14,Orgánico
O508688,2025-04-12,C103054,Sur,2025-02-13,Belleza,Serum facial,22.15,1,0.0,22.15,Pauta pagada
O505030,2025-04-12,C101745,Oeste,2025-01-01,Electrónica,Parlante portátil,28.84,1,0.1,28.84,Pauta pagada
O512488,2025-04-12,C100005,Este,2025-02-22,Belleza,Serum facial,22.15,3,0.0,66.45,Directo
O502422,2025-04-12,C101071,Sur,2025-04-11,Belleza,Set de brochas,17.05,2,0.0,34.1,Orgánico
O503319,2025-04-12,C102501,Centro,2025-01-30,Electrónica,Power bank,71.86,2,0.0,143.72,Redes sociales
O501718,2025-04-12,C102485,Sur,2025-02-20,Hogar,Lámpara LED,52.54,1,0.1,52.54,Orgánico
O513861,2025-04-12,C103033,Oeste,2025-02-05,Hogar,Lámpara LED,58.38,1,0.0,58.38,Pauta pagada
O509843,2025-04-13,C100267,Centro,2025-01-25,Deportes,Mancuernas ajustables,41.15,2,0.0,82.3,Orgánico
O505446,2025-04-13,C102938,Centro,2025-01-22,Hogar,Organizador closet,16.5,2,0.0,33.0,Directo
O506858,2025-04-13,C100216,Centro,2025-03-02,Belleza,Set de brochas,17.05,3,0.0,51.15,Orgánico
O509708,2025-04-13,C100588,Oeste,2025-01-06,Deportes,Mancuernas ajustables,41.15,1,0.0,41.15,Pauta pagada
O513213,2025-04-13,C100386,Centro,2025-03-27,Deportes,Botella térmica,15.36,1,0.1,15.36,Redes sociales
O513309,2025-04-13,C100160,Centro,2025-03-05,Moda,Mochila urbana,19.25,3,0.0,57.75,Directo
O504481,2025-04-13,C101986,Norte,2025-04-02,Moda,Tenis running,28.91,1,0.0,28.91,Pauta pagada
O504036,2025-04-13,C100162,Norte,2025-04-12,Belleza,Perfume,9.42,1,0.0,9.42,Pauta pagada
O502981,2025-04-13,C100281,Norte,2025-03-02,Moda,Camiseta básica,37.12,1,0.0,37.12,Redes sociales
O501887,2025-04-13,C101588,Sur,2025-03-23,Belleza,Shampoo reparador,10.68,1,0.0,10.68,Redes sociales
O511894,2025-04-13,C101359,Norte,2025-02-15,Deportes,Banda resistencia,35.09,1,0.0,35.09,Redes sociales
O504807,2025-04-13,C101182,Norte,2025-03-04,Moda,Tenis running,26.02,1,0.1,26.02,Directo
O503738,2025-04-14,C101014,Norte,2025-03-29,Hogar,Cortina blackout,29.37,1,0.0,29.37,Redes sociales
O508477,2025-04-14,C102852,Sur,2025-01-06,Belleza,Perfume,9.42,2,0.0,18.84,Orgánico
O512581,2025-04-14,C103063,Oeste,2025-03-24,Hogar,Difusor aromas,51.63,3,0.0,154.89,Directo
O515930,2025-04-14,C103102,Norte,2025-02-08,Moda,Jeans slim,29.04,2,0.0,58.08,Orgánico
O502578,2025-04-14,C101015,Norte,2025-01-14,Deportes,Guantes gym,9.33,2,0.2,18.66,Directo
O510583,2025-04-15,C102392,Centro,2025-03-16,Deportes,Mancuernas ajustables,41.15,3,0.0,123.45,Orgánico
O503614,2025-04-15,C103277,Este,2025-02-02,Hogar,Organizador closet,14.85,1,0.1,14.85,Redes sociales
O513613,2025-04-15,C102983,Norte,2025-01-02,Electrónica,Power bank,71.86,1,0.0,71.86,Orgánico
O501759,2025-04-15,C103275,Oeste,2025-03-19,Moda,Camiseta básica,37.12,2,0.0,74.24,Orgánico
O508254,2025-04-15,C101238,Oeste,2025-02-10,Belleza,Perfume,9.42,1,0.0,9.42,Pauta pagada
O516268,2025-04-15,C101987,Oeste,2025-04-09,Moda,Jeans slim,29.04,3,0.0,87.12,Pauta pagada
O514767,2025-04-15,C102271,Norte,2025-01-17,Belleza,Shampoo reparador,9.61,3,0.1,28.83,Pauta pagada
O512382,2025-04-15,C101056,Norte,2025-04-03,Belleza,Serum facial,22.15,2,0.0,44.3,Pauta pagada
O514935,2025-04-15,C101952,Sur,2025-01-15,Belleza,Shampoo reparador,10.68,1,0.0,10.68,Redes sociales
O514510,2025-04-15,C102134,Oeste,2025-03-09,Hogar,Cortina blackout,24.96,3,0.15,74.88,Directo
O507854,2025-04-15,C101388,Este,2025-03-08,Belleza,Shampoo reparador,9.08,3,0.15,27.24,Email
O500273,2025-04-16,C100871,Norte,2025-01-31,Moda,Gorra,39.58,1,0.0,39.58,Redes sociales
O514212,2025-04-16,C100011,Norte,2025-03-04,Belleza,Set de brochas,17.05,1,0.0,17.05,Orgánico
O503944,2025-04-16,C100770,Centro,2025-01-21,Moda,Mochila urbana,19.25,3,0.0,57.75,Directo
O500017,2025-04-16,C100402,Norte,2025-03-15,Belleza,Perfume,9.42,1,0.0,9.42,Pauta pagada
O505962,2025-04-16,C101453,Este,2025-03-14,Deportes,Banda resistencia,35.09,3,0.0,105.27,Email
O505488,2025-04-16,C102455,Norte,2025-04-14,Deportes,Botella térmica,17.07,2,0.0,34.14,Pauta pagada
O508482,2025-04-16,C103490,Centro,2025-03-24,Deportes,Guantes gym,11.66,2,0.0,23.32,Email
O514727,2025-04-16,C100834,Oeste,2025-03-15,Belleza,Protector solar,9.76,2,0.1,19.52,Orgánico
O510774,2025-04-16,C101275,Norte,2025-01-18,Moda,Tenis running,28.91,2,0.0,57.82,Orgánico
O503567,2025-04-16,C100964,Norte,2025-01-28,Hogar,Organizador closet,16.5,1,0.0,16.5,Redes sociales
O516133,2025-04-16,C100588,Oeste,2025-01-06,Belleza,Shampoo reparador,10.68,1,0.0,10.68,Directo
O515164,2025-04-16,C103030,Oeste,2025-02-01,Hogar,Set de sábanas,33.34,2,0.0,66.68,Redes sociales
O514817,2025-04-16,C103085,Norte,2025-03-25,Moda,Tenis running,28.91,1,0.0,28.91,Directo
O516298,2025-04-17,C101583,Norte,2025-01-27,Electrónica,Power bank,71.86,1,0.0,71.86,Email
O506009,2025-04-17,C102024,Norte,2025-03-06,Belleza,Perfume,9.42,2,0.0,18.84,Directo
O501225,2025-04-17,C101972,Centro,2025-01-10,Moda,Jeans slim,29.04,2,0.0,58.08,Pauta pagada
O505736,2025-04-17,C101144,Sur,2025-03-20,Deportes,Yoga mat,46.1,2,0.0,92.2,Directo
O512519,2025-04-17,C100572,Este,2025-02-19,Deportes,Yoga mat,46.1,1,0.0,46.1,Directo
O506389,2025-04-17,C100760,Este,2025-04-09,Belleza,Set de brochas,17.05,1,0.0,17.05,Redes sociales
O515880,2025-04-17,C100254,Norte,2025-04-11,Belleza,Perfume,8.48,1,0.1,8.48,Directo
O510919,2025-04-17,C100502,Oeste,2025-02-01,Moda,Camiseta básica,37.12,1,0.0,37.12,Orgánico
O508457,2025-04-17,C100088,Norte,2025-03-15,Hogar,Difusor aromas,51.63,3,0.0,154.89,Directo
O504948,2025-04-17,C102229,Centro,2025-02-19,Hogar,Organizador closet,16.5,3,0.0,49.5,Pauta pagada
O500647,2025-04-17,C102024,Norte,2025-03-06,Hogar,Set de sábanas,30.01,1,0.1,30.01,Orgánico
O500659,2025-04-17,C103168,Sur,2025-02-05,Moda,Camiseta básica,37.12,1,0.0,37.12,Orgánico
O507612,2025-04-17,C102407,Oeste,2025-04-09,Belleza,Shampoo reparador,10.68,2,0.0,21.36,Pauta pagada
O515281,2025-04-17,C102388,Centro,2025-02-25,Deportes,Yoga mat,46.1,3,0.0,138.3,Pauta pagada
O504152,2025-04-18,C100246,Norte,2025-02-13,Belleza,Protector solar,10.84,2,0.0,21.68,Redes sociales
O500284,2025-04-18,C103485,Oeste,2025-03-16,Moda,Mochila urbana,19.25,1,0.0,19.25,Redes sociales
O508296,2025-04-18,C101110,Sur,2025-01-31,Electrónica,Audífonos BT,73.05,2,0.0,146.1,Redes sociales
O513959,2025-04-18,C102529,Este,2025-01-17,Hogar,Lámpara LED,58.38,2,0.0,116.76,Orgánico
O507631,2025-04-18,C100651,Centro,2025-01-16,Belleza,Serum facial,17.72,2,0.2,35.44,Orgánico
O506793,2025-04-18,C100101,Este,2025-01-17,Belleza,Perfume,9.42,1,0.0,9.42,Email
O503829,2025-04-18,C101459,Sur,2025-03-19,Hogar,Set de sábanas,26.67,1,0.2,26.67,Orgánico
O504566,2025-04-18,C101569,Centro,2025-04-18,Hogar,Set de sábanas,28.34,3,0.15,85.02,Pauta pagada
O500258,2025-04-18,C102556,Centro,2025-04-16,Deportes,Banda resistencia,35.09,3,0.0,105.27,Orgánico
O514419,2025-04-19,C100227,Centro,2025-01-07,Electrónica,Smartwatch,88.17,2,0.0,176.34,Orgánico
O512622,2025-04-19,C101489,Sur,2025-03-16,Moda,Gorra,39.58,1,0.0,39.58,Directo
O507786,2025-04-19,C100659,Centro,2025-02-03,Hogar,Cortina blackout,29.37,2,0.0,58.74,Orgánico
O513639,2025-04-19,C100597,Centro,2025-01-19,Deportes,Yoga mat,46.1,1,0.0,46.1,Directo
O506363,2025-04-19,C101719,Norte,2025-02-25,Belleza,Shampoo reparador,10.68,1,0.0,10.68,Redes sociales
O502701,2025-04-19,C101056,Norte,2025-04-03,Electrónica,Power bank,64.67,1,0.1,64.67,Orgánico
O509076,2025-04-19,C100041,Oeste,2025-04-08,Belleza,Serum facial,22.15,3,0.0,66.45,Directo
O503869,2025-04-19,C101228,Centro,2025-03-26,Deportes,Botella térmica,17.07,1,0.0,17.07,Pauta pagada
O511012,2025-04-19,C103213,Centro,2025-01-19,Belleza,Protector solar,10.84,1,0.0,10.84,Redes sociales
O502472,2025-04-19,C100647,Sur,2025-01-20,Deportes,Yoga mat,46.1,1,0.0,46.1,Orgánico
O511577,2025-04-19,C101865,Norte,2025-03-15,Electrónica,Power bank,71.86,3,0.0,215.58,Directo
O506908,2025-04-20,C102245,Centro,2025-03-16,Electrónica,Audífonos BT,73.05,2,0.0,146.1,Directo
O503823,2025-04-20,C100408,Centro,2025-01-27,Deportes,Yoga mat,46.1,3,0.0,138.3,Orgánico
O510042,2025-04-20,C101762,Norte,2025-02-25,Deportes,Mancuernas ajustables,41.15,1,0.0,41.15,Pauta pagada
O509662,2025-04-20,C100076,Norte,2025-03-28,Moda,Tenis running,28.91,1,0.0,28.91,Email
O515659,2025-04-20,C100539,Este,2025-01-05,Belleza,Protector solar,10.84,1,0.0,10.84,Directo
O501615,2025-04-20,C100687,Centro,2025-02-24,Electrónica,Audífonos BT,62.09,1,0.15,62.09,Directo
O512188,2025-04-20,C101439,Sur,2025-02-04,Hogar,Lámpara LED,52.54,2,0.1,105.08,Pauta pagada
O508028,2025-04-20,C102113,Centro,2025-02-13,Deportes,Guantes gym,11.66,1,0.0,11.66,Pauta pagada
O506118,2025-04-20,C100444,Centro,2025-02-02,Hogar,Set de sábanas,28.34,3,0.15,85.02,Redes sociales
O510135,2025-04-20,C100508,Norte,2025-02-16,Moda,Camiseta básica,37.12,1,0.0,37.12,Pauta pagada
O510239,2025-04-20,C102455,Norte,2025-04-14,Moda,Mochila urbana,19.25,1,0.0,19.25,Pauta pagada
O500027,2025-04-20,C103476,Centro,2025-02-09,Deportes,Botella térmica,17.07,2,0.0,34.14,Email
O505236,2025-04-20,C101931,Oeste,2025-03-29,Hogar,Lámpara LED,58.38,1,0.0,58.38,Pauta pagada
O500954,2025-04-21,C102521,Norte,2025-01-15,Deportes,Banda resistencia,31.58,2,0.1,63.16,Pauta pagada
O516149,2025-04-21,C103456,Centro,2025-02-27,Moda,Mochila urbana,19.25,1,0.0,19.25,Pauta pagada
O505015,2025-04-21,C103220,Oeste,2025-03-23,Deportes,Yoga mat,39.18,1,0.15,39.18,Orgánico
O512553,2025-04-21,C101160,Centro,2025-01-23,Deportes,Banda resistencia,35.09,2,0.0,70.18,Email
O511344,2025-04-21,C102682,Centro,2025-03-01,Belleza,Protector solar,10.84,1,0.0,10.84,Orgánico
O510317,2025-04-21,C100863,Centro,2025-04-17,Belleza,Serum facial,22.15,2,0.0,44.3,Orgánico
O504428,2025-04-21,C103233,Este,2025-03-26,Electrónica,Parlante portátil,32.04,3,0.0,96.12,Orgánico
O513044,2025-04-21,C101855,Centro,2025-04-11,Belleza,Set de brochas,17.05,1,0.0,17.05,Pauta pagada
O505083,2025-04-21,C100976,Este,2025-02-09,Deportes,Mancuernas ajustables,41.15,2,0.0,82.3,Redes sociales
O507716,2025-04-21,C102848,Oeste,2025-03-08,Deportes,Yoga mat,41.49,1,0.1,41.49,Email
O511793,2025-04-21,C101565,Sur,2025-02-10,Belleza,Protector solar,9.76,1,0.1,9.76,Pauta pagada
O504491,2025-04-21,C102015,Norte,2025-02-04,Hogar,Lámpara LED,58.38,2,0.0,116.76,Redes sociales
O504407,2025-04-22,C102742,Este,2025-03-12,Hogar,Cortina blackout,29.37,2,0.0,58.74,Redes sociales
O514509,2025-04-22,C101568,Sur,2025-02-19,Hogar,Cortina blackout,29.37,3,0.0,88.11,Email
O503509,2025-04-22,C100978,Sur,2025-02-26,Moda,Tenis running,28.91,1,0.0,28.91,Orgánico
O507429,2025-04-22,C101401,Este,2025-01-07,Hogar,Organizador closet,16.5,1,0.0,16.5,Redes sociales
O500149,2025-04-22,C101267,Centro,2025-01-18,Hogar,Lámpara LED,52.54,1,0.1,52.54,Orgánico
O507056,2025-04-22,C101702,Sur,2025-01-27,Belleza,Shampoo reparador,10.68,1,0.0,10.68,Redes sociales
O503772,2025-04-22,C100216,Centro,2025-03-02,Deportes,Yoga mat,46.1,1,0.0,46.1,Redes sociales
O506830,2025-04-22,C101937,Oeste,2025-04-05,Belleza,Protector solar,10.84,2,0.0,21.68,Directo
O507720,2025-04-22,C100244,Sur,2025-04-16,Belleza,Set de brochas,14.49,2,0.15,28.98,Orgánico
O501825,2025-04-22,C101087,Norte,2025-04-19,Belleza,Protector solar,9.21,2,0.15,18.42,Orgánico
O504012,2025-04-22,C100499,Sur,2025-02-27,Moda,Jeans slim,29.04,2,0.0,58.08,Redes sociales
O512897,2025-04-22,C101283,Centro,2025-03-10,Belleza,Shampoo reparador,8.54,2,0.2,17.08,Directo
O505709,2025-04-22,C100203,Sur,2025-01-10,Deportes,Yoga mat,46.1,1,0.0,46.1,Pauta pagada
O515584,2025-04-23,C103452,Centro,2025-04-02,Moda,Gorra,39.58,3,0.0,118.74,Redes sociales
O514595,2025-04-23,C101774,Centro,2025-01-27,Moda,Camiseta básica,37.12,1,0.0,37.12,Pauta pagada
O502996,2025-04-23,C101625,Este,2025-02-14,Hogar,Lámpara LED,58.38,1,0.0,58.38,Orgánico
O512051,2025-04-23,C103002,Oeste,2025-02-27,Moda,Jeans slim,24.68,3,0.15,74.04,Directo
O505756,2025-04-23,C100199,Sur,2025-04-15,Deportes,Guantes gym,9.91,1,0.15,9.91,Orgánico
O508845,2025-04-23,C102308,Este,2025-01-12,Hogar,Organizador closet,16.5,1,0.0,16.5,Pauta pagada
O506863,2025-04-24,C103114,Norte,2025-02-28,Deportes,Guantes gym,10.49,1,0.1,10.49,Email
O500923,2025-04-24,C100082,Norte,2025-04-24,Electrónica,Parlante portátil,32.04,1,0.0,32.04,Email
O513496,2025-04-24,C101790,Este,2025-04-16,Moda,Tenis running,28.91,3,0.0,86.73,Email
O516077,2025-04-24,C100315,Norte,2025-03-28,Hogar,Lámpara LED,49.62,1,0.15,49.62,Orgánico
O505579,2025-04-24,C102603,Centro,2025-02-02,Electrónica,Smartwatch,88.17,1,0.0,88.17,Directo
O507321,2025-04-24,C100636,Este,2025-01-20,Moda,Tenis running,24.57,2,0.15,49.14,Orgánico
O507665,2025-04-24,C100781,Sur,2025-03-05,Deportes,Banda resistencia,31.58,1,0.1,31.58,Redes sociales
O515892,2025-04-24,C101685,Centro,2025-03-01,Deportes,Botella térmica,17.07,2,0.0,34.14,Orgánico
O508922,2025-04-24,C101588,Sur,2025-03-23,Belleza,Perfume,9.42,2,0.0,18.84,Orgánico
O508671,2025-04-24,C100510,Centro,2025-03-06,Deportes,Yoga mat,46.1,2,0.0,92.2,Orgánico
O503773,2025-04-24,C100227,Centro,2025-01-07,Belleza,Serum facial,19.93,3,0.1,59.79,Orgánico
O505856,2025-04-24,C101046,Norte,2025-04-06,Belleza,Set de brochas,15.34,1,0.1,15.34,Pauta pagada
O510127,2025-04-24,C101324,Centro,2025-02-24,Moda,Gorra,33.64,2,0.15,67.28,Redes sociales
O511350,2025-04-25,C102491,Este,2025-02-05,Belleza,Perfume,9.42,2,0.0,18.84,Directo
O512572,2025-04-25,C102026,Centro,2025-03-18,Hogar,Difusor aromas,51.63,1,0.0,51.63,Orgánico
O503795,2025-04-25,C102917,Sur,2025-04-08,Hogar,Difusor aromas,51.63,2,0.0,103.26,Directo
O511425,2025-04-25,C101737,Oeste,2025-03-19,Moda,Jeans slim,29.04,3,0.0,87.12,Redes sociales
O506870,2025-04-25,C102917,Sur,2025-04-08,Electrónica,Audífonos BT,73.05,2,0.0,146.1,Pauta pagada
O512447,2025-04-25,C102849,Norte,2025-04-10,Electrónica,Power bank,71.86,1,0.0,71.86,Orgánico
O504689,2025-04-25,C101725,Sur,2025-01-19,Moda,Gorra,35.62,2,0.1,71.24,Redes sociales
O516385,2025-04-25,C103162,Norte,2025-03-23,Deportes,Banda resistencia,31.58,1,0.1,31.58,Directo
O507275,2025-04-25,C103436,Sur,2025-02-08,Deportes,Guantes gym,11.66,1,0.0,11.66,Orgánico
O509914,2025-04-25,C100125,Centro,2025-02-04,Deportes,Banda resistencia,28.07,2,0.2,56.14,Email
O513988,2025-04-25,C102981,Este,2025-03-19,Belleza,Serum facial,22.15,1,0.0,22.15,Orgánico
O510880,2025-04-25,C100499,Sur,2025-02-27,Belleza,Perfume,8.01,3,0.15,24.03,Orgánico
O508834,2025-04-25,C100409,Norte,2025-04-16,Deportes,Botella térmica,17.07,1,0.0,17.07,Directo
O506268,2025-04-25,C103382,Este,2025-01-14,Electrónica,Cargador rápido,42.81,1,0.0,42.81,Directo
O507667,2025-04-26,C102476,Norte,2025-02-19,Belleza,Shampoo reparador,10.68,1,0.0,10.68,Directo
O504652,2025-04-26,C102500,Norte,2025-03-31,Moda,Camiseta básica,37.12,1,0.0,37.12,Orgánico
O515597,2025-04-26,C100185,Centro,2025-02-15,Hogar,Organizador closet,16.5,3,0.0,49.5,Redes sociales
O505216,2025-04-26,C103436,Sur,2025-02-08,Belleza,Shampoo reparador,10.68,2,0.0,21.36,Pauta pagada
O515499,2025-04-26,C101104,Centro,2025-03-22,Electrónica,Smartwatch,88.17,2,0.0,176.34,Directo
O501697,2025-04-26,C102379,Centro,2025-01-15,Belleza,Serum facial,22.15,1,0.0,22.15,Pauta pagada
O510609,2025-04-26,C100588,Oeste,2025-01-06,Belleza,Shampoo reparador,10.68,1,0.0,10.68,Directo
O515045,2025-04-27,C101585,Este,2025-02-20,Belleza,Protector solar,9.21,1,0.15,9.21,Email
O513166,2025-04-27,C101751,Centro,2025-01-23,Hogar,Set de sábanas,33.34,1,0.0,33.34,Redes sociales
O506019,2025-04-27,C100329,Sur,2025-02-07,Moda,Gorra,35.62,3,0.1,106.86,Orgánico
O515861,2025-04-27,C101365,Centro,2025-03-05,Deportes,Banda resistencia,35.09,1,0.0,35.09,Email
O501742,2025-04-27,C101395,Centro,2025-04-18,Electrónica,Power bank,64.67,1,0.1,64.67,Redes sociales
O504430,2025-04-27,C102928,Este,2025-03-20,Deportes,Yoga mat,46.1,1,0.0,46.1,Orgánico
O508156,2025-04-27,C101005,Norte,2025-01-31,Hogar,Organizador closet,16.5,1,0.0,16.5,Orgánico
O505448,2025-04-27,C102746,Centro,2025-04-21,Moda,Mochila urbana,19.25,2,0.0,38.5,Email
O514179,2025-04-27,C101046,Norte,2025-04-06,Belleza,Perfume,9.42,1,0.0,9.42,Redes sociales
O505880,2025-04-27,C103281,Sur,2025-01-27,Hogar,Lámpara LED,58.38,1,0.0,58.38,Redes sociales
O515644,2025-04-27,C101691,Centro,2025-04-03,Hogar,Cortina blackout,29.37,1,0.0,29.37,Redes sociales
O507415,2025-04-28,C102557,Centro,2025-04-24,Hogar,Difusor aromas,51.63,1,0.0,51.63,Orgánico
O505997,2025-04-28,C100333,Norte,2025-01-19,Deportes,Yoga mat,46.1,3,0.0,138.3,Orgánico
O511635,2025-04-28,C101002,Este,2025-01-28,Hogar,Lámpara LED,46.7,1,0.2,46.7,Pauta pagada
O516343,2025-04-28,C100687,Centro,2025-02-24,Deportes,Banda resistencia,35.09,2,0.0,70.18,Directo
O509533,2025-04-28,C102189,Norte,2025-01-25,Electrónica,Power bank,71.86,2,0.0,143.72,Directo
O501858,2025-04-28,C103308,Oeste,2025-03-03,Moda,Gorra,39.58,1,0.0,39.58,Orgánico
O509571,2025-04-28,C100550,Centro,2025-01-05,Belleza,Serum facial,19.93,2,0.1,39.86,Orgánico
O504383,2025-04-28,C101450,Centro,2025-04-07,Deportes,Guantes gym,11.66,3,0.0,34.98,Email
O513028,2025-04-28,C101487,Oeste,2025-02-06,Moda,Mochila urbana,19.25,3,0.0,57.75,Pauta pagada
O503654,2025-04-28,C101987,Oeste,2025-04-09,Electrónica,Parlante portátil,32.04,2,0.0,64.08,Redes sociales
O507803,2025-04-28,C101155,Centro,2025-02-26,Belleza,Perfume,8.01,3,0.15,24.03,Directo
O506446,2025-04-28,C100607,Norte,2025-01-21,Electrónica,Smartwatch,88.17,2,0.0,176.34,Redes sociales
O501218,2025-04-28,C100604,Centro,2025-04-16,Electrónica,Cargador rápido,38.53,1,0.1,38.53,Orgánico
O503664,2025-04-28,C101728,Sur,2025-01-21,Deportes,Yoga mat,46.1,1,0.0,46.1,Email
O503706,2025-04-29,C100012,Norte,2025-04-20,Electrónica,Audífonos BT,73.05,2,0.0,146.1,Pauta pagada
O508681,2025-04-29,C102179,Centro,2025-04-09,Moda,Mochila urbana,15.4,1,0.2,15.4,Directo
O506747,2025-04-29,C100873,Este,2025-03-30,Hogar,Difusor aromas,51.63,1,0.0,51.63,Directo
O506388,2025-04-29,C102407,Oeste,2025-04-09,Belleza,Perfume,9.42,1,0.0,9.42,Email
O510309,2025-04-29,C101629,Centro,2025-02-06,Hogar,Organizador closet,16.5,1,0.0,16.5,Pauta pagada
O510857,2025-04-29,C100075,Centro,2025-03-26,Electrónica,Power bank,71.86,1,0.0,71.86,Orgánico
O513515,2025-04-29,C103491,Este,2025-04-21,Moda,Camiseta básica,37.12,3,0.0,111.36,Pauta pagada
O510495,2025-04-29,C102406,Sur,2025-01-22,Deportes,Yoga mat,46.1,1,0.0,46.1,Pauta pagada
O500253,2025-04-29,C100161,Centro,2025-03-25,Deportes,Botella térmica,13.66,2,0.2,27.32,Redes sociales
O505562,2025-04-29,C100623,Centro,2025-02-15,Belleza,Set de brochas,17.05,1,0.0,17.05,Directo
O513764,2025-04-29,C102308,Este,2025-01-12,Hogar,Set de sábanas,30.01,3,0.1,90.03,Orgánico
O504549,2025-04-29,C100292,Este,2025-03-13,Belleza,Serum facial,18.83,3,0.15,56.49,Redes sociales
O503554,2025-04-30,C100316,Oeste,2025-03-25,Electrónica,Parlante portátil,27.23,1,0.15,27.23,Redes sociales
O507169,2025-04-30,C101135,Sur,2025-03-27,Deportes,Yoga mat,41.49,1,0.1,41.49,Redes sociales
O501539,2025-04-30,C102367,Este,2025-01-20,Moda,Camiseta básica,37.12,1,0.0,37.12,Pauta pagada
O500943,2025-04-30,C100768,Centro,2025-01-16,Moda,Camiseta básica,37.12,1,0.0,37.12,Email
O502112,2025-04-30,C101149,Sur,2025-04-20,Belleza,Protector solar,10.84,1,0.0,10.84,Email
O510259,2025-04-30,C100091,Centro,2025-04-17,Hogar,Set de sábanas,33.34,3,0.0,100.02,Orgánico
O511324,2025-04-30,C100686,Oeste,2025-02-27,Moda,Mochila urbana,19.25,1,0.0,19.25,Directo
O512142,2025-04-30,C101765,Sur,2025-04-27,Belleza,Set de brochas,17.05,1,0.0,17.05,Redes sociales
O513940,2025-04-30,C103439,Sur,2025-03-03,Belleza,Serum facial,22.15,1,0.0,22.15,Orgánico
O505651,2025-05-01,C102095,Centro,2025-04-04,Deportes,Yoga mat,46.1,1,0.0,46.1,Orgánico
O510341,2025-05-01,C103490,Centro,2025-03-24,Deportes,Banda resistencia,35.09,2,0.0,70.18,Pauta pagada
O504504,2025-05-01,C102042,Este,2025-03-27,Deportes,Banda resistencia,35.09,3,0.0,105.27,Orgánico
O500212,2025-05-01,C103431,Centro,2025-01-12,Moda,Mochila urbana,16.36,2,0.15,32.72,Email
O504310,2025-05-01,C103063,Oeste,2025-03-24,Deportes,Mancuernas ajustables,34.98,1,0.15,34.98,Orgánico
O505136,2025-05-01,C102771,Centro,2025-02-17,Electrónica,Power bank,64.67,2,0.1,129.34,Directo
O513456,2025-05-01,C102021,Sur,2025-04-27,Moda,Camiseta básica,37.12,1,0.0,37.12,Orgánico
O514153,2025-05-01,C103248,Oeste,2025-02-14,Deportes,Guantes gym,9.33,1,0.2,9.33,Orgánico
O512446,2025-05-01,C100668,Sur,2025-04-03,Electrónica,Audífonos BT,73.05,1,0.0,73.05,Directo
O507562,2025-05-01,C102113,Centro,2025-02-13,Electrónica,Audífonos BT,73.05,1,0.0,73.05,Redes sociales
O512672,2025-05-01,C100185,Centro,2025-02-15,Electrónica,Smartwatch,79.35,1,0.1,79.35,Pauta pagada
O507528,2025-05-01,C101236,Sur,2025-03-01,Electrónica,Parlante portátil,32.04,1,0.0,32.04,Directo
O506180,2025-05-01,C100101,Este,2025-01-17,Electrónica,Cargador rápido,42.81,1,0.0,42.81,Orgánico
O509032,2025-05-01,C101324,Centro,2025-02-24,Deportes,Yoga mat,46.1,1,0.0,46.1,Pauta pagada
O506909,2025-05-01,C102449,Norte,2025-02-13,Moda,Mochila urbana,19.25,1,0.0,19.25,Pauta pagada
O504366,2025-05-01,C102496,Norte,2025-03-23,Electrónica,Audífonos BT,73.05,2,0.0,146.1,Orgánico
O510488,2025-05-01,C100863,Centro,2025-04-17,Electrónica,Cargador rápido,38.53,2,0.1,77.06,Pauta pagada
O512755,2025-05-01,C100030,Este,2025-04-11,Electrónica,Cargador rápido,42.81,1,0.0,42.81,Email
O515198,2025-05-01,C100419,Sur,2025-02-18,Hogar,Difusor aromas,51.63,3,0.0,154.89,Email
O503284,2025-05-02,C101738,Centro,2025-03-18,Hogar,Set de sábanas,33.34,1,0.0,33.34,Email
O503775,2025-05-02,C100742,Centro,2025-03-13,Belleza,Perfume,9.42,2,0.0,18.84,Orgánico
O500841,2025-05-02,C100527,Centro,2025-02-13,Electrónica,Smartwatch,88.17,2,0.0,176.34,Pauta pagada
O515461,2025-05-02,C101213,Este,2025-01-19,Hogar,Organizador closet,16.5,1,0.0,16.5,Directo
O510693,2025-05-02,C103092,Sur,2025-02-06,Electrónica,Smartwatch,88.17,2,0.0,176.34,Orgánico
O503327,2025-05-02,C102731,Centro,2025-01-23,Deportes,Yoga mat,41.49,2,0.1,82.98,Directo
O511742,2025-05-02,C102615,Este,2025-01-13,Hogar,Set de sábanas,28.34,3,0.15,85.02,Pauta pagada
O508567,2025-05-02,C100468,Sur,2025-03-28,Deportes,Botella térmica,17.07,1,0.0,17.07,Redes sociales
O505873,2025-05-02,C101110,Sur,2025-01-31,Deportes,Banda resistencia,29.83,2,0.15,59.66,Redes sociales
O501177,2025-05-02,C103329,Norte,2025-01-29,Hogar,Lámpara LED,58.38,2,0.0,116.76,Redes sociales
O500599,2025-05-02,C103276,Norte,2025-02-18,Belleza,Set de brochas,17.05,2,0.0,34.1,Orgánico
O501942,2025-05-02,C100168,Centro,2025-04-19,Deportes,Banda resistencia,35.09,3,0.0,105.27,Directo
O514760,2025-05-02,C103491,Este,2025-04-21,Electrónica,Audífonos BT,65.74,3,0.1,197.22,Orgánico
O503835,2025-05-02,C102253,Centro,2025-02-09,Hogar,Set de sábanas,33.34,1,0.0,33.34,Directo
O507840,2025-05-02,C103058,Sur,2025-01-09,Electrónica,Audífonos BT,73.05,1,0.0,73.05,Directo
O511927,2025-05-02,C103308,Oeste,2025-03-03,Deportes,Banda resistencia,35.09,2,0.0,70.18,Redes sociales
O500572,2025-05-02,C101431,Norte,2025-01-05,Deportes,Botella térmica,17.07,1,0.0,17.07,Directo
O512724,2025-05-02,C102912,Centro,2025-02-28,Belleza,Set de brochas,17.05,1,0.0,17.05,Pauta pagada
O506803,2025-05-03,C100412,Centro,2025-01-13,Moda,Tenis running,26.02,3,0.1,78.06,Directo
O503565,2025-05-03,C101755,Norte,2025-02-17,Hogar,Difusor aromas,51.63,1,0.0,51.63,Orgánico
O507628,2025-05-03,C103235,Norte,2025-01-10,Deportes,Mancuernas ajustables,41.15,1,0.0,41.15,Redes sociales
O507480,2025-05-03,C100368,Sur,2025-01-23,Moda,Gorra,39.58,2,0.0,79.16,Redes sociales
O507298,2025-05-03,C103451,Oeste,2025-03-26,Moda,Tenis running,28.91,3,0.0,86.73,Email
O501815,2025-05-03,C101439,Sur,2025-02-04,Moda,Jeans slim,29.04,2,0.0,58.08,Directo
O509213,2025-05-03,C102055,Este,2025-02-05,Deportes,Botella térmica,14.51,3,0.15,43.53,Orgánico
O504440,2025-05-03,C101532,Sur,2025-01-09,Moda,Gorra,39.58,1,0.0,39.58,Orgánico
O505057,2025-05-03,C102959,Sur,2025-03-27,Electrónica,Parlante portátil,32.04,1,0.0,32.04,Directo
O505784,2025-05-03,C101395,Centro,2025-04-18,Electrónica,Audífonos BT,73.05,1,0.0,73.05,Orgánico
O506924,2025-05-03,C101547,Oeste,2025-03-09,Hogar,Cortina blackout,24.96,1,0.15,24.96,Orgánico
O507081,2025-05-03,C102811,Sur,2025-04-23,Deportes,Guantes gym,11.66,1,0.0,11.66,Redes sociales
O507901,2025-05-03,C101618,Oeste,2025-01-12,Hogar,Cortina blackout,29.37,1,0.0,29.37,Redes sociales
O504784,2025-05-03,C101350,Centro,2025-04-21,Hogar,Set de sábanas,33.34,1,0.0,33.34,Directo
O508384,2025-05-04,C103005,Norte,2025-03-10,Electrónica,Power bank,71.86,1,0.0,71.86,Redes sociales
O501516,2025-05-04,C102678,Oeste,2025-03-09,Belleza,Set de brochas,15.34,2,0.1,30.68,Orgánico
O511457,2025-05-04,C102367,Este,2025-01-20,Electrónica,Power bank,61.08,2,0.15,122.16,Pauta pagada
O503797,2025-05-04,C101328,Oeste,2025-02-11,Electrónica,Cargador rápido,42.81,3,0.0,128.43,Redes sociales
O513312,2025-05-04,C100659,Centro,2025-02-03,Hogar,Cortina blackout,29.37,1,0.0,29.37,Redes sociales
O502026,2025-05-04,C101853,Centro,2025-02-17,Electrónica,Power bank,64.67,1,0.1,64.67,Directo
O508205,2025-05-04,C100557,Oeste,2025-02-10,Deportes,Yoga mat,36.88,2,0.2,73.76,Directo
O507024,2025-05-04,C103092,Sur,2025-02-06,Deportes,Yoga mat,41.49,1,0.1,41.49,Pauta pagada
O514004,2025-05-04,C103494,Sur,2025-03-30,Belleza,Shampoo reparador,10.68,3,0.0,32.04,Redes sociales
O505803,2025-05-04,C100064,Norte,2025-03-31,Electrónica,Cargador rápido,42.81,1,0.0,42.81,Redes sociales
O502138,2025-05-04,C100639,Sur,2025-04-09,Moda,Gorra,33.64,3,0.15,100.92,Pauta pagada
O503072,2025-05-04,C102172,Sur,2025-02-07,Belleza,Protector solar,8.67,1,0.2,8.67,Email
O514444,2025-05-04,C102946,Sur,2025-03-24,Deportes,Banda resistencia,35.09,3,0.0,105.27,Directo
O509741,2025-05-04,C102556,Centro,2025-04-16,Electrónica,Smartwatch,88.17,1,0.0,88.17,Redes sociales
O511060,2025-05-04,C103144,Este,2025-05-03,Electrónica,Parlante portátil,32.04,1,0.0,32.04,Directo
O503990,2025-05-05,C101110,Sur,2025-01-31,Electrónica,Cargador rápido,42.81,3,0.0,128.43,Redes sociales
O512980,2025-05-05,C102452,Centro,2025-03-22,Deportes,Botella térmica,17.07,1,0.0,17.07,Orgánico
O510265,2025-05-05,C101635,Centro,2025-03-07,Electrónica,Cargador rápido,42.81,2,0.0,85.62,Redes sociales
O508693,2025-05-05,C101942,Sur,2025-04-15,Belleza,Set de brochas,17.05,1,0.0,17.05,Orgánico
O516145,2025-05-05,C102010,Norte,2025-01-09,Belleza,Set de brochas,15.34,3,0.1,46.02,Redes sociales
O515839,2025-05-05,C100652,Centro,2025-03-21,Moda,Gorra,39.58,1,0.0,39.58,Directo
O509280,2025-05-05,C103274,Sur,2025-04-17,Hogar,Difusor aromas,51.63,1,0.0,51.63,Orgánico
O515290,2025-05-05,C101194,Este,2025-02-20,Moda,Tenis running,23.13,1,0.2,23.13,Redes sociales
O506014,2025-05-05,C100580,Este,2025-03-31,Moda,Mochila urbana,19.25,1,0.0,19.25,Redes sociales
O500157,2025-05-05,C102675,Norte,2025-03-08,Moda,Jeans slim,29.04,1,0.0,29.04,Email
O502444,2025-05-05,C101137,Centro,2025-04-29,Moda,Mochila urbana,19.25,2,0.0,38.5,Redes sociales
O504695,2025-05-05,C100637,Norte,2025-03-12,Electrónica,Parlante portátil,32.04,1,0.0,32.04,Pauta pagada
O515489,2025-05-05,C100082,Norte,2025-04-24,Deportes,Botella térmica,17.07,1,0.0,17.07,Pauta pagada
O511002,2025-05-05,C101560,Oeste,2025-03-31,Hogar,Set de sábanas,33.34,1,0.0,33.34,Pauta pagada
O514573,2025-05-05,C100566,Norte,2025-01-16,Electrónica,Cargador rápido,34.25,2,0.2,68.5,Email
O516327,2025-05-05,C102682,Centro,2025-03-01,Belleza,Perfume,9.42,1,0.0,9.42,Directo
O514348,2025-05-06,C101626,Oeste,2025-03-27,Moda,Camiseta básica,31.55,2,0.15,63.1,Directo
O516053,2025-05-06,C100337,Centro,2025-02-06,Electrónica,Cargador rápido,42.81,1,0.0,42.81,Orgánico
O505148,2025-05-06,C100056,Oeste,2025-04-21,Moda,Mochila urbana,19.25,1,0.0,19.25,Pauta pagada
O500723,2025-05-06,C100783,Norte,2025-04-25,Moda,Mochila urbana,19.25,2,0.0,38.5,Orgánico
O500472,2025-05-06,C101518,Norte,2025-01-25,Electrónica,Parlante portátil,32.04,1,0.0,32.04,Email
O509323,2025-05-06,C102008,Este,2025-01-01,Belleza,Serum facial,22.15,1,0.0,22.15,Orgánico
O503843,2025-05-06,C102544,Este,2025-01-26,Deportes,Botella térmica,17.07,1,0.0,17.07,Pauta pagada
O511810,2025-05-06,C100178,Centro,2025-01-10,Electrónica,Power bank,64.67,1,0.1,64.67,Orgánico
O508378,2025-05-06,C100804,Sur,2025-01-28,Moda,Jeans slim,29.04,1,0.0,29.04,Redes sociales
O501610,2025-05-06,C100333,Norte,2025-01-19,Belleza,Shampoo reparador,9.61,3,0.1,28.83,Redes sociales
O508493,2025-05-06,C102940,Norte,2025-01-02,Hogar,Set de sábanas,33.34,1,0.0,33.34,Orgánico
O508596,2025-05-06,C100118,Norte,2025-01-09,Deportes,Botella térmica,17.07,3,0.0,51.21,Directo
O509378,2025-05-06,C103233,Este,2025-03-26,Moda,Mochila urbana,19.25,2,0.0,38.5,Redes sociales
O502354,2025-05-06,C101311,Centro,2025-04-03,Belleza,Serum facial,22.15,2,0.0,44.3,Orgánico
O509263,2025-05-06,C103254,Centro,2025-01-07,Hogar,Lámpara LED,58.38,1,0.0,58.38,Orgánico
O504412,2025-05-06,C102055,Este,2025-02-05,Hogar,Difusor aromas,46.47,2,0.1,92.94,Redes sociales
O507766,2025-05-07,C103070,Centro,2025-02-01,Electrónica,Power bank,71.86,1,0.0,71.86,Redes sociales
O510096,2025-05-07,C101632,Centro,2025-03-06,Hogar,Lámpara LED,58.38,1,0.0,58.38,Redes sociales
O505073,2025-05-07,C101787,Centro,2025-01-15,Electrónica,Parlante portátil,32.04,1,0.0,32.04,Orgánico
O505133,2025-05-07,C101909,Este,2025-05-02,Hogar,Difusor aromas,51.63,1,0.0,51.63,Pauta pagada
O511008,2025-05-07,C102060,Sur,2025-04-13,Moda,Camiseta básica,33.41,1,0.1,33.41,Orgánico
O505809,2025-05-07,C101488,Oeste,2025-01-02,Moda,Mochila urbana,19.25,1,0.0,19.25,Orgánico
O511054,2025-05-07,C100885,Oeste,2025-01-22,Hogar,Cortina blackout,24.96,1,0.15,24.96,Directo
O505317,2025-05-07,C100871,Norte,2025-01-31,Hogar,Organizador closet,13.2,1,0.2,13.2,Pauta pagada
O504355,2025-05-07,C101354,Este,2025-02-15,Hogar,Organizador closet,16.5,1,0.0,16.5,Pauta pagada
O512957,2025-05-07,C100604,Centro,2025-04-16,Deportes,Guantes gym,11.66,2,0.0,23.32,Orgánico
O508026,2025-05-07,C102180,Centro,2025-02-18,Deportes,Banda resistencia,35.09,2,0.0,70.18,Directo
O500240,2025-05-07,C102414,Oeste,2025-03-20,Electrónica,Parlante portátil,28.84,2,0.1,57.68,Pauta pagada
O502974,2025-05-07,C101108,Oeste,2025-02-07,Electrónica,Audífonos BT,73.05,2,0.0,146.1,Redes sociales
O508984,2025-05-07,C101909,Este,2025-05-02,Belleza,Perfume,8.48,2,0.1,16.96,Orgánico
O515334,2025-05-08,C100329,Sur,2025-02-07,Moda,Tenis running,24.57,1,0.15,24.57,Pauta pagada
O509645,2025-05-08,C102689,Norte,2025-03-03,Belleza,Protector solar,10.84,2,0.0,21.68,Orgánico
O501729,2025-05-08,C100384,Este,2025-03-08,Hogar,Difusor aromas,51.63,1,0.0,51.63,Directo
O512498,2025-05-08,C103348,Norte,2025-04-14,Deportes,Mancuernas ajustables,41.15,3,0.0,123.45,Orgánico
O501132,2025-05-08,C102107,Oeste,2025-03-22,Moda,Jeans slim,29.04,1,0.0,29.04,Orgánico
O508249,2025-05-08,C100928,Oeste,2025-04-05,Electrónica,Audífonos BT,65.74,1,0.1,65.74,Pauta pagada
O513871,2025-05-08,C101849,Centro,2025-04-01,Belleza,Set de brochas,17.05,3,0.0,51.15,Orgánico
O505863,2025-05-08,C101956,Oeste,2025-02-19,Belleza,Protector solar,10.84,2,0.0,21.68,Orgánico
O504716,2025-05-08,C102776,Centro,2025-02-11,Hogar,Cortina blackout,29.37,1,0.0,29.37,Email
O514095,2025-05-08,C103308,Oeste,2025-03-03,Moda,Gorra,39.58,1,0.0,39.58,Redes sociales
O511431,2025-05-08,C101946,Oeste,2025-04-17,Moda,Tenis running,26.02,2,0.1,52.04,Redes sociales
O510209,2025-05-08,C101373,Centro,2025-01-07,Hogar,Set de sábanas,33.34,3,0.0,100.02,Orgánico
O509056,2025-05-08,C100203,Sur,2025-01-10,Moda,Jeans slim,23.23,1,0.2,23.23,Orgánico
O504004,2025-05-08,C102846,Este,2025-03-05,Belleza,Perfume,9.42,1,0.0,9.42,Orgánico
O505439,2025-05-08,C103162,Norte,2025-03-23,Electrónica,Audífonos BT,73.05,1,0.0,73.05,Directo
O509745,2025-05-08,C102395,Centro,2025-01-02,Belleza,Serum facial,22.15,2,0.0,44.3,Orgánico
O514175,2025-05-08,C102810,Sur,2025-04-01,Electrónica,Cargador rápido,36.39,1,0.15,36.39,Directo
O503422,2025-05-08,C100819,Centro,2025-01-04,Hogar,Difusor aromas,51.63,3,0.0,154.89,Pauta pagada
O504664,2025-05-08,C100178,Centro,2025-01-10,Moda,Jeans slim,29.04,2,0.0,58.08,Orgánico
O501196,2025-05-08,C100366,Norte,2025-04-02,Electrónica,Smartwatch,79.35,1,0.1,79.35,Redes sociales
O516369,2025-05-08,C102588,Centro,2025-03-20,Hogar,Cortina blackout,29.37,3,0.0,88.11,Pauta pagada
O512708,2025-05-08,C102119,Sur,2025-03-06,Deportes,Mancuernas ajustables,41.15,1,0.0,41.15,Redes sociales
O503651,2025-05-08,C102305,Centro,2025-02-07,Hogar,Set de sábanas,26.67,1,0.2,26.67,Orgánico
O505009,2025-05-09,C101412,Este,2025-03-09,Electrónica,Smartwatch,74.94,2,0.15,149.88,Orgánico
O501444,2025-05-09,C101742,Norte,2025-04-15,Hogar,Lámpara LED,58.38,2,0.0,116.76,Email
O516152,2025-05-09,C100986,Este,2025-01-02,Belleza,Serum facial,22.15,1,0.0,22.15,Directo
O500352,2025-05-09,C101405,Oeste,2025-03-26,Deportes,Banda resistencia,35.09,2,0.0,70.18,Orgánico
O513882,2025-05-09,C100701,Oeste,2025-04-22,Electrónica,Cargador rápido,38.53,2,0.1,77.06,Directo
O502207,2025-05-09,C103108,Norte,2025-03-10,Deportes,Botella térmica,17.07,1,0.0,17.07,Orgánico
O515072,2025-05-09,C102056,Oeste,2025-04-29,Belleza,Perfume,9.42,1,0.0,9.42,Orgánico
O512124,2025-05-09,C102180,Centro,2025-02-18,Moda,Camiseta básica,33.41,2,0.1,66.82,Directo
O508691,2025-05-09,C102553,Sur,2025-01-24,Deportes,Botella térmica,14.51,2,0.15,29.02,Directo
O508644,2025-05-09,C102109,Sur,2025-03-18,Belleza,Protector solar,10.84,1,0.0,10.84,Redes sociales
O513954,2025-05-09,C102089,Sur,2025-02-03,Moda,Gorra,33.64,2,0.15,67.28,Orgánico
O507255,2025-05-09,C101280,Sur,2025-02-02,Moda,Mochila urbana,17.32,2,0.1,34.64,Pauta pagada
O508843,2025-05-09,C103252,Norte,2025-04-24,Moda,Tenis running,28.91,2,0.0,57.82,Redes sociales
O516359,2025-05-10,C102541,Este,2025-02-26,Hogar,Difusor aromas,46.47,3,0.1,139.41,Pauta pagada
O506166,2025-05-10,C100936,Centro,2025-02-21,Belleza,Serum facial,22.15,1,0.0,22.15,Redes sociales
O506023,2025-05-10,C103114,Norte,2025-02-28,Electrónica,Power bank,57.49,3,0.2,172.47,Email
O500037,2025-05-10,C100979,Centro,2025-04-16,Electrónica,Smartwatch,79.35,1,0.1,79.35,Orgánico
O502278,2025-05-10,C103286,Centro,2025-01-11,Hogar,Lámpara LED,58.38,1,0.0,58.38,Email
O515204,2025-05-10,C100979,Centro,2025-04-16,Hogar,Difusor aromas,51.63,3,0.0,154.89,Redes sociales
O513493,2025-05-10,C101305,Centro,2025-03-01,Electrónica,Audífonos BT,73.05,3,0.0,219.15,Pauta pagada
O507399,2025-05-10,C100935,Norte,2025-04-23,Electrónica,Smartwatch,88.17,3,0.0,264.51,Redes sociales
O513833,2025-05-10,C101625,Este,2025-02-14,Electrónica,Parlante portátil,32.04,1,0.0,32.04,Email
O514756,2025-05-10,C103002,Oeste,2025-02-27,Electrónica,Audífonos BT,73.05,2,0.0,146.1,Redes sociales
O509849,2025-05-10,C101570,Sur,2025-04-25,Belleza,Set de brochas,17.05,2,0.0,34.1,Pauta pagada
O503747,2025-05-10,C103372,Norte,2025-05-01,Deportes,Yoga mat,46.1,3,0.0,138.3,Directo
O503888,2025-05-10,C100008,Centro,2025-03-05,Deportes,Yoga mat,41.49,1,0.1,41.49,Orgánico
O501066,2025-05-10,C101371,Sur,2025-01-02,Electrónica,Power bank,57.49,3,0.2,172.47,Directo
O508806,2025-05-10,C101292,Norte,2025-02-02,Moda,Jeans slim,29.04,3,0.0,87.12,Pauta pagada
O515219,2025-05-11,C101223,Sur,2025-03-17,Electrónica,Parlante portátil,32.04,3,0.0,96.12,Directo
O513420,2025-05-11,C101432,Norte,2025-01-13,Deportes,Botella térmica,13.66,1,0.2,13.66,Directo
O509800,2025-05-11,C100502,Oeste,2025-02-01,Moda,Gorra,33.64,1,0.15,33.64,Orgánico
O504892,2025-05-11,C102704,Norte,2025-04-12,Moda,Jeans slim,29.04,1,0.0,29.04,Redes sociales
O514209,2025-05-11,C100088,Norte,2025-03-15,Belleza,Set de brochas,15.34,1,0.1,15.34,Redes sociales
O509711,2025-05-11,C102412,Norte,2025-02-24,Hogar,Difusor aromas,43.89,2,0.15,87.78,Redes sociales
O507664,2025-05-11,C103097,Sur,2025-02-16,Moda,Camiseta básica,37.12,3,0.0,111.36,Orgánico
O515267,2025-05-11,C103156,Centro,2025-05-10,Deportes,Yoga mat,46.1,1,0.0,46.1,Redes sociales
O512765,2025-05-11,C100563,Este,2025-04-14,Belleza,Serum facial,22.15,3,0.0,66.45,Pauta pagada
O501429,2025-05-11,C102064,Norte,2025-03-24,Belleza,Perfume,9.42,2,0.0,18.84,Email
O500166,2025-05-11,C101359,Norte,2025-02-15,Moda,Camiseta básica,37.12,3,0.0,111.36,Orgánico
O501395,2025-05-11,C101112,Este,2025-05-09,Belleza,Set de brochas,17.05,1,0.0,17.05,Redes sociales
O507610,2025-05-11,C102678,Oeste,2025-03-09,Hogar,Organizador closet,16.5,2,0.0,33.0,Orgánico
O512030,2025-05-11,C102449,Norte,2025-02-13,Hogar,Set de sábanas,33.34,2,0.0,66.68,Directo
O505177,2025-05-11,C103274,Sur,2025-04-17,Deportes,Guantes gym,11.66,1,0.0,11.66,Orgánico
O512671,2025-05-11,C103363,Este,2025-01-28,Electrónica,Audífonos BT,65.74,1,0.1,65.74,Orgánico
O516289,2025-05-11,C102248,Sur,2025-01-12,Moda,Tenis running,26.02,1,0.1,26.02,Directo
O501673,2025-05-11,C102227,Oeste,2025-03-06,Deportes,Banda resistencia,35.09,1,0.0,35.09,Directo
O505822,2025-05-11,C103352,Norte,2025-02-26,Deportes,Guantes gym,11.66,2,0.0,23.32,Pauta pagada
O502489,2025-05-11,C101993,Oeste,2025-02-10,Deportes,Mancuernas ajustables,41.15,1,0.0,41.15,Pauta pagada
O514685,2025-05-11,C102483,Este,2025-03-20,Hogar,Difusor aromas,51.63,2,0.0,103.26,Pauta pagada
O501208,2025-05-12,C100784,Sur,2025-01-25,Hogar,Cortina blackout,29.37,1,0.0,29.37,Redes sociales
O508262,2025-05-12,C101006,Norte,2025-03-23,Moda,Tenis running,28.91,3,0.0,86.73,Email
O508211,2025-05-12,C100710,Este,2025-02-26,Hogar,Set de sábanas,33.34,1,0.0,33.34,Orgánico
O505394,2025-05-12,C100668,Sur,2025-04-03,Hogar,Organizador closet,14.02,1,0.15,14.02,Redes sociales
O510335,2025-05-12,C102260,Norte,2025-03-14,Belleza,Protector solar,10.84,1,0.0,10.84,Redes sociales
O512347,2025-05-12,C101728,Sur,2025-01-21,Deportes,Mancuernas ajustables,37.03,3,0.1,111.09,Redes sociales
O516084,2025-05-12,C100891,Este,2025-05-04,Hogar,Set de sábanas,26.67,1,0.2,26.67,Directo
O507313,2025-05-12,C101231,Sur,2025-01-01,Moda,Tenis running,28.91,2,0.0,57.82,Pauta pagada
O511749,2025-05-12,C101077,Norte,2025-01-31,Deportes,Yoga mat,46.1,2,0.0,92.2,Redes sociales
O511688,2025-05-12,C100596,Centro,2025-02-27,Hogar,Lámpara LED,58.38,1,0.0,58.38,Directo
O513941,2025-05-12,C100783,Norte,2025-04-25,Deportes,Botella térmica,17.07,1,0.0,17.07,Pauta pagada
O513994,2025-05-12,C101232,Oeste,2025-04-16,Electrónica,Cargador rápido,42.81,1,0.0,42.81,Orgánico
O515010,2025-05-12,C101402,Este,2025-01-19,Moda,Jeans slim,29.04,2,0.0,58.08,Redes sociales
O501956,2025-05-12,C102031,Centro,2025-05-09,Moda,Camiseta básica,37.12,3,0.0,111.36,Pauta pagada
O509390,2025-05-12,C103122,Este,2025-04-23,Electrónica,Parlante portátil,32.04,1,0.0,32.04,Pauta pagada
O510855,2025-05-12,C102104,Oeste,2025-04-23,Moda,Gorra,39.58,2,0.0,79.16,Pauta pagada
O505215,2025-05-12,C101532,Sur,2025-01-09,Moda,Tenis running,28.91,3,0.0,86.73,Redes sociales
O514383,2025-05-12,C100129,Norte,2025-04-06,Moda,Camiseta básica,31.55,2,0.15,63.1,Email
O503896,2025-05-12,C100941,Sur,2025-04-12,Deportes,Banda resistencia,35.09,1,0.0,35.09,Redes sociales
O509882,2025-05-12,C100726,Oeste,2025-02-04,Hogar,Lámpara LED,58.38,1,0.0,58.38,Pauta pagada
O500335,2025-05-12,C100078,Centro,2025-02-21,Moda,Jeans slim,29.04,2,0.0,58.08,Orgánico
O512206,2025-05-12,C102130,Norte,2025-03-07,Deportes,Yoga mat,46.1,1,0.0,46.1,Pauta pagada
O504865,2025-05-12,C101543,Norte,2025-04-12,Moda,Tenis running,28.91,1,0.0,28.91,Email
O516237,2025-05-12,C100168,Centro,2025-04-19,Deportes,Guantes gym,11.66,1,0.0,11.66,Orgánico
O502427,2025-05-12,C102170,Sur,2025-04-05,Electrónica,Cargador rápido,42.81,1,0.0,42.81,Pauta pagada
O501637,2025-05-12,C100168,Centro,2025-04-19,Electrónica,Smartwatch,70.54,1,0.2,70.54,Directo
O510719,2025-05-13,C102089,Sur,2025-02-03,Moda,Gorra,39.58,1,0.0,39.58,Redes sociales
O516118,2025-05-13,C101151,Sur,2025-03-30,Electrónica,Smartwatch,88.17,2,0.0,176.34,Orgánico
O512872,2025-05-13,C100036,Norte,2025-02-28,Moda,Gorra,39.58,3,0.0,118.74,Directo
O500454,2025-05-13,C100580,Este,2025-03-31,Hogar,Difusor aromas,51.63,1,0.0,51.63,Orgánico
O515726,2025-05-13,C101337,Centro,2025-01-29,Electrónica,Parlante portátil,28.84,1,0.1,28.84,Orgánico
O507763,2025-05-13,C102949,Este,2025-04-07,Moda,Mochila urbana,19.25,2,0.0,38.5,Orgánico
O501299,2025-05-13,C103451,Oeste,2025-03-26,Hogar,Set de sábanas,33.34,1,0.0,33.34,Orgánico
O515555,2025-05-13,C102959,Sur,2025-03-27,Belleza,Serum facial,18.83,2,0.15,37.66,Email
O509525,2025-05-13,C101356,Norte,2025-02-23,Deportes,Guantes gym,11.66,3,0.0,34.98,Orgánico
O502643,2025-05-13,C101310,Norte,2025-04-17,Deportes,Botella térmica,15.36,3,0.1,46.08,Orgánico
O512134,2025-05-13,C102254,Centro,2025-01-19,Electrónica,Cargador rápido,42.81,1,0.0,42.81,Pauta pagada
O511875,2025-05-13,C101439,Sur,2025-02-04,Electrónica,Power bank,71.86,1,0.0,71.86,Pauta pagada
O507930,2025-05-13,C101188,Centro,2025-04-27,Deportes,Banda resistencia,35.09,3,0.0,105.27,Pauta pagada
O503216,2025-05-13,C102620,Sur,2025-04-14,Hogar,Cortina blackout,29.37,2,0.0,58.74,Pauta pagada
O507228,2025-05-13,C100102,Centro,2025-04-20,Moda,Mochila urbana,19.25,2,0.0,38.5,Redes sociales
O504228,2025-05-13,C102836,Sur,2025-03-08,Deportes,Banda resistencia,35.09,1,0.0,35.09,Directo
O507217,2025-05-13,C100508,Norte,2025-02-16,Belleza,Perfume,9.42,3,0.0,28.26,Email
O509735,2025-05-13,C101002,Este,2025-01-28,Moda,Mochila urbana,17.32,1,0.1,17.32,Pauta pagada
O503962,2025-05-14,C100028,Norte,2025-01-24,Deportes,Guantes gym,11.66,1,0.0,11.66,Redes sociales
O508434,2025-05-14,C103148,Oeste,2025-01-03,Moda,Gorra,39.58,1,0.0,39.58,Directo
O512497,2025-05-14,C100130,Centro,2025-01-02,Hogar,Cortina blackout,29.37,3,0.0,88.11,Redes sociales
O511497,2025-05-14,C103292,Centro,2025-02-01,Belleza,Serum facial,19.93,3,0.1,59.79,Orgánico
O500548,2025-05-14,C102228,Sur,2025-01-29,Moda,Camiseta básica,37.12,3,0.0,111.36,Orgánico
O507889,2025-05-14,C100146,Norte,2025-01-17,Belleza,Set de brochas,17.05,2,0.0,34.1,Directo
O513521,2025-05-14,C103400,Centro,2025-02-13,Electrónica,Smartwatch,79.35,1,0.1,79.35,Redes sociales
O508837,2025-05-14,C103400,Centro,2025-02-13,Electrónica,Cargador rápido,42.81,1,0.0,42.81,Directo
O516379,2025-05-14,C101203,Oeste,2025-03-31,Deportes,Botella térmica,17.07,1,0.0,17.07,Orgánico
O511286,2025-05-14,C100674,Sur,2025-04-01,Deportes,Guantes gym,10.49,2,0.1,20.98,Directo
O509090,2025-05-14,C101576,Oeste,2025-02-08,Belleza,Shampoo reparador,10.68,1,0.0,10.68,Directo
O514005,2025-05-14,C102846,Este,2025-03-05,Hogar,Organizador closet,14.02,3,0.15,42.06,Directo
O502740,2025-05-14,C101926,Norte,2025-02-08,Electrónica,Parlante portátil,32.04,3,0.0,96.12,Directo
O510792,2025-05-14,C101952,Sur,2025-01-15,Electrónica,Parlante portátil,28.84,1,0.1,28.84,Directo
O501229,2025-05-14,C103400,Centro,2025-02-13,Moda,Gorra,33.64,1,0.15,33.64,Pauta pagada
O501675,2025-05-14,C100379,Centro,2025-05-14,Deportes,Guantes gym,11.66,1,0.0,11.66,Orgánico
O500829,2025-05-14,C101560,Oeste,2025-03-31,Hogar,Difusor aromas,51.63,2,0.0,103.26,Directo
O513080,2025-05-15,C102172,Sur,2025-02-07,Belleza,Set de brochas,14.49,3,0.15,43.47,Orgánico
O511687,2025-05-15,C102134,Oeste,2025-03-09,Hogar,Organizador closet,16.5,1,0.0,16.5,Orgánico
O507134,2025-05-15,C101005,Norte,2025-01-31,Electrónica,Audífonos BT,73.05,1,0.0,73.05,Email
O502064,2025-05-15,C100056,Oeste,2025-04-21,Belleza,Shampoo reparador,10.68,1,0.0,10.68,Pauta pagada
O502571,2025-05-15,C100059,Centro,2025-02-09,Electrónica,Smartwatch,88.17,2,0.0,176.34,Redes sociales
O504950,2025-05-15,C100799,Oeste,2025-02-13,Belleza,Set de brochas,17.05,3,0.0,51.15,Redes sociales
O514430,2025-05-15,C102685,Centro,2025-03-25,Hogar,Cortina blackout,24.96,1,0.15,24.96,Pauta pagada
O502572,2025-05-15,C101382,Sur,2025-02-03,Deportes,Banda resistencia,35.09,1,0.0,35.09,Pauta pagada
O505811,2025-05-15,C102345,Norte,2025-03-02,Hogar,Lámpara LED,52.54,1,0.1,52.54,Pauta pagada
O502888,2025-05-15,C102644,Sur,2025-04-06,Belleza,Shampoo reparador,9.08,3,0.15,27.24,Email
O501579,2025-05-15,C100545,Norte,2025-04-18,Deportes,Yoga mat,46.1,1,0.0,46.1,Pauta pagada
O516402,2025-05-15,C101431,Norte,2025-01-05,Electrónica,Parlante portátil,32.04,2,0.0,64.08,Directo
O510289,2025-05-15,C103423,Sur,2025-01-01,Electrónica,Power bank,71.86,1,0.0,71.86,Pauta pagada
O510614,2025-05-15,C102172,Sur,2025-02-07,Hogar,Difusor aromas,41.3,2,0.2,82.6,Email
O500695,2025-05-15,C101394,Norte,2025-02-18,Moda,Mochila urbana,19.25,2,0.0,38.5,Email
O516410,2025-05-15,C101587,Norte,2025-04-22,Belleza,Protector solar,10.84,2,0.0,21.68,Email
O513965,2025-05-15,C101432,Norte,2025-01-13,Hogar,Organizador closet,16.5,1,0.0,16.5,Redes sociales
O513755,2025-05-15,C103140,Sur,2025-04-03,Deportes,Botella térmica,17.07,1,0.0,17.07,Directo
O513863,2025-05-15,C101006,Norte,2025-03-23,Hogar,Lámpara LED,58.38,1,0.0,58.38,Redes sociales
O504523,2025-05-15,C102716,Este,2025-03-29,Belleza,Set de brochas,17.05,2,0.0,34.1,Redes sociales
O510928,2025-05-16,C102253,Centro,2025-02-09,Deportes,Botella térmica,17.07,1,0.0,17.07,Pauta pagada
O508265,2025-05-16,C102494,Este,2025-03-14,Deportes,Botella térmica,17.07,1,0.0,17.07,Directo
O514282,2025-05-16,C101569,Centro,2025-04-18,Electrónica,Cargador rápido,42.81,1,0.0,42.81,Orgánico
O516049,2025-05-16,C100064,Norte,2025-03-31,Deportes,Guantes gym,10.49,1,0.1,10.49,Orgánico
O503455,2025-05-16,C102143,Norte,2025-03-22,Electrónica,Parlante portátil,25.63,1,0.2,25.63,Pauta pagada
O512420,2025-05-16,C102689,Norte,2025-03-03,Hogar,Set de sábanas,33.34,3,0.0,100.02,Redes sociales
O510655,2025-05-16,C102027,Centro,2025-01-19,Deportes,Mancuernas ajustables,41.15,1,0.0,41.15,Orgánico
O510182,2025-05-16,C101841,Centro,2025-04-30,Moda,Jeans slim,29.04,1,0.0,29.04,Orgánico
O513470,2025-05-16,C101040,Norte,2025-03-27,Moda,Mochila urbana,19.25,3,0.0,57.75,Orgánico
O506295,2025-05-16,C103114,Norte,2025-02-28,Deportes,Botella térmica,17.07,3,0.0,51.21,Orgánico
O511468,2025-05-16,C100142,Norte,2025-05-15,Hogar,Difusor aromas,51.63,2,0.0,103.26,Directo
O514993,2025-05-16,C101535,Oeste,2025-03-30,Hogar,Lámpara LED,58.38,2,0.0,116.76,Pauta pagada
O507579,2025-05-16,C102835,Centro,2025-05-12,Hogar,Difusor aromas,46.47,1,0.1,46.47,Redes sociales
O503702,2025-05-16,C101273,Centro,2025-02-24,Deportes,Mancuernas ajustables,41.15,2,0.0,82.3,Directo
O505540,2025-05-16,C101550,Este,2025-01-21,Hogar,Cortina blackout,26.43,1,0.1,26.43,Directo
O515074,2025-05-17,C100185,Centro,2025-02-15,Hogar,Organizador closet,16.5,2,0.0,33.0,Directo
O501730,2025-05-17,C101618,Oeste,2025-01-12,Electrónica,Cargador rápido,34.25,2,0.2,68.5,Directo
O508421,2025-05-17,C100651,Centro,2025-01-16,Belleza,Protector solar,10.84,2,0.0,21.68,Redes sociales
O510561,2025-05-17,C100477,Sur,2025-02-02,Hogar,Set de sábanas,26.67,3,0.2,80.01,Directo
O504519,2025-05-17,C100604,Centro,2025-04-16,Moda,Gorra,39.58,1,0.0,39.58,Redes sociales
O502265,2025-05-17,C100135,Norte,2025-02-14,Moda,Gorra,33.64,2,0.15,67.28,Directo
O502910,2025-05-17,C103315,Oeste,2025-04-06,Deportes,Botella térmica,17.07,1,0.0,17.07,Orgánico
O505528,2025-05-17,C100356,Oeste,2025-04-28,Hogar,Difusor aromas,51.63,2,0.0,103.26,Redes sociales
O502929,2025-05-17,C102954,Centro,2025-04-20,Hogar,Difusor aromas,46.47,1,0.1,46.47,Redes sociales
O506592,2025-05-17,C100330,Oeste,2025-02-04,Hogar,Cortina blackout,29.37,2,0.0,58.74,Email
O505821,2025-05-17,C102117,Norte,2025-03-06,Hogar,Cortina blackout,29.37,2,0.0,58.74,Directo
O505773,2025-05-17,C103036,Este,2025-02-17,Hogar,Difusor aromas,51.63,2,0.0,103.26,Pauta pagada
O509851,2025-05-17,C100801,Este,2025-05-14,Hogar,Cortina blackout,29.37,2,0.0,58.74,Orgánico
O512803,2025-05-17,C100821,Centro,2025-03-18,Deportes,Mancuernas ajustables,34.98,3,0.15,104.94,Redes sociales
O503534,2025-05-17,C102501,Centro,2025-01-30,Electrónica,Smartwatch,88.17,1,0.0,88.17,Orgánico
O514874,2025-05-17,C100232,Centro,2025-04-02,Belleza,Serum facial,18.83,1,0.15,18.83,Email
O515305,2025-05-17,C102807,Centro,2025-02-23,Hogar,Difusor aromas,51.63,2,0.0,103.26,Pauta pagada
O512044,2025-05-17,C100070,Centro,2025-04-28,Deportes,Banda resistencia,35.09,1,0.0,35.09,Redes sociales
O514199,2025-05-17,C101320,Sur,2025-01-29,Hogar,Lámpara LED,58.38,1,0.0,58.38,Directo
O514763,2025-05-17,C100167,Oeste,2025-02-14,Deportes,Guantes gym,11.66,2,0.0,23.32,Orgánico
O506933,2025-05-17,C100728,Centro,2025-05-09,Moda,Tenis running,28.91,1,0.0,28.91,Orgánico
O514851,2025-05-17,C102931,Este,2025-03-13,Moda,Camiseta básica,37.12,2,0.0,74.24,Redes sociales
O514018,2025-05-18,C100431,Este,2025-02-20,Belleza,Set de brochas,17.05,3,0.0,51.15,Redes sociales
O505970,2025-05-18,C100139,Este,2025-02-25,Deportes,Yoga mat,46.1,2,0.0,92.2,Pauta pagada
O509041,2025-05-18,C100776,Este,2025-01-29,Hogar,Cortina blackout,29.37,1,0.0,29.37,Email
O509557,2025-05-18,C101487,Oeste,2025-02-06,Belleza,Protector solar,10.84,1,0.0,10.84,Redes sociales
O508342,2025-05-18,C101277,Sur,2025-02-20,Deportes,Yoga mat,46.1,2,0.0,92.2,Pauta pagada
O507992,2025-05-18,C101359,Norte,2025-02-15,Moda,Mochila urbana,19.25,3,0.0,57.75,Pauta pagada
O509658,2025-05-18,C100768,Centro,2025-01-16,Deportes,Mancuernas ajustables,41.15,3,0.0,123.45,Directo
O502600,2025-05-18,C101365,Centro,2025-03-05,Deportes,Banda resistencia,28.07,2,0.2,56.14,Pauta pagada
O507349,2025-05-18,C101276,Oeste,2025-04-27,Electrónica,Cargador rápido,42.81,1,0.0,42.81,Orgánico
O508049,2025-05-18,C103214,Sur,2025-05-12,Hogar,Organizador closet,16.5,3,0.0,49.5,Orgánico
O507880,2025-05-18,C103121,Norte,2025-03-28,Moda,Mochila urbana,19.25,1,0.0,19.25,Directo
O501560,2025-05-18,C103143,Oeste,2025-03-10,Moda,Mochila urbana,17.32,3,0.1,51.96,Orgánico
O507112,2025-05-18,C101570,Sur,2025-04-25,Hogar,Lámpara LED,58.38,2,0.0,116.76,Pauta pagada
O509907,2025-05-18,C100713,Este,2025-03-21,Moda,Camiseta básica,37.12,1,0.0,37.12,Email
O510973,2025-05-18,C102557,Centro,2025-04-24,Electrónica,Audífonos BT,73.05,3,0.0,219.15,Directo
O506144,2025-05-18,C103450,Norte,2025-02-25,Belleza,Perfume,7.54,1,0.2,7.54,Redes sociales
O513580,2025-05-18,C103003,Sur,2025-05-16,Hogar,Set de sábanas,33.34,1,0.0,33.34,Pauta pagada
O505906,2025-05-18,C100762,Norte,2025-03-31,Hogar,Cortina blackout,29.37,1,0.0,29.37,Redes sociales
O504314,2025-05-18,C100640,Centro,2025-02-06,Moda,Jeans slim,24.68,1,0.15,24.68,Directo
O503235,2025-05-18,C103058,Sur,2025-01-09,Belleza,Serum facial,17.72,3,0.2,53.16,Redes sociales
O500570,2025-05-18,C100277,Centro,2025-02-22,Belleza,Protector solar,9.76,3,0.1,29.28,Redes sociales
O508335,2025-05-18,C102483,Este,2025-03-20,Electrónica,Parlante portátil,32.04,1,0.0,32.04,Redes sociales
O500740,2025-05-18,C100848,Este,2025-01-16,Hogar,Difusor aromas,51.63,1,0.0,51.63,Email
O513288,2025-05-18,C101686,Este,2025-05-16,Deportes,Banda resistencia,29.83,2,0.15,59.66,Pauta pagada
O504232,2025-05-19,C102798,Sur,2025-03-03,Moda,Tenis running,28.91,1,0.0,28.91,Directo
O507925,2025-05-19,C100493,Sur,2025-04-09,Moda,Camiseta básica,37.12,1,0.0,37.12,Directo
O511572,2025-05-19,C101566,Norte,2025-03-27,Belleza,Protector solar,10.84,1,0.0,10.84,Email
O507830,2025-05-19,C102076,Centro,2025-05-05,Electrónica,Cargador rápido,34.25,1,0.2,34.25,Orgánico
O503027,2025-05-19,C101600,Este,2025-01-30,Deportes,Mancuernas ajustables,41.15,2,0.0,82.3,Pauta pagada
O504995,2025-05-19,C102027,Centro,2025-01-19,Moda,Jeans slim,29.04,2,0.0,58.08,Directo
O513433,2025-05-19,C103277,Este,2025-02-02,Hogar,Set de sábanas,33.34,1,0.0,33.34,Directo
O500447,2025-05-19,C100178,Centro,2025-01-10,Belleza,Perfume,8.01,1,0.15,8.01,Email
O516171,2025-05-19,C101212,Este,2025-01-18,Belleza,Shampoo reparador,10.68,1,0.0,10.68,Pauta pagada
O515794,2025-05-19,C103446,Oeste,2025-04-23,Deportes,Yoga mat,46.1,2,0.0,92.2,Directo
O508975,2025-05-19,C102678,Oeste,2025-03-09,Hogar,Set de sábanas,30.01,2,0.1,60.02,Redes sociales
O503168,2025-05-19,C100254,Norte,2025-04-11,Deportes,Guantes gym,9.91,1,0.15,9.91,Redes sociales
O504828,2025-05-19,C101426,Sur,2025-02-24,Deportes,Yoga mat,46.1,1,0.0,46.1,Pauta pagada
O508568,2025-05-19,C102048,Centro,2025-03-23,Belleza,Serum facial,22.15,2,0.0,44.3,Orgánico
O510925,2025-05-19,C100196,Este,2025-04-25,Hogar,Lámpara LED,58.38,2,0.0,116.76,Email
O501747,2025-05-19,C100209,Oeste,2025-02-08,Hogar,Organizador closet,14.02,3,0.15,42.06,Redes sociales
O513921,2025-05-19,C101812,Centro,2025-02-24,Deportes,Botella térmica,14.51,3,0.15,43.53,Orgánico
O507143,2025-05-19,C101286,Centro,2025-02-26,Deportes,Banda resistencia,31.58,1,0.1,31.58,Pauta pagada
O501169,2025-05-19,C102675,Norte,2025-03-08,Deportes,Mancuernas ajustables,34.98,3,0.15,104.94,Orgánico
O509251,2025-05-20,C100123,Centro,2025-05-17,Hogar,Difusor aromas,51.63,1,0.0,51.63,Directo
O501020,2025-05-20,C100130,Centro,2025-01-02,Electrónica,Parlante portátil,32.04,2,0.0,64.08,Orgánico
O509122,2025-05-20,C101550,Este,2025-01-21,Deportes,Mancuernas ajustables,37.03,3,0.1,111.09,Pauta pagada
O514208,2025-05-20,C102472,Centro,2025-02-11,Hogar,Organizador closet,16.5,3,0.0,49.5,Email
O512707,2025-05-20,C101281,Norte,2025-01-04,Moda,Tenis running,24.57,1,0.15,24.57,Email
O501917,2025-05-20,C102971,Norte,2025-04-03,Electrónica,Smartwatch,88.17,1,0.0,88.17,Email
O509676,2025-05-20,C101558,Sur,2025-02-02,Electrónica,Power bank,71.86,1,0.0,71.86,Redes sociales
O515805,2025-05-20,C100139,Este,2025-02-25,Deportes,Banda resistencia,35.09,2,0.0,70.18,Email
O511014,2025-05-20,C103281,Sur,2025-01-27,Deportes,Banda resistencia,35.09,1,0.0,35.09,Redes sociales
O509294,2025-05-20,C100771,Centro,2025-01-27,Electrónica,Power bank,57.49,1,0.2,57.49,Orgánico
O502149,2025-05-20,C103100,Este,2025-02-28,Hogar,Set de sábanas,33.34,1,0.0,33.34,Directo
O505144,2025-05-20,C101444,Sur,2025-02-28,Moda,Jeans slim,29.04,1,0.0,29.04,Redes sociales
O500465,2025-05-20,C103087,Este,2025-01-19,Belleza,Serum facial,22.15,1,0.0,22.15,Email
O500899,2025-05-20,C101690,Centro,2025-03-02,Deportes,Botella térmica,17.07,2,0.0,34.14,Email
O514822,2025-05-20,C102669,Sur,2025-05-19,Electrónica,Smartwatch,74.94,2,0.15,149.88,Directo
O507876,2025-05-20,C102835,Centro,2025-05-12,Hogar,Lámpara LED,49.62,2,0.15,99.24,Redes sociales
O505581,2025-05-20,C102776,Centro,2025-02-11,Electrónica,Cargador rápido,34.25,1,0.2,34.25,Orgánico
O510455,2025-05-20,C103097,Sur,2025-02-16,Belleza,Serum facial,19.93,2,0.1,39.86,Redes sociales
O504747,2025-05-20,C102445,Centro,2025-05-16,Belleza,Shampoo reparador,10.68,2,0.0,21.36,Redes sociales
O509763,2025-05-21,C103039,Sur,2025-03-09,Belleza,Shampoo reparador,10.68,1,0.0,10.68,Redes sociales
O510999,2025-05-21,C101968,Oeste,2025-04-15,Deportes,Mancuernas ajustables,41.15,2,0.0,82.3,Orgánico
O515049,2025-05-21,C101572,Centro,2025-04-21,Moda,Tenis running,26.02,1,0.1,26.02,Directo
O505087,2025-05-21,C103355,Centro,2025-02-19,Electrónica,Smartwatch,88.17,2,0.0,176.34,Redes sociales
O512269,2025-05-21,C102661,Oeste,2025-02-03,Belleza,Shampoo reparador,10.68,2,0.0,21.36,Orgánico
O504205,2025-05-21,C102236,Centro,2025-03-31,Belleza,Perfume,8.48,2,0.1,16.96,Orgánico
O500368,2025-05-21,C100293,Sur,2025-03-05,Belleza,Perfume,9.42,2,0.0,18.84,Email
O515476,2025-05-21,C101447,Centro,2025-02-24,Moda,Jeans slim,29.04,3,0.0,87.12,Directo
O500033,2025-05-21,C101937,Oeste,2025-04-05,Belleza,Perfume,8.48,1,0.1,8.48,Pauta pagada
O507218,2025-05-21,C102582,Oeste,2025-04-20,Moda,Gorra,39.58,1,0.0,39.58,Pauta pagada
O506787,2025-05-21,C102334,Norte,2025-05-08,Moda,Jeans slim,29.04,2,0.0,58.08,Redes sociales
O503798,2025-05-21,C100141,Sur,2025-03-07,Electrónica,Audífonos BT,62.09,1,0.15,62.09,Email
O515847,2025-05-21,C100236,Este,2025-05-02,Belleza,Shampoo reparador,9.08,2,0.15,18.16,Orgánico
O505504,2025-05-21,C101823,Norte,2025-05-05,Belleza,Shampoo reparador,10.68,3,0.0,32.04,Orgánico
O505146,2025-05-21,C101649,Este,2025-05-04,Electrónica,Smartwatch,74.94,2,0.15,149.88,Orgánico
O510534,2025-05-21,C102731,Centro,2025-01-23,Deportes,Botella térmica,17.07,1,0.0,17.07,Pauta pagada
O514613,2025-05-21,C100129,Norte,2025-04-06,Electrónica,Cargador rápido,42.81,1,0.0,42.81,Orgánico
O501211,2025-05-21,C102771,Centro,2025-02-17,Electrónica,Smartwatch,88.17,2,0.0,176.34,Email
O512952,2025-05-22,C102174,Centro,2025-05-08,Deportes,Botella térmica,13.66,3,0.2,40.98,Directo
O504558,2025-05-22,C100583,Sur,2025-02-22,Moda,Jeans slim,29.04,1,0.0,29.04,Pauta pagada
O500621,2025-05-22,C101655,Norte,2025-03-31,Deportes,Mancuernas ajustables,32.92,1,0.2,32.92,Directo
O500717,2025-05-22,C102117,Norte,2025-03-06,Moda,Camiseta básica,37.12,3,0.0,111.36,Directo
O514155,2025-05-22,C102491,Este,2025-02-05,Deportes,Botella térmica,17.07,2,0.0,34.14,Redes sociales
O504685,2025-05-22,C101865,Norte,2025-03-15,Deportes,Mancuernas ajustables,41.15,1,0.0,41.15,Email
O503902,2025-05-22,C100701,Oeste,2025-04-22,Electrónica,Parlante portátil,25.63,3,0.2,76.89,Redes sociales
O508793,2025-05-22,C100000,Centro,2025-03-07,Hogar,Difusor aromas,51.63,3,0.0,154.89,Redes sociales
O508676,2025-05-22,C101010,Sur,2025-04-08,Moda,Mochila urbana,19.25,2,0.0,38.5,Email
O513102,2025-05-22,C102290,Sur,2025-04-16,Deportes,Guantes gym,11.66,1,0.0,11.66,Orgánico
O500980,2025-05-22,C103355,Centro,2025-02-19,Electrónica,Smartwatch,74.94,2,0.15,149.88,Pauta pagada
O509548,2025-05-22,C100434,Centro,2025-03-03,Electrónica,Audífonos BT,73.05,1,0.0,73.05,Orgánico
O506237,2025-05-22,C102762,Oeste,2025-01-17,Belleza,Set de brochas,17.05,2,0.0,34.1,Orgánico
O504766,2025-05-23,C102977,Centro,2025-05-19,Moda,Camiseta básica,37.12,2,0.0,74.24,Directo
O502430,2025-05-23,C103491,Este,2025-04-21,Belleza,Set de brochas,17.05,2,0.0,34.1,Directo
O508495,2025-05-23,C102351,Oeste,2025-03-20,Deportes,Botella térmica,14.51,1,0.15,14.51,Pauta pagada
O511203,2025-05-23,C100281,Norte,2025-03-02,Deportes,Guantes gym,11.66,1,0.0,11.66,Redes sociales
O503506,2025-05-23,C101654,Este,2025-05-02,Hogar,Lámpara LED,58.38,1,0.0,58.38,Pauta pagada
O510779,2025-05-23,C100978,Sur,2025-02-26,Electrónica,Smartwatch,88.17,1,0.0,88.17,Redes sociales
O512220,2025-05-23,C100178,Centro,2025-01-10,Hogar,Lámpara LED,58.38,1,0.0,58.38,Orgánico
O501102,2025-05-23,C100548,Norte,2025-04-26,Deportes,Guantes gym,11.66,2,0.0,23.32,Directo
O514319,2025-05-23,C102399,Norte,2025-05-01,Moda,Mochila urbana,19.25,2,0.0,38.5,Directo
O513554,2025-05-23,C101723,Centro,2025-05-05,Belleza,Set de brochas,17.05,2,0.0,34.1,Directo
O515342,2025-05-23,C100825,Oeste,2025-03-01,Electrónica,Smartwatch,88.17,2,0.0,176.34,Pauta pagada
O512289,2025-05-23,C100002,Sur,2025-03-10,Electrónica,Parlante portátil,32.04,1,0.0,32.04,Redes sociales
O514614,2025-05-24,C102616,Centro,2025-04-26,Belleza,Set de brochas,15.34,1,0.1,15.34,Redes sociales
O514478,2025-05-24,C100769,Sur,2025-02-12,Deportes,Botella térmica,15.36,1,0.1,15.36,Email
O502333,2025-05-24,C101451,Este,2025-03-07,Moda,Mochila urbana,16.36,1,0.15,16.36,Orgánico
O510910,2025-05-24,C102066,Norte,2025-02-01,Deportes,Mancuernas ajustables,34.98,1,0.15,34.98,Orgánico
O515496,2025-05-24,C102305,Centro,2025-02-07,Deportes,Banda resistencia,35.09,2,0.0,70.18,Orgánico
O515621,2025-05-24,C101818,Este,2025-05-01,Belleza,Protector solar,10.84,1,0.0,10.84,Orgánico
O514305,2025-05-24,C101591,Oeste,2025-02-05,Belleza,Set de brochas,15.34,2,0.1,30.68,Pauta pagada
O512695,2025-05-24,C102528,Sur,2025-05-22,Electrónica,Audífonos BT,73.05,1,0.0,73.05,Orgánico
O501238,2025-05-24,C102088,Sur,2025-01-16,Electrónica,Cargador rápido,42.81,3,0.0,128.43,Pauta pagada
O506065,2025-05-24,C100291,Centro,2025-01-21,Electrónica,Parlante portátil,32.04,2,0.0,64.08,Pauta pagada
O504720,2025-05-24,C100191,Este,2025-04-20,Moda,Mochila urbana,19.25,2,0.0,38.5,Email
O514370,2025-05-24,C102229,Centro,2025-02-19,Electrónica,Audífonos BT,73.05,2,0.0,146.1,Redes sociales
O506514,2025-05-24,C101331,Norte,2025-03-20,Belleza,Protector solar,10.84,1,0.0,10.84,Pauta pagada
O503163,2025-05-24,C101331,Norte,2025-03-20,Deportes,Guantes gym,9.91,1,0.15,9.91,Orgánico
O514702,2025-05-24,C100861,Norte,2025-03-26,Moda,Camiseta básica,37.12,2,0.0,74.24,Email
O501190,2025-05-24,C100726,Oeste,2025-02-04,Hogar,Lámpara LED,58.38,1,0.0,58.38,Pauta pagada
O503693,2025-05-24,C100203,Sur,2025-01-10,Moda,Mochila urbana,19.25,2,0.0,38.5,Orgánico
O511781,2025-05-24,C103294,Sur,2025-01-14,Deportes,Banda resistencia,35.09,1,0.0,35.09,Redes sociales
O513394,2025-05-24,C102600,Oeste,2025-03-13,Hogar,Set de sábanas,28.34,3,0.15,85.02,Directo
O510213,2025-05-24,C100203,Sur,2025-01-10,Electrónica,Audífonos BT,73.05,2,0.0,146.1,Orgánico
O515833,2025-05-24,C101505,Sur,2025-04-27,Deportes,Mancuernas ajustables,41.15,3,0.0,123.45,Directo
O504109,2025-05-24,C100747,Sur,2025-05-12,Belleza,Protector solar,10.84,1,0.0,10.84,Directo
O510502,2025-05-24,C101745,Oeste,2025-01-01,Deportes,Banda resistencia,35.09,2,0.0,70.18,Pauta pagada
O505806,2025-05-25,C102508,Este,2025-05-12,Electrónica,Parlante portátil,32.04,1,0.0,32.04,Redes sociales
O505831,2025-05-25,C103460,Centro,2025-05-12,Electrónica,Audífonos BT,73.05,1,0.0,73.05,Redes sociales
O511967,2025-05-25,C102170,Sur,2025-04-05,Belleza,Protector solar,8.67,3,0.2,26.01,Email
O505899,2025-05-25,C100570,Oeste,2025-01-09,Deportes,Guantes gym,11.66,2,0.0,23.32,Orgánico
O508752,2025-05-25,C100098,Sur,2025-03-07,Deportes,Mancuernas ajustables,41.15,1,0.0,41.15,Email
O510969,2025-05-25,C100160,Centro,2025-03-05,Deportes,Banda resistencia,35.09,1,0.0,35.09,Orgánico
O500967,2025-05-25,C100353,Norte,2025-02-19,Belleza,Perfume,8.01,1,0.15,8.01,Orgánico
O504363,2025-05-25,C103106,Sur,2025-01-21,Belleza,Perfume,8.01,1,0.15,8.01,Redes sociales
O509549,2025-05-25,C102678,Oeste,2025-03-09,Moda,Mochila urbana,19.25,1,0.0,19.25,Orgánico
O504805,2025-05-25,C102056,Oeste,2025-04-29,Deportes,Banda resistencia,35.09,3,0.0,105.27,Redes sociales
O508856,2025-05-25,C103460,Centro,2025-05-12,Belleza,Serum facial,22.15,1,0.0,22.15,Orgánico
O505127,2025-05-25,C100431,Este,2025-02-20,Belleza,Perfume,9.42,3,0.0,28.26,Pauta pagada
O510139,2025-05-25,C103310,Centro,2025-01-25,Electrónica,Parlante portátil,32.04,3,0.0,96.12,Pauta pagada
O513116,2025-05-25,C103121,Norte,2025-03-28,Belleza,Protector solar,10.84,2,0.0,21.68,Pauta pagada
O516017,2025-05-25,C103275,Oeste,2025-03-19,Hogar,Cortina blackout,26.43,1,0.1,26.43,Pauta pagada
O512272,2025-05-26,C101371,Sur,2025-01-02,Electrónica,Cargador rápido,42.81,2,0.0,85.62,Redes sociales
O501996,2025-05-26,C102537,Centro,2025-01-22,Belleza,Set de brochas,17.05,2,0.0,34.1,Pauta pagada
O515953,2025-05-26,C101230,Oeste,2025-02-25,Hogar,Organizador closet,16.5,2,0.0,33.0,Pauta pagada
O506494,2025-05-26,C103250,Norte,2025-01-23,Belleza,Perfume,8.01,2,0.15,16.02,Orgánico
O509241,2025-05-26,C102232,Centro,2025-03-07,Belleza,Serum facial,22.15,3,0.0,66.45,Pauta pagada
O509311,2025-05-26,C101287,Norte,2025-02-10,Belleza,Perfume,9.42,2,0.0,18.84,Orgánico
O511455,2025-05-26,C101263,Centro,2025-05-01,Electrónica,Audífonos BT,62.09,1,0.15,62.09,Email
O503269,2025-05-26,C100180,Este,2025-01-31,Moda,Tenis running,28.91,2,0.0,57.82,Email
O507058,2025-05-26,C100639,Sur,2025-04-09,Hogar,Difusor aromas,51.63,2,0.0,103.26,Redes sociales
O502389,2025-05-26,C102469,Centro,2025-03-01,Hogar,Organizador closet,16.5,2,0.0,33.0,Redes sociales
O502098,2025-05-26,C102663,Norte,2025-03-24,Belleza,Serum facial,22.15,1,0.0,22.15,Redes sociales
O504394,2025-05-26,C102122,Este,2025-01-23,Moda,Gorra,39.58,1,0.0,39.58,Redes sociales
O502089,2025-05-26,C101838,Centro,2025-04-22,Electrónica,Power bank,64.67,2,0.1,129.34,Directo
O501763,2025-05-26,C100522,Norte,2025-01-02,Moda,Camiseta básica,37.12,1,0.0,37.12,Redes sociales
O515019,2025-05-26,C103340,Este,2025-02-10,Belleza,Perfume,9.42,1,0.0,9.42,Email
O505588,2025-05-26,C100313,Sur,2025-03-08,Electrónica,Audífonos BT,62.09,1,0.15,62.09,Redes sociales
O503859,2025-05-26,C101547,Oeste,2025-03-09,Deportes,Mancuernas ajustables,41.15,3,0.0,123.45,Orgánico
O504768,2025-05-26,C101580,Centro,2025-05-10,Hogar,Difusor aromas,43.89,2,0.15,87.78,Redes sociales
O509636,2025-05-26,C102032,Centro,2025-04-29,Belleza,Protector solar,10.84,1,0.0,10.84,Pauta pagada
O506415,2025-05-26,C102999,Este,2025-05-25,Moda,Camiseta básica,37.12,2,0.0,74.24,Redes sociales
O516412,2025-05-26,C100203,Sur,2025-01-10,Belleza,Perfume,7.54,1,0.2,7.54,Orgánico
O515903,2025-05-26,C102460,Norte,2025-01-25,Belleza,Shampoo reparador,10.68,1,0.0,10.68,Pauta pagada
O510595,2025-05-27,C100588,Oeste,2025-01-06,Deportes,Banda resistencia,31.58,1,0.1,31.58,Redes sociales
O503298,2025-05-27,C103419,Centro,2025-03-21,Deportes,Guantes gym,11.66,2,0.0,23.32,Redes sociales
O505414,2025-05-27,C102685,Centro,2025-03-25,Hogar,Lámpara LED,58.38,1,0.0,58.38,Directo
O504390,2025-05-27,C102513,Centro,2025-01-14,Deportes,Yoga mat,46.1,3,0.0,138.3,Pauta pagada
O502273,2025-05-27,C100130,Centro,2025-01-02,Deportes,Guantes gym,10.49,1,0.1,10.49,Redes sociales
O507699,2025-05-27,C101762,Norte,2025-02-25,Deportes,Botella térmica,17.07,3,0.0,51.21,Orgánico
O514195,2025-05-27,C100661,Centro,2025-03-08,Belleza,Protector solar,9.76,2,0.1,19.52,Directo
O505098,2025-05-27,C102403,Sur,2025-05-17,Belleza,Protector solar,9.21,2,0.15,18.42,Pauta pagada
O511401,2025-05-27,C103271,Centro,2025-05-02,Electrónica,Audífonos BT,62.09,1,0.15,62.09,Orgánico
O509078,2025-05-27,C102981,Este,2025-03-19,Electrónica,Smartwatch,74.94,1,0.15,74.94,Directo
O504030,2025-05-27,C101855,Centro,2025-04-11,Deportes,Guantes gym,11.66,3,0.0,34.98,Directo
O509666,2025-05-27,C103046,Norte,2025-03-19,Moda,Gorra,39.58,1,0.0,39.58,Orgánico
O506203,2025-05-27,C100650,Norte,2025-01-02,Hogar,Organizador closet,16.5,1,0.0,16.5,Redes sociales
O503061,2025-05-27,C103138,Centro,2025-04-16,Deportes,Guantes gym,11.66,2,0.0,23.32,Directo
O510322,2025-05-27,C102501,Centro,2025-01-30,Belleza,Shampoo reparador,10.68,3,0.0,32.04,Orgánico
O515347,2025-05-27,C101748,Centro,2025-04-13,Deportes,Guantes gym,11.66,2,0.0,23.32,Directo
O508007,2025-05-27,C100005,Este,2025-02-22,Electrónica,Power bank,64.67,2,0.1,129.34,Redes sociales
O502407,2025-05-27,C101389,Sur,2025-04-10,Belleza,Shampoo reparador,10.68,1,0.0,10.68,Orgánico
O509001,2025-05-27,C102302,Centro,2025-03-21,Hogar,Cortina blackout,29.37,1,0.0,29.37,Pauta pagada
O514936,2025-05-27,C100519,Oeste,2025-05-18,Belleza,Perfume,9.42,1,0.0,9.42,Orgánico
O509683,2025-05-27,C101879,Este,2025-04-27,Belleza,Perfume,9.42,2,0.0,18.84,Directo
O503670,2025-05-27,C102773,Sur,2025-03-14,Belleza,Protector solar,8.67,1,0.2,8.67,Redes sociales
O500811,2025-05-28,C101859,Norte,2025-04-14,Belleza,Protector solar,10.84,2,0.0,21.68,Orgánico
O514731,2025-05-28,C101253,Oeste,2025-04-28,Belleza,Perfume,9.42,3,0.0,28.26,Redes sociales
O504920,2025-05-28,C102345,Norte,2025-03-02,Belleza,Shampoo reparador,10.68,1,0.0,10.68,Directo
O509233,2025-05-28,C101000,Norte,2025-03-30,Hogar,Organizador closet,13.2,1,0.2,13.2,Directo
O505561,2025-05-28,C101228,Centro,2025-03-26,Moda,Camiseta básica,37.12,2,0.0,74.24,Directo
O509646,2025-05-28,C102340,Norte,2025-01-26,Hogar,Difusor aromas,51.63,1,0.0,51.63,Pauta pagada
O507729,2025-05-28,C103233,Este,2025-03-26,Deportes,Guantes gym,11.66,2,0.0,23.32,Redes sociales
O502763,2025-05-28,C102928,Este,2025-03-20,Hogar,Cortina blackout,26.43,1,0.1,26.43,Pauta pagada
O507587,2025-05-28,C100412,Centro,2025-01-13,Moda,Tenis running,28.91,1,0.0,28.91,Directo
O510174,2025-05-28,C103156,Centro,2025-05-10,Electrónica,Parlante portátil,27.23,1,0.15,27.23,Redes sociales
O502782,2025-05-28,C101547,Oeste,2025-03-09,Hogar,Lámpara LED,58.38,1,0.0,58.38,Pauta pagada
O509082,2025-05-28,C102318,Centro,2025-05-19,Deportes,Banda resistencia,35.09,1,0.0,35.09,Pauta pagada
O503779,2025-05-28,C101405,Oeste,2025-03-26,Belleza,Shampoo reparador,10.68,3,0.0,32.04,Orgánico
O506503,2025-05-28,C100088,Norte,2025-03-15,Electrónica,Audífonos BT,73.05,2,0.0,146.1,Orgánico
O509036,2025-05-28,C100337,Centro,2025-02-06,Electrónica,Smartwatch,74.94,1,0.15,74.94,Directo
O500837,2025-05-28,C100316,Oeste,2025-03-25,Deportes,Botella térmica,13.66,1,0.2,13.66,Orgánico
O505418,2025-05-28,C102706,Centro,2025-02-06,Moda,Camiseta básica,37.12,2,0.0,74.24,Email
O504243,2025-05-28,C102077,Centro,2025-03-03,Deportes,Guantes gym,9.91,1,0.15,9.91,Orgánico
O515534,2025-05-28,C101051,Oeste,2025-05-27,Electrónica,Power bank,71.86,1,0.0,71.86,Orgánico
O514929,2025-05-28,C102899,Norte,2025-02-09,Deportes,Banda resistencia,28.07,3,0.2,84.21,Pauta pagada
O514621,2025-05-28,C101823,Norte,2025-05-05,Electrónica,Audífonos BT,73.05,2,0.0,146.1,Orgánico
O507464,2025-05-28,C101152,Centro,2025-04-20,Deportes,Guantes gym,10.49,2,0.1,20.98,Pauta pagada
O511447,2025-05-28,C101016,Centro,2025-01-21,Deportes,Yoga mat,36.88,2,0.2,73.76,Orgánico
O515884,2025-05-28,C101046,Norte,2025-04-06,Belleza,Shampoo reparador,10.68,1,0.0,10.68,Email
O512931,2025-05-29,C103100,Este,2025-02-28,Hogar,Set de sábanas,28.34,3,0.15,85.02,Redes sociales
O506561,2025-05-29,C101956,Oeste,2025-02-19,Deportes,Botella térmica,17.07,3,0.0,51.21,Email
O504758,2025-05-29,C101225,Centro,2025-04-21,Moda,Mochila urbana,16.36,2,0.15,32.72,Pauta pagada
O514469,2025-05-29,C101839,Centro,2025-01-08,Hogar,Cortina blackout,29.37,1,0.0,29.37,Redes sociales
O502074,2025-05-29,C101512,Centro,2025-01-04,Electrónica,Parlante portátil,32.04,2,0.0,64.08,Orgánico
O515693,2025-05-29,C100771,Centro,2025-01-27,Belleza,Shampoo reparador,10.68,1,0.0,10.68,Pauta pagada
O506835,2025-05-29,C102105,Norte,2025-05-15,Electrónica,Smartwatch,88.17,3,0.0,264.51,Pauta pagada
O516362,2025-05-29,C102880,Este,2025-05-11,Deportes,Banda resistencia,35.09,1,0.0,35.09,Directo
O504455,2025-05-29,C103207,Este,2025-01-12,Hogar,Organizador closet,16.5,2,0.0,33.0,Orgánico
O502487,2025-05-29,C102234,Este,2025-05-06,Moda,Tenis running,28.91,3,0.0,86.73,Redes sociales
O501321,2025-05-29,C100011,Norte,2025-03-04,Moda,Camiseta básica,37.12,1,0.0,37.12,Pauta pagada
O501477,2025-05-29,C102771,Centro,2025-02-17,Electrónica,Smartwatch,88.17,3,0.0,264.51,Directo
O512843,2025-05-29,C101016,Centro,2025-01-21,Electrónica,Audífonos BT,73.05,1,0.0,73.05,Directo
O516086,2025-05-29,C102790,Este,2025-05-25,Belleza,Protector solar,10.84,2,0.0,21.68,Orgánico
O514977,2025-05-29,C102412,Norte,2025-02-24,Moda,Gorra,39.58,3,0.0,118.74,Orgánico
O510439,2025-05-29,C102301,Oeste,2025-04-28,Belleza,Perfume,8.48,1,0.1,8.48,Pauta pagada
O504444,2025-05-29,C100254,Norte,2025-04-11,Moda,Jeans slim,29.04,2,0.0,58.08,Redes sociales
O513225,2025-05-29,C103440,Sur,2025-05-27,Hogar,Organizador closet,16.5,1,0.0,16.5,Orgánico
O503178,2025-05-30,C100507,Norte,2025-05-20,Hogar,Set de sábanas,33.34,3,0.0,100.02,Orgánico
O508529,2025-05-30,C101267,Centro,2025-01-18,Moda,Mochila urbana,19.25,2,0.0,38.5,Orgánico
O516192,2025-05-30,C101389,Sur,2025-04-10,Electrónica,Cargador rápido,42.81,2,0.0,85.62,Redes sociales
O516396,2025-05-30,C102308,Este,2025-01-12,Belleza,Perfume,9.42,2,0.0,18.84,Email
O504629,2025-05-30,C102544,Este,2025-01-26,Belleza,Shampoo reparador,10.68,1,0.0,10.68,Orgánico
O509806,2025-05-30,C100412,Centro,2025-01-13,Moda,Mochila urbana,19.25,1,0.0,19.25,Email
O515606,2025-05-30,C102776,Centro,2025-02-11,Hogar,Difusor aromas,51.63,3,0.0,154.89,Directo
O512958,2025-05-30,C103054,Sur,2025-02-13,Electrónica,Audífonos BT,65.74,3,0.1,197.22,Redes sociales
O503787,2025-05-30,C102057,Este,2025-02-26,Deportes,Guantes gym,11.66,1,0.0,11.66,Pauta pagada
O514749,2025-05-30,C101260,Centro,2025-05-02,Belleza,Protector solar,9.21,3,0.15,27.63,Redes sociales
O511128,2025-05-30,C101049,Norte,2025-01-11,Electrónica,Smartwatch,88.17,1,0.0,88.17,Email
O507100,2025-05-30,C103450,Norte,2025-02-25,Electrónica,Cargador rápido,42.81,1,0.0,42.81,Redes sociales
O512955,2025-05-30,C100211,Sur,2025-02-21,Electrónica,Cargador rápido,36.39,1,0.15,36.39,Email
O508143,2025-05-30,C102880,Este,2025-05-11,Deportes,Guantes gym,11.66,2,0.0,23.32,Email
O506395,2025-05-30,C100229,Oeste,2025-02-09,Moda,Jeans slim,24.68,1,0.15,24.68,Redes sociales
O501499,2025-05-31,C101943,Oeste,2025-03-21,Electrónica,Smartwatch,88.17,2,0.0,176.34,Pauta pagada
O507943,2025-05-31,C100508,Norte,2025-02-16,Moda,Tenis running,28.91,2,0.0,57.82,Pauta pagada
O500272,2025-05-31,C101281,Norte,2025-01-04,Hogar,Lámpara LED,58.38,1,0.0,58.38,Email
O508717,2025-05-31,C101654,Este,2025-05-02,Moda,Jeans slim,29.04,2,0.0,58.08,Email
O511337,2025-05-31,C100701,Oeste,2025-04-22,Moda,Tenis running,28.91,1,0.0,28.91,Redes sociales
O511942,2025-05-31,C102510,Centro,2025-02-18,Moda,Tenis running,26.02,3,0.1,78.06,Pauta pagada
O505881,2025-05-31,C101089,Sur,2025-05-29,Belleza,Serum facial,19.93,1,0.1,19.93,Orgánico
O515838,2025-05-31,C100436,Norte,2025-05-29,Moda,Camiseta básica,31.55,1,0.15,31.55,Email
O507499,2025-05-31,C103388,Centro,2025-01-31,Moda,Gorra,33.64,2,0.15,67.28,Pauta pagada
O514747,2025-05-31,C101946,Oeste,2025-04-17,Belleza,Protector solar,10.84,2,0.0,21.68,Redes sociales
O505636,2025-05-31,C100041,Oeste,2025-04-08,Hogar,Organizador closet,13.2,1,0.2,13.2,Email
O512340,2025-05-31,C100674,Sur,2025-04-01,Moda,Jeans slim,29.04,3,0.0,87.12,Redes sociales
O505711,2025-05-31,C101998,Norte,2025-02-26,Belleza,Shampoo reparador,10.68,3,0.0,32.04,Redes sociales
O509866,2025-05-31,C103246,Sur,2025-02-07,Deportes,Banda resistencia,29.83,1,0.15,29.83,Orgánico
O510467,2025-05-31,C101723,Centro,2025-05-05,Deportes,Yoga mat,46.1,2,0.0,92.2,Orgánico
O501507,2025-05-31,C101240,Oeste,2025-04-11,Hogar,Set de sábanas,33.34,1,0.0,33.34,Email
O506551,2025-05-31,C100473,Norte,2025-02-13,Electrónica,Power bank,61.08,1,0.15,61.08,Redes sociales
O510346,2025-05-31,C100056,Oeste,2025-04-21,Deportes,Guantes gym,11.66,2,0.0,23.32,Email
O500026,2025-05-31,C102120,Norte,2025-01-17,Deportes,Banda resistencia,28.07,1,0.2,28.07,Email
O510685,2025-05-31,C102579,Este,2025-02-16,Electrónica,Smartwatch,79.35,1,0.1,79.35,Email
O510825,2025-06-01,C101056,Norte,2025-04-03,Moda,Mochila urbana,19.25,3,0.0,57.75,Pauta pagada
O512985,2025-06-01,C101040,Norte,2025-03-27,Moda,Gorra,39.58,2,0.0,79.16,Orgánico
O515831,2025-06-01,C100325,Norte,2025-05-17,Hogar,Lámpara LED,58.38,2,0.0,116.76,Pauta pagada
O510907,2025-06-01,C101968,Oeste,2025-04-15,Moda,Jeans slim,29.04,1,0.0,29.04,Email
O515878,2025-06-01,C103285,Centro,2025-01-28,Electrónica,Audífonos BT,73.05,1,0.0,73.05,Orgánico
O507727,2025-06-01,C102487,Oeste,2025-03-10,Electrónica,Power bank,71.86,1,0.0,71.86,Pauta pagada
O514149,2025-06-01,C100162,Norte,2025-04-12,Belleza,Protector solar,10.84,3,0.0,32.52,Pauta pagada
O500268,2025-06-01,C101522,Norte,2025-05-13,Deportes,Botella térmica,17.07,3,0.0,51.21,Orgánico
O503761,2025-06-01,C103426,Oeste,2025-05-14,Hogar,Cortina blackout,29.37,1,0.0,29.37,Email
O511237,2025-06-01,C101434,Norte,2025-05-11,Hogar,Set de sábanas,33.34,1,0.0,33.34,Redes sociales
O510267,2025-06-01,C102843,Este,2025-03-29,Belleza,Protector solar,10.84,3,0.0,32.52,Redes sociales
O507066,2025-06-01,C102436,Centro,2025-03-31,Hogar,Cortina blackout,29.37,2,0.0,58.74,Orgánico
O504258,2025-06-01,C101311,Centro,2025-04-03,Deportes,Yoga mat,46.1,1,0.0,46.1,Orgánico
O503581,2025-06-01,C101852,Sur,2025-03-04,Hogar,Cortina blackout,24.96,2,0.15,49.92,Orgánico
O509807,2025-06-01,C101737,Oeste,2025-03-19,Belleza,Perfume,9.42,2,0.0,18.84,Directo
O500996,2025-06-01,C102928,Este,2025-03-20,Moda,Tenis running,28.91,1,0.0,28.91,Directo
O511903,2025-06-01,C101675,Centro,2025-02-18,Moda,Gorra,39.58,1,0.0,39.58,Orgánico
O505685,2025-06-01,C101227,Centro,2025-05-24,Deportes,Banda resistencia,35.09,3,0.0,105.27,Email
O504823,2025-06-01,C101144,Sur,2025-03-20,Electrónica,Cargador rápido,42.81,1,0.0,42.81,Email
O514646,2025-06-01,C100386,Centro,2025-03-27,Belleza,Set de brochas,17.05,2,0.0,34.1,Orgánico
O507522,2025-06-02,C103344,Norte,2025-04-01,Moda,Jeans slim,29.04,2,0.0,58.08,Redes sociales
O502791,2025-06-02,C101155,Centro,2025-02-26,Hogar,Lámpara LED,46.7,2,0.2,93.4,Orgánico
O516124,2025-06-02,C102833,Norte,2025-03-29,Belleza,Protector solar,10.84,1,0.0,10.84,Redes sociales
O500536,2025-06-02,C101983,Centro,2025-02-20,Electrónica,Power bank,71.86,2,0.0,143.72,Redes sociales
O506223,2025-06-02,C101240,Oeste,2025-04-11,Hogar,Difusor aromas,51.63,1,0.0,51.63,Directo
O512785,2025-06-02,C103024,Centro,2025-03-30,Belleza,Set de brochas,17.05,3,0.0,51.15,Pauta pagada
O515817,2025-06-02,C102334,Norte,2025-05-08,Belleza,Shampoo reparador,9.61,1,0.1,9.61,Pauta pagada
O503700,2025-06-02,C102295,Centro,2025-05-26,Electrónica,Audífonos BT,65.74,1,0.1,65.74,Orgánico
O506309,2025-06-02,C102476,Norte,2025-02-19,Moda,Gorra,39.58,1,0.0,39.58,Pauta pagada
O500315,2025-06-02,C102390,Este,2025-03-29,Electrónica,Power bank,71.86,1,0.0,71.86,Pauta pagada
O501563,2025-06-02,C100419,Sur,2025-02-18,Deportes,Mancuernas ajustables,32.92,1,0.2,32.92,Orgánico
O509738,2025-06-02,C102301,Oeste,2025-04-28,Belleza,Perfume,9.42,1,0.0,9.42,Directo
O505059,2025-06-02,C100864,Oeste,2025-03-12,Deportes,Banda resistencia,35.09,2,0.0,70.18,Orgánico
O515741,2025-06-02,C101531,Este,2025-05-04,Hogar,Difusor aromas,51.63,2,0.0,103.26,Orgánico
O508882,2025-06-02,C101896,Centro,2025-03-06,Hogar,Difusor aromas,51.63,1,0.0,51.63,Directo
O511282,2025-06-02,C101000,Norte,2025-03-30,Electrónica,Parlante portátil,28.84,2,0.1,57.68,Orgánico
O507982,2025-06-02,C100493,Sur,2025-04-09,Belleza,Perfume,8.48,2,0.1,16.96,Email
O511276,2025-06-02,C101565,Sur,2025-02-10,Moda,Gorra,35.62,1,0.1,35.62,Pauta pagada
O506553,2025-06-03,C103276,Norte,2025-02-18,Belleza,Protector solar,10.84,1,0.0,10.84,Orgánico
O501050,2025-06-03,C100402,Norte,2025-03-15,Hogar,Set de sábanas,26.67,3,0.2,80.01,Email
O501183,2025-06-03,C100801,Este,2025-05-14,Hogar,Organizador closet,16.5,3,0.0,49.5,Redes sociales
O508520,2025-06-03,C100861,Norte,2025-03-26,Belleza,Perfume,8.48,2,0.1,16.96,Orgánico
O503858,2025-06-03,C101426,Sur,2025-02-24,Moda,Tenis running,28.91,2,0.0,57.82,Email
O514491,2025-06-03,C102414,Oeste,2025-03-20,Deportes,Banda resistencia,35.09,3,0.0,105.27,Orgánico
O507524,2025-06-03,C103040,Centro,2025-05-28,Hogar,Lámpara LED,58.38,1,0.0,58.38,Pauta pagada
O513357,2025-06-03,C100809,Sur,2025-04-24,Electrónica,Parlante portátil,32.04,1,0.0,32.04,Redes sociales
O504434,2025-06-03,C100709,Norte,2025-05-31,Electrónica,Parlante portátil,32.04,1,0.0,32.04,Orgánico
O515507,2025-06-03,C100055,Oeste,2025-02-21,Belleza,Set de brochas,13.64,2,0.2,27.28,Orgánico
O504999,2025-06-03,C101567,Norte,2025-04-03,Belleza,Shampoo reparador,10.68,3,0.0,32.04,Directo
O504274,2025-06-03,C100024,Norte,2025-06-02,Electrónica,Power bank,57.49,2,0.2,114.98,Directo
O510590,2025-06-03,C100270,Centro,2025-05-11,Electrónica,Smartwatch,74.94,2,0.15,149.88,Directo
O500313,2025-06-03,C102728,Oeste,2025-04-14,Electrónica,Parlante portátil,32.04,1,0.0,32.04,Orgánico
O509081,2025-06-03,C102801,Norte,2025-03-05,Hogar,Cortina blackout,26.43,1,0.1,26.43,Orgánico
O505000,2025-06-03,C102313,Norte,2025-05-30,Hogar,Difusor aromas,51.63,1,0.0,51.63,Directo
O501403,2025-06-04,C100915,Centro,2025-02-08,Electrónica,Smartwatch,88.17,1,0.0,88.17,Orgánico
O502968,2025-06-04,C101281,Norte,2025-01-04,Electrónica,Power bank,71.86,1,0.0,71.86,Orgánico
O512081,2025-06-04,C102837,Oeste,2025-03-06,Deportes,Guantes gym,10.49,2,0.1,20.98,Orgánico
O500797,2025-06-04,C100594,Sur,2025-01-02,Moda,Gorra,39.58,2,0.0,79.16,Directo
O502176,2025-06-04,C100719,Sur,2025-01-14,Electrónica,Power bank,71.86,2,0.0,143.72,Email
O513467,2025-06-04,C102318,Centro,2025-05-19,Hogar,Lámpara LED,58.38,1,0.0,58.38,Orgánico
O508830,2025-06-04,C102341,Oeste,2025-05-19,Moda,Mochila urbana,19.25,3,0.0,57.75,Directo
O507226,2025-06-04,C102199,Norte,2025-03-04,Belleza,Shampoo reparador,10.68,2,0.0,21.36,Redes sociales
O516404,2025-06-04,C101368,Sur,2025-02-14,Hogar,Set de sábanas,26.67,2,0.2,53.34,Directo
O510865,2025-06-04,C102716,Este,2025-03-29,Deportes,Mancuernas ajustables,41.15,2,0.0,82.3,Orgánico
O511908,2025-06-04,C103317,Norte,2025-02-26,Deportes,Mancuernas ajustables,41.15,3,0.0,123.45,Redes sociales
O501501,2025-06-04,C101437,Este,2025-05-29,Electrónica,Parlante portátil,32.04,1,0.0,32.04,Directo
O512910,2025-06-04,C100964,Norte,2025-01-28,Belleza,Serum facial,18.83,3,0.15,56.49,Pauta pagada
O513459,2025-06-04,C100376,Centro,2025-05-04,Hogar,Cortina blackout,29.37,1,0.0,29.37,Orgánico
O508004,2025-06-04,C103363,Este,2025-01-28,Deportes,Banda resistencia,35.09,2,0.0,70.18,Email
O511964,2025-06-04,C102416,Norte,2025-03-29,Moda,Mochila urbana,19.25,2,0.0,38.5,Orgánico
O504675,2025-06-04,C100507,Norte,2025-05-20,Moda,Tenis running,28.91,2,0.0,57.82,Pauta pagada
O501755,2025-06-04,C101493,Norte,2025-01-09,Moda,Jeans slim,29.04,3,0.0,87.12,Pauta pagada
O506154,2025-06-04,C101330,Este,2025-04-19,Hogar,Cortina blackout,29.37,1,0.0,29.37,Pauta pagada
O506107,2025-06-04,C100563,Este,2025-04-14,Hogar,Difusor aromas,46.47,3,0.1,139.41,Directo
O510381,2025-06-04,C103485,Oeste,2025-03-16,Hogar,Difusor aromas,51.63,2,0.0,103.26,Orgánico
O505449,2025-06-04,C101901,Centro,2025-04-28,Moda,Jeans slim,23.23,1,0.2,23.23,Pauta pagada
O504149,2025-06-04,C103401,Oeste,2025-01-27,Electrónica,Audífonos BT,62.09,1,0.15,62.09,Email
O503776,2025-06-04,C101034,Oeste,2025-05-20,Electrónica,Smartwatch,88.17,2,0.0,176.34,Orgánico
O502084,2025-06-05,C101151,Sur,2025-03-30,Belleza,Serum facial,22.15,1,0.0,22.15,Pauta pagada
O500587,2025-06-05,C103491,Este,2025-04-21,Hogar,Set de sábanas,26.67,1,0.2,26.67,Orgánico
O500070,2025-06-05,C101267,Centro,2025-01-18,Deportes,Botella térmica,17.07,2,0.0,34.14,Orgánico
O507224,2025-06-05,C102020,Oeste,2025-04-27,Moda,Gorra,39.58,1,0.0,39.58,Redes sociales
O502210,2025-06-05,C100369,Sur,2025-02-21,Deportes,Botella térmica,17.07,2,0.0,34.14,Pauta pagada
O507517,2025-06-05,C101497,Centro,2025-05-18,Belleza,Serum facial,22.15,1,0.0,22.15,Directo
O502423,2025-06-05,C100122,Sur,2025-05-30,Deportes,Botella térmica,17.07,1,0.0,17.07,Redes sociales
O510242,2025-06-05,C102014,Sur,2025-02-08,Belleza,Shampoo reparador,9.61,1,0.1,9.61,Pauta pagada
O512753,2025-06-05,C101002,Este,2025-01-28,Deportes,Botella térmica,17.07,1,0.0,17.07,Directo
O504139,2025-06-05,C101230,Oeste,2025-02-25,Electrónica,Audífonos BT,73.05,2,0.0,146.1,Pauta pagada
O505338,2025-06-05,C102041,Este,2025-04-28,Moda,Tenis running,28.91,3,0.0,86.73,Pauta pagada
O507300,2025-06-05,C101801,Sur,2025-04-21,Deportes,Yoga mat,46.1,1,0.0,46.1,Email
O510588,2025-06-05,C103363,Este,2025-01-28,Electrónica,Power bank,71.86,3,0.0,215.58,Redes sociales
O515668,2025-06-05,C101213,Este,2025-01-19,Moda,Camiseta básica,37.12,2,0.0,74.24,Directo
O509410,2025-06-05,C102286,Sur,2025-04-30,Deportes,Guantes gym,11.66,1,0.0,11.66,Redes sociales
O507041,2025-06-06,C100071,Norte,2025-02-09,Moda,Gorra,39.58,2,0.0,79.16,Redes sociales
O506193,2025-06-06,C101459,Sur,2025-03-19,Belleza,Protector solar,10.84,2,0.0,21.68,Orgánico
O511186,2025-06-06,C102109,Sur,2025-03-18,Hogar,Difusor aromas,41.3,1,0.2,41.3,Redes sociales
O512944,2025-06-06,C100923,Oeste,2025-03-06,Hogar,Lámpara LED,58.38,1,0.0,58.38,Redes sociales
O500283,2025-06-06,C100545,Norte,2025-04-18,Deportes,Guantes gym,11.66,1,0.0,11.66,Pauta pagada
O511342,2025-06-06,C103006,Oeste,2025-03-05,Belleza,Set de brochas,15.34,1,0.1,15.34,Orgánico
O514708,2025-06-06,C101227,Centro,2025-05-24,Deportes,Mancuernas ajustables,41.15,2,0.0,82.3,Orgánico
O509300,2025-06-06,C103340,Este,2025-02-10,Belleza,Protector solar,9.21,3,0.15,27.63,Redes sociales
O515205,2025-06-06,C103312,Este,2025-06-03,Electrónica,Audífonos BT,73.05,1,0.0,73.05,Directo
O507083,2025-06-06,C102109,Sur,2025-03-18,Electrónica,Parlante portátil,25.63,1,0.2,25.63,Redes sociales
O509439,2025-06-06,C101662,Oeste,2025-01-02,Deportes,Mancuernas ajustables,41.15,1,0.0,41.15,Directo
O511834,2025-06-06,C100540,Norte,2025-02-04,Electrónica,Power bank,64.67,1,0.1,64.67,Redes sociales
O503802,2025-06-06,C102746,Centro,2025-04-21,Electrónica,Smartwatch,88.17,3,0.0,264.51,Email
O512129,2025-06-07,C102070,Centro,2025-02-06,Belleza,Protector solar,10.84,1,0.0,10.84,Pauta pagada
O514021,2025-06-07,C102386,Centro,2025-05-03,Belleza,Protector solar,10.84,1,0.0,10.84,Redes sociales
O511847,2025-06-07,C100275,Oeste,2025-04-24,Electrónica,Cargador rápido,42.81,2,0.0,85.62,Orgánico
O514401,2025-06-07,C100344,Sur,2025-04-28,Hogar,Set de sábanas,33.34,1,0.0,33.34,Redes sociales
O510961,2025-06-07,C100114,Norte,2025-02-12,Moda,Mochila urbana,19.25,1,0.0,19.25,Pauta pagada
O505453,2025-06-07,C102637,Centro,2025-01-24,Electrónica,Parlante portátil,32.04,1,0.0,32.04,Pauta pagada
O503179,2025-06-07,C102293,Este,2025-05-19,Deportes,Botella térmica,14.51,1,0.15,14.51,Pauta pagada
O515887,2025-06-07,C101694,Sur,2025-05-19,Belleza,Perfume,9.42,1,0.0,9.42,Email
O514380,2025-06-08,C102990,Norte,2025-03-18,Hogar,Difusor aromas,51.63,1,0.0,51.63,Pauta pagada
O500201,2025-06-08,C103148,Oeste,2025-01-03,Moda,Mochila urbana,19.25,1,0.0,19.25,Redes sociales
O514533,2025-06-08,C101280,Sur,2025-02-02,Electrónica,Parlante portátil,32.04,2,0.0,64.08,Email
O502911,2025-06-08,C102308,Este,2025-01-12,Hogar,Cortina blackout,29.37,1,0.0,29.37,Pauta pagada
O516358,2025-06-08,C101705,Centro,2025-05-27,Belleza,Protector solar,9.21,2,0.15,18.42,Email
O511487,2025-06-08,C103100,Este,2025-02-28,Deportes,Guantes gym,11.66,3,0.0,34.98,Redes sociales
O504703,2025-06-08,C100499,Sur,2025-02-27,Deportes,Guantes gym,11.66,2,0.0,23.32,Orgánico
O509948,2025-06-08,C102820,Oeste,2025-06-04,Hogar,Organizador closet,16.5,1,0.0,16.5,Directo
O506272,2025-06-08,C103292,Centro,2025-02-01,Belleza,Set de brochas,17.05,2,0.0,34.1,Pauta pagada
O510555,2025-06-08,C102649,Centro,2025-03-15,Electrónica,Cargador rápido,34.25,2,0.2,68.5,Directo
O506212,2025-06-08,C102832,Este,2025-04-12,Hogar,Difusor aromas,51.63,1,0.0,51.63,Email
O514458,2025-06-08,C101834,Centro,2025-02-17,Moda,Tenis running,28.91,1,0.0,28.91,Orgánico
O513305,2025-06-08,C102850,Sur,2025-05-14,Electrónica,Audífonos BT,73.05,1,0.0,73.05,Redes sociales
O504982,2025-06-08,C101391,Norte,2025-01-19,Electrónica,Parlante portátil,27.23,2,0.15,54.46,Redes sociales
O501191,2025-06-08,C100087,Oeste,2025-04-26,Hogar,Lámpara LED,58.38,1,0.0,58.38,Orgánico
O505904,2025-06-08,C102899,Norte,2025-02-09,Hogar,Difusor aromas,51.63,1,0.0,51.63,Redes sociales
O511515,2025-06-08,C101494,Este,2025-03-18,Belleza,Perfume,9.42,2,0.0,18.84,Orgánico
O500822,2025-06-08,C102109,Sur,2025-03-18,Hogar,Lámpara LED,58.38,2,0.0,116.76,Pauta pagada
O515494,2025-06-09,C103203,Sur,2025-05-08,Deportes,Botella térmica,15.36,2,0.1,30.72,Orgánico
O510157,2025-06-09,C102191,Sur,2025-01-01,Hogar,Difusor aromas,51.63,2,0.0,103.26,Orgánico
O513785,2025-06-09,C103135,Sur,2025-04-01,Electrónica,Parlante portátil,32.04,1,0.0,32.04,Orgánico
O501681,2025-06-09,C100372,Oeste,2025-03-02,Moda,Jeans slim,29.04,1,0.0,29.04,Redes sociales
O501832,2025-06-09,C103036,Este,2025-02-17,Belleza,Perfume,9.42,1,0.0,9.42,Redes sociales
O507863,2025-06-09,C102818,Centro,2025-02-24,Hogar,Difusor aromas,46.47,1,0.1,46.47,Orgánico
O514227,2025-06-09,C100112,Oeste,2025-03-23,Deportes,Banda resistencia,35.09,1,0.0,35.09,Orgánico
O505958,2025-06-09,C100216,Centro,2025-03-02,Belleza,Serum facial,22.15,1,0.0,22.15,Orgánico
O503479,2025-06-09,C100544,Centro,2025-06-07,Belleza,Serum facial,19.93,1,0.1,19.93,Directo
O504487,2025-06-09,C101946,Oeste,2025-04-17,Moda,Gorra,35.62,1,0.1,35.62,Redes sociales
O504901,2025-06-09,C102332,Norte,2025-04-17,Belleza,Perfume,9.42,1,0.0,9.42,Email
O516122,2025-06-09,C102014,Sur,2025-02-08,Belleza,Serum facial,18.83,1,0.15,18.83,Orgánico
O506353,2025-06-09,C100742,Centro,2025-03-13,Moda,Tenis running,26.02,1,0.1,26.02,Directo
O504046,2025-06-09,C100682,Sur,2025-04-04,Deportes,Mancuernas ajustables,41.15,1,0.0,41.15,Pauta pagada
O515178,2025-06-09,C101321,Oeste,2025-05-12,Belleza,Perfume,9.42,3,0.0,28.26,Redes sociales
O501588,2025-06-09,C100940,Oeste,2025-06-01,Hogar,Organizador closet,16.5,2,0.0,33.0,Email
O509534,2025-06-09,C100863,Centro,2025-04-17,Moda,Mochila urbana,17.32,3,0.1,51.96,Pauta pagada
O505988,2025-06-09,C101453,Este,2025-03-14,Deportes,Yoga mat,39.18,1,0.15,39.18,Redes sociales
O513675,2025-06-09,C103156,Centro,2025-05-10,Electrónica,Power bank,71.86,3,0.0,215.58,Redes sociales
O508424,2025-06-09,C102784,Norte,2025-02-06,Belleza,Set de brochas,17.05,2,0.0,34.1,Email
O514019,2025-06-10,C101843,Centro,2025-03-14,Hogar,Organizador closet,16.5,1,0.0,16.5,Directo
O504644,2025-06-10,C102664,Sur,2025-05-29,Belleza,Serum facial,22.15,2,0.0,44.3,Directo
O502943,2025-06-10,C102885,Este,2025-01-06,Hogar,Cortina blackout,29.37,1,0.0,29.37,Redes sociales
O503373,2025-06-10,C101632,Centro,2025-03-06,Moda,Mochila urbana,19.25,2,0.0,38.5,Directo
O506743,2025-06-10,C101434,Norte,2025-05-11,Belleza,Shampoo reparador,8.54,1,0.2,8.54,Orgánico
O510630,2025-06-10,C102501,Centro,2025-01-30,Moda,Tenis running,28.91,1,0.0,28.91,Email
O502944,2025-06-10,C101020,Norte,2025-05-15,Moda,Gorra,39.58,3,0.0,118.74,Redes sociales
O514126,2025-06-10,C103281,Sur,2025-01-27,Moda,Gorra,39.58,2,0.0,79.16,Email
O510730,2025-06-10,C101394,Norte,2025-02-18,Moda,Jeans slim,29.04,2,0.0,58.08,Orgánico
O515492,2025-06-10,C101354,Este,2025-02-15,Belleza,Perfume,8.01,2,0.15,16.02,Orgánico
O501854,2025-06-10,C100510,Centro,2025-03-06,Belleza,Shampoo reparador,9.08,1,0.15,9.08,Directo
O506442,2025-06-10,C100787,Sur,2025-01-06,Electrónica,Parlante portátil,32.04,1,0.0,32.04,Orgánico
O516348,2025-06-10,C100050,Norte,2025-05-13,Electrónica,Audífonos BT,73.05,3,0.0,219.15,Orgánico
O506207,2025-06-10,C101741,Sur,2025-06-09,Hogar,Difusor aromas,43.89,3,0.15,131.67,Orgánico
O510824,2025-06-10,C103010,Centro,2025-06-08,Moda,Gorra,39.58,2,0.0,79.16,Orgánico
O512001,2025-06-10,C101310,Norte,2025-04-17,Moda,Jeans slim,29.04,2,0.0,58.08,Pauta pagada
O508412,2025-06-10,C101745,Oeste,2025-01-01,Deportes,Yoga mat,46.1,1,0.0,46.1,Orgánico
O505576,2025-06-10,C101536,Norte,2025-03-14,Moda,Camiseta básica,37.12,2,0.0,74.24,Directo
O508564,2025-06-10,C102469,Centro,2025-03-01,Deportes,Mancuernas ajustables,41.15,1,0.0,41.15,Pauta pagada
O511042,2025-06-10,C102762,Oeste,2025-01-17,Moda,Mochila urbana,19.25,2,0.0,38.5,Directo
O512815,2025-06-10,C102862,Norte,2025-01-22,Belleza,Serum facial,22.15,2,0.0,44.3,Directo
O501046,2025-06-10,C100265,Centro,2025-02-08,Deportes,Guantes gym,10.49,3,0.1,31.47,Orgánico
O500291,2025-06-10,C103207,Este,2025-01-12,Hogar,Difusor aromas,51.63,2,0.0,103.26,Pauta pagada
O500175,2025-06-11,C102315,Norte,2025-06-07,Belleza,Protector solar,10.84,2,0.0,21.68,Pauta pagada
O508128,2025-06-11,C101570,Sur,2025-04-25,Hogar,Set de sábanas,33.34,2,0.0,66.68,Orgánico
O506012,2025-06-11,C101857,Oeste,2025-02-20,Deportes,Botella térmica,17.07,1,0.0,17.07,Orgánico
O507798,2025-06-11,C101664,Sur,2025-04-30,Hogar,Cortina blackout,29.37,1,0.0,29.37,Orgánico
O504031,2025-06-11,C101505,Sur,2025-04-27,Deportes,Yoga mat,46.1,1,0.0,46.1,Redes sociales
O509808,2025-06-11,C103236,Oeste,2025-05-05,Deportes,Guantes gym,11.66,2,0.0,23.32,Email
O509014,2025-06-11,C101812,Centro,2025-02-24,Deportes,Guantes gym,11.66,2,0.0,23.32,Email
O502638,2025-06-11,C102446,Oeste,2025-02-16,Deportes,Guantes gym,11.66,2,0.0,23.32,Email
O508278,2025-06-11,C101200,Centro,2025-04-18,Hogar,Set de sábanas,33.34,1,0.0,33.34,Orgánico
O507916,2025-06-11,C103311,Norte,2025-03-03,Moda,Jeans slim,24.68,2,0.15,49.36,Pauta pagada
O508042,2025-06-11,C100567,Norte,2025-02-08,Belleza,Serum facial,17.72,2,0.2,35.44,Directo
O508913,2025-06-11,C101727,Este,2025-05-05,Deportes,Mancuernas ajustables,41.15,1,0.0,41.15,Orgánico
O509400,2025-06-11,C100863,Centro,2025-04-17,Belleza,Perfume,8.01,1,0.15,8.01,Pauta pagada
O506890,2025-06-11,C101135,Sur,2025-03-27,Hogar,Lámpara LED,49.62,2,0.15,99.24,Redes sociales
O515778,2025-06-11,C103064,Norte,2025-05-28,Hogar,Lámpara LED,58.38,2,0.0,116.76,Pauta pagada
O509295,2025-06-11,C102776,Centro,2025-02-11,Moda,Jeans slim,24.68,1,0.15,24.68,Redes sociales
O512312,2025-06-11,C101436,Centro,2025-06-06,Hogar,Organizador closet,16.5,1,0.0,16.5,Orgánico
O512139,2025-06-12,C100848,Este,2025-01-16,Hogar,Cortina blackout,29.37,3,0.0,88.11,Orgánico
O508499,2025-06-12,C102018,Este,2025-02-13,Moda,Tenis running,23.13,1,0.2,23.13,Orgánico
O503419,2025-06-12,C101547,Oeste,2025-03-09,Belleza,Set de brochas,17.05,3,0.0,51.15,Pauta pagada
O511209,2025-06-12,C100076,Norte,2025-03-28,Deportes,Yoga mat,39.18,3,0.15,117.54,Pauta pagada
O511309,2025-06-12,C101618,Oeste,2025-01-12,Hogar,Organizador closet,16.5,2,0.0,33.0,Directo
O502533,2025-06-12,C102305,Centro,2025-02-07,Belleza,Protector solar,9.21,3,0.15,27.63,Pauta pagada
O500590,2025-06-12,C102334,Norte,2025-05-08,Electrónica,Audífonos BT,73.05,3,0.0,219.15,Redes sociales
O513153,2025-06-12,C101695,Centro,2025-02-13,Deportes,Yoga mat,46.1,2,0.0,92.2,Email
O515276,2025-06-12,C102528,Sur,2025-05-22,Electrónica,Smartwatch,88.17,1,0.0,88.17,Directo
O506947,2025-06-12,C101212,Este,2025-01-18,Hogar,Cortina blackout,29.37,1,0.0,29.37,Email
O500086,2025-06-12,C102202,Oeste,2025-02-04,Belleza,Shampoo reparador,8.54,1,0.2,8.54,Pauta pagada
O503264,2025-06-12,C102959,Sur,2025-03-27,Moda,Jeans slim,29.04,1,0.0,29.04,Orgánico
O502960,2025-06-12,C102272,Oeste,2025-03-18,Hogar,Set de sábanas,33.34,2,0.0,66.68,Orgánico
O510728,2025-06-12,C100849,Norte,2025-06-08,Hogar,Difusor aromas,46.47,2,0.1,92.94,Redes sociales
O510808,2025-06-12,C102642,Sur,2025-05-13,Hogar,Difusor aromas,51.63,1,0.0,51.63,Directo
O500934,2025-06-12,C102538,Norte,2025-01-02,Electrónica,Power bank,71.86,1,0.0,71.86,Pauta pagada
O507707,2025-06-12,C102416,Norte,2025-03-29,Moda,Tenis running,28.91,1,0.0,28.91,Orgánico
O504169,2025-06-13,C100141,Sur,2025-03-07,Moda,Camiseta básica,37.12,2,0.0,74.24,Redes sociales
O503065,2025-06-13,C101448,Centro,2025-05-12,Moda,Mochila urbana,19.25,2,0.0,38.5,Pauta pagada
O501129,2025-06-13,C103085,Norte,2025-03-25,Deportes,Guantes gym,11.66,1,0.0,11.66,Pauta pagada
O504499,2025-06-13,C103097,Sur,2025-02-16,Belleza,Perfume,9.42,1,0.0,9.42,Pauta pagada
O505032,2025-06-13,C100088,Norte,2025-03-15,Deportes,Guantes gym,11.66,2,0.0,23.32,Email
O508783,2025-06-13,C101565,Sur,2025-02-10,Hogar,Lámpara LED,58.38,2,0.0,116.76,Directo
O503551,2025-06-13,C101182,Norte,2025-03-04,Deportes,Banda resistencia,35.09,1,0.0,35.09,Orgánico
O505598,2025-06-13,C102088,Sur,2025-01-16,Electrónica,Parlante portátil,32.04,1,0.0,32.04,Directo
O504288,2025-06-13,C102837,Oeste,2025-03-06,Deportes,Banda resistencia,35.09,2,0.0,70.18,Directo
O514277,2025-06-14,C103002,Oeste,2025-02-27,Deportes,Mancuernas ajustables,41.15,1,0.0,41.15,Directo
O512097,2025-06-14,C101113,Norte,2025-03-15,Belleza,Serum facial,18.83,2,0.15,37.66,Redes sociales
O501638,2025-06-14,C102630,Sur,2025-01-15,Deportes,Botella térmica,17.07,1,0.0,17.07,Orgánico
O501081,2025-06-14,C100633,Este,2025-02-26,Deportes,Mancuernas ajustables,41.15,1,0.0,41.15,Orgánico
O501603,2025-06-14,C102853,Oeste,2025-06-10,Belleza,Shampoo reparador,10.68,2,0.0,21.36,Orgánico
O506724,2025-06-14,C101686,Este,2025-05-16,Deportes,Guantes gym,11.66,1,0.0,11.66,Pauta pagada
O505941,2025-06-14,C101144,Sur,2025-03-20,Belleza,Serum facial,22.15,1,0.0,22.15,Redes sociales
O513469,2025-06-14,C101149,Sur,2025-04-20,Belleza,Protector solar,10.84,1,0.0,10.84,Redes sociales
O501084,2025-06-14,C100856,Sur,2025-03-31,Hogar,Cortina blackout,29.37,1,0.0,29.37,Email
O512936,2025-06-14,C100606,Sur,2025-03-31,Hogar,Difusor aromas,51.63,3,0.0,154.89,Orgánico
O512346,2025-06-14,C101371,Sur,2025-01-02,Moda,Gorra,39.58,1,0.0,39.58,Redes sociales
O510148,2025-06-14,C102058,Norte,2025-04-23,Electrónica,Audífonos BT,73.05,1,0.0,73.05,Redes sociales
O510901,2025-06-15,C103007,Oeste,2025-03-13,Deportes,Banda resistencia,35.09,3,0.0,105.27,Orgánico
O504158,2025-06-15,C100986,Este,2025-01-02,Electrónica,Power bank,61.08,3,0.15,183.24,Pauta pagada
O503267,2025-06-15,C101478,Sur,2025-06-12,Deportes,Banda resistencia,29.83,3,0.15,89.49,Email
O505120,2025-06-15,C102260,Norte,2025-03-14,Belleza,Serum facial,18.83,1,0.15,18.83,Directo
O503090,2025-06-15,C102829,Norte,2025-06-13,Electrónica,Smartwatch,88.17,1,0.0,88.17,Pauta pagada
O514709,2025-06-15,C103154,Norte,2025-05-24,Deportes,Mancuernas ajustables,41.15,3,0.0,123.45,Pauta pagada
O505288,2025-06-15,C101091,Sur,2025-02-19,Hogar,Set de sábanas,33.34,2,0.0,66.68,Orgánico
O512255,2025-06-15,C102778,Norte,2025-03-23,Electrónica,Audífonos BT,73.05,1,0.0,73.05,Email
O508724,2025-06-15,C101046,Norte,2025-04-06,Moda,Camiseta básica,31.55,2,0.15,63.1,Redes sociales
O505894,2025-06-15,C101091,Sur,2025-02-19,Belleza,Shampoo reparador,10.68,3,0.0,32.04,Pauta pagada
O509623,2025-06-15,C102535,Sur,2025-02-12,Electrónica,Power bank,71.86,1,0.0,71.86,Orgánico
O511789,2025-06-15,C102787,Este,2025-02-26,Moda,Camiseta básica,37.12,2,0.0,74.24,Orgánico
O503423,2025-06-15,C102885,Este,2025-01-06,Belleza,Perfume,9.42,3,0.0,28.26,Orgánico
O513483,2025-06-15,C101185,Oeste,2025-02-07,Hogar,Organizador closet,14.02,1,0.15,14.02,Directo
O500547,2025-06-15,C101941,Este,2025-05-30,Deportes,Banda resistencia,35.09,1,0.0,35.09,Orgánico
O503012,2025-06-15,C102826,Este,2025-02-09,Hogar,Difusor aromas,51.63,1,0.0,51.63,Email
O509471,2025-06-15,C101580,Centro,2025-05-10,Hogar,Lámpara LED,58.38,3,0.0,175.14,Directo
O511887,2025-06-15,C101137,Centro,2025-04-29,Deportes,Botella térmica,17.07,3,0.0,51.21,Redes sociales
O510243,2025-06-16,C102784,Norte,2025-02-06,Electrónica,Audífonos BT,73.05,3,0.0,219.15,Redes sociales
O513167,2025-06-16,C101242,Oeste,2025-01-11,Hogar,Set de sábanas,33.34,1,0.0,33.34,Orgánico
O503131,2025-06-16,C101016,Centro,2025-01-21,Moda,Camiseta básica,37.12,3,0.0,111.36,Pauta pagada
O503550,2025-06-16,C103169,Sur,2025-04-14,Electrónica,Audífonos BT,73.05,1,0.0,73.05,Orgánico
O500800,2025-06-16,C100514,Norte,2025-05-12,Electrónica,Smartwatch,88.17,2,0.0,176.34,Orgánico
O502392,2025-06-16,C101656,Norte,2025-04-19,Moda,Mochila urbana,19.25,1,0.0,19.25,Pauta pagada
O515714,2025-06-16,C101883,Centro,2025-05-26,Deportes,Botella térmica,14.51,2,0.15,29.02,Redes sociales
O504022,2025-06-16,C100724,Centro,2025-02-23,Deportes,Mancuernas ajustables,41.15,1,0.0,41.15,Orgánico
O503334,2025-06-16,C102021,Sur,2025-04-27,Belleza,Set de brochas,14.49,3,0.15,43.47,Pauta pagada
O502507,2025-06-16,C101106,Sur,2025-05-06,Hogar,Difusor aromas,51.63,1,0.0,51.63,Redes sociales
O505606,2025-06-16,C102170,Sur,2025-04-05,Electrónica,Audífonos BT,73.05,2,0.0,146.1,Email
O505531,2025-06-16,C103317,Norte,2025-02-26,Deportes,Banda resistencia,35.09,1,0.0,35.09,Pauta pagada
O513111,2025-06-16,C101077,Norte,2025-01-31,Deportes,Banda resistencia,35.09,2,0.0,70.18,Orgánico
O500016,2025-06-16,C101005,Norte,2025-01-31,Electrónica,Power bank,71.86,1,0.0,71.86,Orgánico
O506666,2025-06-16,C101604,Oeste,2025-02-08,Belleza,Shampoo reparador,10.68,3,0.0,32.04,Email
O515975,2025-06-16,C102436,Centro,2025-03-31,Deportes,Mancuernas ajustables,32.92,1,0.2,32.92,Pauta pagada
O512887,2025-06-16,C102833,Norte,2025-03-29,Hogar,Organizador closet,16.5,1,0.0,16.5,Orgánico
O513880,2025-06-17,C102159,Norte,2025-01-10,Deportes,Botella térmica,17.07,1,0.0,17.07,Orgánico
O502948,2025-06-17,C101101,Oeste,2025-05-24,Hogar,Difusor aromas,51.63,2,0.0,103.26,Redes sociales
O500999,2025-06-17,C102216,Centro,2025-04-20,Moda,Jeans slim,29.04,2,0.0,58.08,Directo
O510287,2025-06-17,C101631,Este,2025-04-07,Belleza,Serum facial,22.15,1,0.0,22.15,Redes sociales
O513112,2025-06-17,C101552,Centro,2025-06-15,Deportes,Guantes gym,11.66,1,0.0,11.66,Email
O511273,2025-06-17,C103304,Este,2025-06-01,Hogar,Lámpara LED,58.38,1,0.0,58.38,Orgánico
O511722,2025-06-17,C101409,Norte,2025-04-03,Moda,Jeans slim,29.04,2,0.0,58.08,Orgánico
O511236,2025-06-17,C100623,Centro,2025-02-15,Deportes,Botella térmica,14.51,1,0.15,14.51,Redes sociales
O510550,2025-06-17,C100230,Centro,2025-04-16,Belleza,Shampoo reparador,10.68,2,0.0,21.36,Orgánico
O515027,2025-06-17,C102065,Norte,2025-01-01,Electrónica,Cargador rápido,42.81,2,0.0,85.62,Directo
O511162,2025-06-17,C100936,Centro,2025-02-21,Electrónica,Audífonos BT,73.05,1,0.0,73.05,Pauta pagada
O511144,2025-06-17,C101234,Centro,2025-06-01,Moda,Gorra,39.58,2,0.0,79.16,Email
O515570,2025-06-17,C100518,Norte,2025-02-21,Hogar,Organizador closet,16.5,3,0.0,49.5,Directo
O509303,2025-06-17,C102089,Sur,2025-02-03,Electrónica,Parlante portátil,32.04,1,0.0,32.04,Email
O515897,2025-06-17,C102473,Este,2025-05-18,Hogar,Difusor aromas,51.63,1,0.0,51.63,Pauta pagada
O512078,2025-06-17,C103274,Sur,2025-04-17,Hogar,Set de sábanas,28.34,2,0.15,56.68,Redes sociales
O515643,2025-06-17,C103348,Norte,2025-04-14,Hogar,Cortina blackout,23.5,2,0.2,47.0,Pauta pagada
O508905,2025-06-18,C100272,Centro,2025-03-12,Belleza,Shampoo reparador,10.68,2,0.0,21.36,Orgánico
O510989,2025-06-18,C103447,Centro,2025-05-31,Electrónica,Audífonos BT,73.05,1,0.0,73.05,Pauta pagada
O510995,2025-06-18,C103377,Sur,2025-03-28,Moda,Camiseta básica,37.12,3,0.0,111.36,Email
O513172,2025-06-18,C100812,Oeste,2025-02-22,Electrónica,Cargador rápido,42.81,3,0.0,128.43,Redes sociales
O504069,2025-06-18,C102885,Este,2025-01-06,Electrónica,Cargador rápido,42.81,3,0.0,128.43,Directo
O504741,2025-06-18,C101938,Norte,2025-06-18,Deportes,Guantes gym,11.66,1,0.0,11.66,Pauta pagada
O505728,2025-06-18,C100159,Norte,2025-01-06,Hogar,Organizador closet,16.5,1,0.0,16.5,Pauta pagada
O504614,2025-06-18,C101228,Centro,2025-03-26,Hogar,Cortina blackout,29.37,1,0.0,29.37,Redes sociales
O500806,2025-06-18,C101080,Sur,2025-06-14,Electrónica,Parlante portátil,32.04,1,0.0,32.04,Orgánico
O508792,2025-06-18,C100118,Norte,2025-01-09,Electrónica,Smartwatch,88.17,2,0.0,176.34,Orgánico
O500574,2025-06-18,C102672,Sur,2025-02-15,Hogar,Difusor aromas,43.89,1,0.15,43.89,Directo
O502663,2025-06-18,C102454,Centro,2025-01-26,Hogar,Lámpara LED,58.38,2,0.0,116.76,Directo
O502536,2025-06-18,C102521,Norte,2025-01-15,Deportes,Guantes gym,11.66,2,0.0,23.32,Redes sociales
O516232,2025-06-18,C100334,Norte,2025-05-28,Belleza,Protector solar,10.84,3,0.0,32.52,Orgánico
O515308,2025-06-18,C103207,Este,2025-01-12,Hogar,Cortina blackout,26.43,1,0.1,26.43,Orgánico
O507390,2025-06-18,C100861,Norte,2025-03-26,Hogar,Difusor aromas,51.63,2,0.0,103.26,Redes sociales
O514352,2025-06-18,C102639,Norte,2025-03-13,Electrónica,Parlante portátil,32.04,2,0.0,64.08,Pauta pagada
O504684,2025-06-18,C103275,Oeste,2025-03-19,Moda,Tenis running,28.91,1,0.0,28.91,Directo
O512721,2025-06-18,C102892,Oeste,2025-06-14,Moda,Tenis running,28.91,3,0.0,86.73,Orgánico
O507526,2025-06-18,C102986,Centro,2025-05-13,Hogar,Set de sábanas,33.34,2,0.0,66.68,Redes sociales
O506542,2025-06-18,C100481,Este,2025-06-02,Belleza,Set de brochas,17.05,1,0.0,17.05,Pauta pagada
O516312,2025-06-18,C102412,Norte,2025-02-24,Electrónica,Audífonos BT,73.05,2,0.0,146.1,Email
O512526,2025-06-18,C100548,Norte,2025-04-26,Electrónica,Cargador rápido,42.81,3,0.0,128.43,Redes sociales
O507543,2025-06-18,C102469,Centro,2025-03-01,Hogar,Set de sábanas,33.34,2,0.0,66.68,Directo
O516218,2025-06-18,C100098,Sur,2025-03-07,Deportes,Guantes gym,11.66,2,0.0,23.32,Orgánico
O504956,2025-06-19,C100619,Centro,2025-01-15,Electrónica,Smartwatch,70.54,1,0.2,70.54,Orgánico
O513761,2025-06-19,C100873,Este,2025-03-30,Belleza,Set de brochas,14.49,1,0.15,14.49,Email
O514990,2025-06-19,C101404,Norte,2025-02-27,Deportes,Yoga mat,46.1,1,0.0,46.1,Directo
O501344,2025-06-19,C102929,Centro,2025-03-03,Electrónica,Audífonos BT,73.05,2,0.0,146.1,Directo
O506030,2025-06-19,C101273,Centro,2025-02-24,Electrónica,Cargador rápido,42.81,2,0.0,85.62,Pauta pagada
O516048,2025-06-19,C102436,Centro,2025-03-31,Moda,Jeans slim,29.04,1,0.0,29.04,Directo
O500660,2025-06-19,C100087,Oeste,2025-04-26,Hogar,Lámpara LED,58.38,3,0.0,175.14,Redes sociales
O514287,2025-06-19,C101545,Centro,2025-03-15,Electrónica,Audífonos BT,73.05,2,0.0,146.1,Email
O510525,2025-06-19,C101971,Centro,2025-02-26,Moda,Mochila urbana,19.25,3,0.0,57.75,Pauta pagada
O505138,2025-06-19,C102222,Oeste,2025-06-01,Electrónica,Cargador rápido,42.81,1,0.0,42.81,Orgánico
O502908,2025-06-19,C102544,Este,2025-01-26,Hogar,Cortina blackout,29.37,1,0.0,29.37,Pauta pagada
O500781,2025-06-19,C102183,Sur,2025-04-25,Electrónica,Audífonos BT,73.05,3,0.0,219.15,Orgánico
O501709,2025-06-19,C100597,Centro,2025-01-19,Electrónica,Smartwatch,88.17,3,0.0,264.51,Orgánico
O507555,2025-06-19,C100650,Norte,2025-01-02,Electrónica,Cargador rápido,42.81,2,0.0,85.62,Orgánico
O501814,2025-06-19,C100168,Centro,2025-04-19,Moda,Camiseta básica,33.41,2,0.1,66.82,Redes sociales
O505082,2025-06-19,C102853,Oeste,2025-06-10,Deportes,Banda resistencia,31.58,1,0.1,31.58,Email
O507384,2025-06-19,C101378,Este,2025-05-22,Hogar,Set de sábanas,26.67,1,0.2,26.67,Pauta pagada
O500507,2025-06-19,C101460,Sur,2025-05-06,Moda,Gorra,33.64,1,0.15,33.64,Pauta pagada
O506232,2025-06-19,C102455,Norte,2025-04-14,Deportes,Banda resistencia,35.09,1,0.0,35.09,Pauta pagada
O503697,2025-06-19,C102431,Oeste,2025-02-06,Deportes,Guantes gym,11.66,1,0.0,11.66,Email
O503151,2025-06-19,C100872,Norte,2025-04-09,Hogar,Organizador closet,16.5,1,0.0,16.5,Redes sociales
O506103,2025-06-19,C103207,Este,2025-01-12,Belleza,Set de brochas,17.05,1,0.0,17.05,Pauta pagada
O514966,2025-06-20,C100024,Norte,2025-06-02,Deportes,Botella térmica,17.07,1,0.0,17.07,Directo
O510776,2025-06-20,C103009,Centro,2025-05-30,Belleza,Serum facial,18.83,2,0.15,37.66,Orgánico
O508554,2025-06-20,C103067,Oeste,2025-05-26,Belleza,Set de brochas,17.05,1,0.0,17.05,Pauta pagada
O515202,2025-06-20,C103280,Norte,2025-05-19,Deportes,Guantes gym,11.66,1,0.0,11.66,Orgánico
O514698,2025-06-20,C102025,Norte,2025-06-05,Belleza,Perfume,9.42,2,0.0,18.84,Redes sociales
O506256,2025-06-20,C100317,Centro,2025-04-02,Electrónica,Cargador rápido,42.81,2,0.0,85.62,Pauta pagada
O507402,2025-06-20,C100768,Centro,2025-01-16,Moda,Mochila urbana,16.36,1,0.15,16.36,Pauta pagada
O506905,2025-06-20,C102349,Norte,2025-05-23,Hogar,Set de sábanas,28.34,1,0.15,28.34,Orgánico
O515576,2025-06-20,C100775,Centro,2025-01-21,Deportes,Yoga mat,46.1,3,0.0,138.3,Redes sociales
O506472,2025-06-20,C100387,Este,2025-04-19,Electrónica,Parlante portátil,32.04,2,0.0,64.08,Orgánico
O505211,2025-06-20,C103298,Norte,2025-04-23,Electrónica,Audífonos BT,73.05,2,0.0,146.1,Pauta pagada
O508674,2025-06-21,C100672,Norte,2025-06-12,Belleza,Perfume,9.42,2,0.0,18.84,Orgánico
O514986,2025-06-21,C101278,Norte,2025-01-08,Belleza,Serum facial,22.15,1,0.0,22.15,Directo
O507682,2025-06-21,C101135,Sur,2025-03-27,Electrónica,Audífonos BT,73.05,3,0.0,219.15,Directo
O508155,2025-06-21,C102847,Sur,2025-04-25,Electrónica,Parlante portátil,32.04,1,0.0,32.04,Pauta pagada
O504201,2025-06-21,C101553,Centro,2025-04-05,Electrónica,Parlante portátil,32.04,1,0.0,32.04,Orgánico
O514349,2025-06-21,C103317,Norte,2025-02-26,Moda,Mochila urbana,19.25,1,0.0,19.25,Orgánico
O502825,2025-06-21,C100640,Centro,2025-02-06,Belleza,Serum facial,22.15,3,0.0,66.45,Orgánico
O516247,2025-06-21,C100935,Norte,2025-04-23,Belleza,Set de brochas,17.05,1,0.0,17.05,Pauta pagada
O506709,2025-06-21,C102086,Norte,2025-06-15,Deportes,Botella térmica,14.51,3,0.15,43.53,Pauta pagada
O512075,2025-06-21,C101489,Sur,2025-03-16,Electrónica,Power bank,71.86,3,0.0,215.58,Orgánico
O511647,2025-06-21,C101819,Centro,2025-06-03,Electrónica,Smartwatch,79.35,1,0.1,79.35,Orgánico
O502630,2025-06-21,C102484,Centro,2025-06-13,Electrónica,Parlante portátil,25.63,1,0.2,25.63,Directo
O500593,2025-06-21,C100682,Sur,2025-04-04,Hogar,Set de sábanas,33.34,1,0.0,33.34,Email
O504470,2025-06-21,C102193,Centro,2025-03-19,Moda,Mochila urbana,17.32,1,0.1,17.32,Orgánico
O504907,2025-06-21,C102892,Oeste,2025-06-14,Deportes,Guantes gym,9.91,1,0.15,9.91,Directo
O516110,2025-06-21,C100386,Centro,2025-03-27,Electrónica,Audífonos BT,73.05,1,0.0,73.05,Redes sociales
O508310,2025-06-21,C101379,Norte,2025-02-16,Hogar,Organizador closet,16.5,2,0.0,33.0,Redes sociales
O504484,2025-06-21,C103348,Norte,2025-04-14,Moda,Camiseta básica,31.55,1,0.15,31.55,Pauta pagada
O509827,2025-06-21,C100824,Centro,2025-06-20,Deportes,Yoga mat,46.1,1,0.0,46.1,Directo
O512692,2025-06-21,C102728,Oeste,2025-04-14,Electrónica,Power bank,71.86,2,0.0,143.72,Directo
O513756,2025-06-21,C103253,Centro,2025-03-15,Hogar,Difusor aromas,51.63,2,0.0,103.26,Orgánico
O509326,2025-06-21,C101043,Norte,2025-01-02,Electrónica,Power bank,64.67,1,0.1,64.67,Email
O509044,2025-06-21,C103018,Sur,2025-02-19,Moda,Jeans slim,29.04,1,0.0,29.04,Orgánico
O500551,2025-06-22,C102298,Sur,2025-06-21,Deportes,Mancuernas ajustables,41.15,1,0.0,41.15,Orgánico
O515447,2025-06-22,C101576,Oeste,2025-02-08,Moda,Tenis running,28.91,3,0.0,86.73,Email
O513518,2025-06-22,C103271,Centro,2025-05-02,Hogar,Lámpara LED,49.62,2,0.15,99.24,Redes sociales
O511772,2025-06-22,C100366,Norte,2025-04-02,Moda,Jeans slim,29.04,3,0.0,87.12,Redes sociales
O509526,2025-06-22,C103236,Oeste,2025-05-05,Moda,Tenis running,23.13,2,0.2,46.26,Email
O501443,2025-06-22,C100986,Este,2025-01-02,Moda,Gorra,39.58,1,0.0,39.58,Email
O507703,2025-06-22,C102461,Norte,2025-01-09,Hogar,Organizador closet,16.5,1,0.0,16.5,Directo
O511548,2025-06-22,C102682,Centro,2025-03-01,Belleza,Perfume,9.42,3,0.0,28.26,Email
O506507,2025-06-22,C101294,Oeste,2025-03-26,Electrónica,Parlante portátil,27.23,3,0.15,81.69,Directo
O506582,2025-06-22,C100673,Sur,2025-02-22,Electrónica,Audífonos BT,73.05,2,0.0,146.1,Directo
O506607,2025-06-22,C102713,Oeste,2025-01-25,Deportes,Guantes gym,11.66,2,0.0,23.32,Email
O509020,2025-06-22,C101522,Norte,2025-05-13,Belleza,Protector solar,9.21,2,0.15,18.42,Directo
O511072,2025-06-22,C102790,Este,2025-05-25,Hogar,Cortina blackout,29.37,3,0.0,88.11,Pauta pagada
O504631,2025-06-22,C101422,Este,2025-04-08,Hogar,Set de sábanas,33.34,2,0.0,66.68,Redes sociales
O502692,2025-06-22,C102498,Norte,2025-06-01,Electrónica,Audífonos BT,73.05,3,0.0,219.15,Redes sociales
O508658,2025-06-22,C100581,Oeste,2025-03-29,Hogar,Cortina blackout,29.37,2,0.0,58.74,Orgánico
O514026,2025-06-22,C101261,Centro,2025-03-25,Moda,Jeans slim,29.04,1,0.0,29.04,Pauta pagada
O514604,2025-06-22,C103106,Sur,2025-01-21,Belleza,Set de brochas,17.05,2,0.0,34.1,Directo
O511297,2025-06-22,C100672,Norte,2025-06-12,Deportes,Botella térmica,14.51,1,0.15,14.51,Pauta pagada
O507536,2025-06-22,C102902,Norte,2025-03-13,Hogar,Cortina blackout,29.37,1,0.0,29.37,Pauta pagada
O500997,2025-06-22,C102025,Norte,2025-06-05,Electrónica,Audífonos BT,73.05,2,0.0,146.1,Pauta pagada
O506155,2025-06-22,C102344,Oeste,2025-04-22,Electrónica,Smartwatch,88.17,2,0.0,176.34,Redes sociales
O501366,2025-06-22,C102949,Este,2025-04-07,Electrónica,Parlante portátil,32.04,2,0.0,64.08,Pauta pagada
O509409,2025-06-22,C101100,Centro,2025-01-23,Hogar,Set de sábanas,30.01,1,0.1,30.01,Pauta pagada
O504718,2025-06-22,C103003,Sur,2025-05-16,Moda,Tenis running,28.91,1,0.0,28.91,Directo
O510034,2025-06-23,C100563,Este,2025-04-14,Belleza,Set de brochas,17.05,2,0.0,34.1,Redes sociales
O508631,2025-06-23,C103006,Oeste,2025-03-05,Hogar,Organizador closet,16.5,3,0.0,49.5,Redes sociales
O507394,2025-06-23,C103074,Oeste,2025-06-08,Moda,Gorra,39.58,1,0.0,39.58,Pauta pagada
O507987,2025-06-23,C100244,Sur,2025-04-16,Moda,Camiseta básica,37.12,1,0.0,37.12,Email
O504532,2025-06-23,C100222,Este,2025-06-07,Moda,Tenis running,26.02,1,0.1,26.02,Orgánico
O501701,2025-06-23,C103491,Este,2025-04-21,Hogar,Lámpara LED,58.38,1,0.0,58.38,Pauta pagada
O515542,2025-06-23,C101766,Norte,2025-06-01,Moda,Camiseta básica,31.55,1,0.15,31.55,Orgánico
O512261,2025-06-23,C100334,Norte,2025-05-28,Electrónica,Audífonos BT,73.05,2,0.0,146.1,Email
O503959,2025-06-23,C101884,Norte,2025-06-10,Hogar,Difusor aromas,46.47,3,0.1,139.41,Directo
O503730,2025-06-23,C103482,Este,2025-05-27,Electrónica,Parlante portátil,32.04,2,0.0,64.08,Orgánico
O506807,2025-06-23,C101896,Centro,2025-03-06,Deportes,Banda resistencia,28.07,2,0.2,56.14,Pauta pagada
O508949,2025-06-23,C101057,Oeste,2025-03-28,Hogar,Organizador closet,16.5,1,0.0,16.5,Email
O503886,2025-06-23,C103494,Sur,2025-03-30,Hogar,Lámpara LED,58.38,2,0.0,116.76,Orgánico
O511993,2025-06-23,C100900,Sur,2025-05-16,Moda,Gorra,39.58,2,0.0,79.16,Orgánico
O505758,2025-06-23,C101341,Sur,2025-05-07,Electrónica,Parlante portátil,32.04,2,0.0,64.08,Orgánico
O504927,2025-06-23,C102318,Centro,2025-05-19,Moda,Tenis running,28.91,1,0.0,28.91,Email
O515526,2025-06-24,C103264,Centro,2025-04-07,Belleza,Perfume,9.42,2,0.0,18.84,Pauta pagada
O503744,2025-06-24,C101631,Este,2025-04-07,Deportes,Yoga mat,46.1,2,0.0,92.2,Pauta pagada
O505103,2025-06-24,C101604,Oeste,2025-02-08,Deportes,Botella térmica,17.07,2,0.0,34.14,Directo
O514876,2025-06-24,C100497,Sur,2025-04-25,Deportes,Botella térmica,17.07,1,0.0,17.07,Directo
O504315,2025-06-24,C102700,Norte,2025-01-12,Deportes,Guantes gym,11.66,2,0.0,23.32,Orgánico
O501933,2025-06-24,C101510,Oeste,2025-05-21,Belleza,Shampoo reparador,10.68,2,0.0,21.36,Orgánico
O504192,2025-06-24,C102662,Centro,2025-06-22,Belleza,Perfume,9.42,2,0.0,18.84,Pauta pagada
O514288,2025-06-24,C100640,Centro,2025-02-06,Electrónica,Smartwatch,88.17,2,0.0,176.34,Orgánico
O503278,2025-06-24,C100268,Centro,2025-06-23,Hogar,Difusor aromas,46.47,2,0.1,92.94,Orgánico
O504878,2025-06-24,C100370,Norte,2025-06-08,Deportes,Yoga mat,46.1,1,0.0,46.1,Directo
O513283,2025-06-24,C101167,Centro,2025-06-10,Hogar,Organizador closet,16.5,1,0.0,16.5,Redes sociales
O502690,2025-06-24,C102334,Norte,2025-05-08,Deportes,Guantes gym,9.91,1,0.15,9.91,Pauta pagada
O510822,2025-06-24,C103282,Oeste,2025-01-23,Belleza,Serum facial,18.83,3,0.15,56.49,Redes sociales
O513230,2025-06-24,C102937,Este,2025-05-28,Belleza,Set de brochas,13.64,2,0.2,27.28,Pauta pagada
O506755,2025-06-24,C100000,Centro,2025-03-07,Hogar,Difusor aromas,51.63,1,0.0,51.63,Pauta pagada
O501574,2025-06-24,C100926,Este,2025-04-26,Belleza,Shampoo reparador,9.61,1,0.1,9.61,Directo
O500606,2025-06-24,C101156,Norte,2025-05-07,Belleza,Shampoo reparador,9.61,2,0.1,19.22,Pauta pagada
O504107,2025-06-24,C101853,Centro,2025-02-17,Belleza,Protector solar,10.84,3,0.0,32.52,Directo
O515608,2025-06-24,C100209,Oeste,2025-02-08,Belleza,Protector solar,10.84,1,0.0,10.84,Pauta pagada
O514096,2025-06-24,C101431,Norte,2025-01-05,Belleza,Perfume,9.42,3,0.0,28.26,Pauta pagada
O514099,2025-06-24,C102460,Norte,2025-01-25,Electrónica,Parlante portátil,32.04,3,0.0,96.12,Pauta pagada
O500622,2025-06-24,C101523,Oeste,2025-05-24,Electrónica,Power bank,61.08,2,0.15,122.16,Redes sociales
O513936,2025-06-25,C101554,Centro,2025-02-16,Deportes,Mancuernas ajustables,41.15,1,0.0,41.15,Pauta pagada
O504793,2025-06-25,C101269,Centro,2025-06-18,Hogar,Difusor aromas,51.63,3,0.0,154.89,Orgánico
O509472,2025-06-25,C103254,Centro,2025-01-07,Belleza,Protector solar,10.84,1,0.0,10.84,Pauta pagada
O511936,2025-06-25,C103234,Centro,2025-05-29,Electrónica,Parlante portátil,32.04,2,0.0,64.08,Pauta pagada
O511956,2025-06-25,C103068,Centro,2025-04-04,Deportes,Mancuernas ajustables,41.15,1,0.0,41.15,Email
O508907,2025-06-25,C101395,Centro,2025-04-18,Belleza,Serum facial,22.15,2,0.0,44.3,Pauta pagada
O510190,2025-06-25,C102599,Este,2025-05-12,Moda,Mochila urbana,16.36,1,0.15,16.36,Pauta pagada
O501844,2025-06-25,C100962,Sur,2025-06-18,Hogar,Organizador closet,16.5,1,0.0,16.5,Redes sociales
O505823,2025-06-25,C100329,Sur,2025-02-07,Deportes,Yoga mat,46.1,1,0.0,46.1,Orgánico
O513127,2025-06-25,C102147,Sur,2025-04-16,Belleza,Set de brochas,15.34,2,0.1,30.68,Orgánico
O514062,2025-06-25,C101520,Centro,2025-05-04,Hogar,Difusor aromas,51.63,2,0.0,103.26,Directo
O516324,2025-06-25,C100229,Oeste,2025-02-09,Electrónica,Power bank,64.67,2,0.1,129.34,Pauta pagada
O511453,2025-06-25,C101964,Sur,2025-02-12,Hogar,Difusor aromas,51.63,3,0.0,154.89,Email
O508083,2025-06-25,C101946,Oeste,2025-04-17,Belleza,Serum facial,18.83,2,0.15,37.66,Orgánico
O501583,2025-06-25,C100934,Norte,2025-06-03,Belleza,Perfume,9.42,3,0.0,28.26,Redes sociales
O504234,2025-06-25,C101159,Centro,2025-04-14,Moda,Jeans slim,29.04,1,0.0,29.04,Email
O515145,2025-06-26,C102614,Este,2025-02-01,Electrónica,Parlante portátil,32.04,3,0.0,96.12,Pauta pagada
O510460,2025-06-26,C101255,Este,2025-03-30,Moda,Mochila urbana,17.32,3,0.1,51.96,Email
O511951,2025-06-26,C102071,Norte,2025-01-13,Moda,Jeans slim,29.04,2,0.0,58.08,Email
O512386,2025-06-26,C101016,Centro,2025-01-21,Moda,Tenis running,28.91,1,0.0,28.91,Redes sociales
O505841,2025-06-26,C103356,Centro,2025-04-30,Electrónica,Cargador rápido,42.81,1,0.0,42.81,Redes sociales
O506417,2025-06-26,C102018,Este,2025-02-13,Moda,Tenis running,23.13,2,0.2,46.26,Orgánico
O511306,2025-06-26,C100419,Sur,2025-02-18,Belleza,Shampoo reparador,10.68,1,0.0,10.68,Directo
O514391,2025-06-26,C100098,Sur,2025-03-07,Electrónica,Audífonos BT,73.05,1,0.0,73.05,Directo
O509441,2025-06-26,C102997,Oeste,2025-02-02,Deportes,Yoga mat,39.18,2,0.15,78.36,Directo
O515766,2025-06-26,C100636,Este,2025-01-20,Hogar,Cortina blackout,29.37,2,0.0,58.74,Redes sociales
O515972,2025-06-26,C100296,Sur,2025-06-06,Electrónica,Cargador rápido,42.81,1,0.0,42.81,Orgánico
O505984,2025-06-26,C103046,Norte,2025-03-19,Moda,Camiseta básica,37.12,2,0.0,74.24,Redes sociales
O505313,2025-06-26,C100135,Norte,2025-02-14,Hogar,Lámpara LED,52.54,1,0.1,52.54,Pauta pagada
O500742,2025-06-26,C102393,Centro,2025-06-20,Electrónica,Power bank,71.86,2,0.0,143.72,Redes sociales
O508996,2025-06-26,C102556,Centro,2025-04-16,Electrónica,Smartwatch,88.17,3,0.0,264.51,Redes sociales
O502414,2025-06-26,C100936,Centro,2025-02-21,Electrónica,Audífonos BT,65.74,1,0.1,65.74,Redes sociales
O508741,2025-06-26,C100654,Oeste,2025-06-17,Hogar,Cortina blackout,29.37,3,0.0,88.11,Redes sociales
O514682,2025-06-27,C101294,Oeste,2025-03-26,Deportes,Guantes gym,11.66,3,0.0,34.98,Directo
O504803,2025-06-27,C103156,Centro,2025-05-10,Moda,Camiseta básica,37.12,1,0.0,37.12,Redes sociales
O507717,2025-06-27,C103425,Oeste,2025-06-07,Moda,Camiseta básica,37.12,1,0.0,37.12,Pauta pagada
O504601,2025-06-27,C101689,Centro,2025-03-17,Belleza,Shampoo reparador,10.68,1,0.0,10.68,Pauta pagada
O515132,2025-06-27,C100292,Este,2025-03-13,Belleza,Protector solar,10.84,2,0.0,21.68,Pauta pagada
O507400,2025-06-27,C101043,Norte,2025-01-02,Belleza,Serum facial,22.15,1,0.0,22.15,Pauta pagada
O514673,2025-06-27,C103482,Este,2025-05-27,Deportes,Yoga mat,46.1,1,0.0,46.1,Pauta pagada
O508583,2025-06-27,C102847,Sur,2025-04-25,Belleza,Protector solar,10.84,1,0.0,10.84,Redes sociales
O508055,2025-06-27,C100587,Norte,2025-03-14,Hogar,Cortina blackout,29.37,3,0.0,88.11,Redes sociales
O508203,2025-06-27,C102318,Centro,2025-05-19,Hogar,Difusor aromas,51.63,1,0.0,51.63,Email
O512493,2025-06-27,C102225,Sur,2025-06-04,Belleza,Serum facial,22.15,1,0.0,22.15,Pauta pagada
O516318,2025-06-27,C101675,Centro,2025-02-18,Hogar,Difusor aromas,51.63,1,0.0,51.63,Pauta pagada
O515670,2025-06-27,C101185,Oeste,2025-02-07,Hogar,Difusor aromas,51.63,2,0.0,103.26,Pauta pagada
O501702,2025-06-27,C103058,Sur,2025-01-09,Belleza,Serum facial,22.15,1,0.0,22.15,Orgánico
O510395,2025-06-27,C100827,Sur,2025-03-02,Deportes,Mancuernas ajustables,32.92,1,0.2,32.92,Pauta pagada
O513507,2025-06-27,C102991,Sur,2025-03-17,Belleza,Set de brochas,17.05,1,0.0,17.05,Pauta pagada
O501740,2025-06-27,C100021,Oeste,2025-01-09,Belleza,Set de brochas,17.05,1,0.0,17.05,Redes sociales
O510716,2025-06-27,C102123,Sur,2025-05-26,Belleza,Perfume,9.42,2,0.0,18.84,Orgánico
O516378,2025-06-27,C103296,Oeste,2025-05-30,Electrónica,Power bank,71.86,3,0.0,215.58,Directo
O512804,2025-06-27,C102337,Este,2025-04-28,Hogar,Difusor aromas,51.63,1,0.0,51.63,Pauta pagada
O509710,2025-06-27,C101002,Este,2025-01-28,Hogar,Difusor aromas,51.63,1,0.0,51.63,Pauta pagada
O506470,2025-06-27,C100047,Este,2025-06-10,Deportes,Yoga mat,46.1,2,0.0,92.2,Pauta pagada
O514433,2025-06-28,C102275,Sur,2025-04-29,Electrónica,Parlante portátil,32.04,1,0.0,32.04,Redes sociales
O502339,2025-06-28,C103021,Sur,2025-05-31,Deportes,Mancuernas ajustables,41.15,1,0.0,41.15,Directo
O510013,2025-06-28,C103191,Oeste,2025-01-09,Hogar,Difusor aromas,46.47,1,0.1,46.47,Pauta pagada
O515653,2025-06-28,C101631,Este,2025-04-07,Belleza,Serum facial,22.15,1,0.0,22.15,Pauta pagada
O503243,2025-06-28,C101364,Sur,2025-01-22,Deportes,Guantes gym,10.49,1,0.1,10.49,Directo
O513888,2025-06-28,C102818,Centro,2025-02-24,Moda,Mochila urbana,19.25,1,0.0,19.25,Redes sociales
O505461,2025-06-28,C102561,Centro,2025-04-15,Belleza,Perfume,9.42,1,0.0,9.42,Redes sociales
O501147,2025-06-28,C101392,Centro,2025-06-13,Deportes,Botella térmica,17.07,1,0.0,17.07,Orgánico
O501262,2025-06-28,C101737,Oeste,2025-03-19,Electrónica,Parlante portátil,32.04,1,0.0,32.04,Pauta pagada
O504910,2025-06-28,C100005,Este,2025-02-22,Belleza,Protector solar,10.84,1,0.0,10.84,Orgánico
O508551,2025-06-28,C101460,Sur,2025-05-06,Electrónica,Cargador rápido,38.53,3,0.1,115.59,Pauta pagada
O500316,2025-06-28,C101446,Este,2025-06-21,Electrónica,Audífonos BT,73.05,1,0.0,73.05,Email
O515521,2025-06-28,C101237,Centro,2025-01-01,Hogar,Organizador closet,16.5,1,0.0,16.5,Orgánico
O507622,2025-06-28,C103092,Sur,2025-02-06,Hogar,Set de sábanas,28.34,1,0.15,28.34,Pauta pagada
O501043,2025-06-28,C103193,Sur,2025-03-22,Belleza,Serum facial,22.15,1,0.0,22.15,Email
O500618,2025-06-29,C101993,Oeste,2025-02-10,Moda,Gorra,39.58,1,0.0,39.58,Orgánico
O508718,2025-06-29,C100452,Norte,2025-03-03,Deportes,Botella térmica,17.07,1,0.0,17.07,Redes sociales
O503254,2025-06-29,C102091,Este,2025-05-24,Moda,Mochila urbana,19.25,1,0.0,19.25,Orgánico
O505878,2025-06-29,C101325,Centro,2025-04-27,Hogar,Difusor aromas,51.63,1,0.0,51.63,Pauta pagada
O506083,2025-06-29,C101401,Este,2025-01-07,Electrónica,Smartwatch,88.17,2,0.0,176.34,Orgánico
O513275,2025-06-29,C101116,Centro,2025-04-21,Moda,Jeans slim,29.04,2,0.0,58.08,Pauta pagada
O515715,2025-06-29,C101046,Norte,2025-04-06,Belleza,Shampoo reparador,10.68,1,0.0,10.68,Orgánico
O513235,2025-06-29,C100979,Centro,2025-04-16,Deportes,Mancuernas ajustables,41.15,2,0.0,82.3,Pauta pagada
O501745,2025-06-29,C101528,Centro,2025-04-23,Hogar,Cortina blackout,29.37,2,0.0,58.74,Pauta pagada
O508964,2025-06-29,C101043,Norte,2025-01-02,Moda,Mochila urbana,17.32,1,0.1,17.32,Directo
O513122,2025-06-29,C102649,Centro,2025-03-15,Belleza,Protector solar,10.84,2,0.0,21.68,Directo
O504649,2025-06-29,C100864,Oeste,2025-03-12,Belleza,Set de brochas,17.05,2,0.0,34.1,Pauta pagada
O507655,2025-06-29,C102253,Centro,2025-02-09,Moda,Tenis running,28.91,1,0.0,28.91,Redes sociales
O509722,2025-06-29,C100493,Sur,2025-04-09,Deportes,Guantes gym,11.66,3,0.0,34.98,Redes sociales
O509751,2025-06-29,C100218,Norte,2025-03-08,Belleza,Protector solar,10.84,1,0.0,10.84,Directo
O507490,2025-06-30,C102914,Oeste,2025-02-16,Hogar,Organizador closet,14.02,1,0.15,14.02,Redes sociales
O510104,2025-06-30,C101051,Oeste,2025-05-27,Deportes,Yoga mat,46.1,1,0.0,46.1,Pauta pagada
O516147,2025-06-30,C102594,Sur,2025-06-16,Electrónica,Power bank,71.86,2,0.0,143.72,Orgánico
O511881,2025-06-30,C101261,Centro,2025-03-25,Belleza,Serum facial,22.15,2,0.0,44.3,Pauta pagada
O500613,2025-06-30,C101997,Norte,2025-03-06,Hogar,Difusor aromas,51.63,2,0.0,103.26,Directo
O506299,2025-06-30,C101043,Norte,2025-01-02,Deportes,Guantes gym,11.66,1,0.0,11.66,Orgánico
O514204,2025-06-30,C102113,Centro,2025-02-13,Electrónica,Parlante portátil,32.04,3,0.0,96.12,Directo
O515242,2025-06-30,C102588,Centro,2025-03-20,Hogar,Difusor aromas,51.63,3,0.0,154.89,Orgánico
O507860,2025-06-30,C103444,Sur,2025-05-25,Belleza,Protector solar,10.84,1,0.0,10.84,Redes sociales
O504283,2025-06-30,C100257,Centro,2025-04-01,Moda,Gorra,39.58,2,0.0,79.16,Redes sociales
O507108,2025-06-30,C102082,Centro,2025-04-08,Deportes,Yoga mat,46.1,3,0.0,138.3,Pauta pagada
O511100,2025-07-01,C102303,Oeste,2025-03-12,Electrónica,Cargador rápido,42.81,2,0.0,85.62,Redes sociales
O504701,2025-07-01,C100191,Este,2025-04-20,Belleza,Protector solar,8.67,3,0.2,26.01,Orgánico
O505928,2025-07-01,C100532,Sur,2025-02-14,Belleza,Shampoo reparador,10.68,1,0.0,10.68,Orgánico
O507724,2025-07-01,C100142,Norte,2025-05-15,Electrónica,Audífonos BT,73.05,1,0.0,73.05,Directo
O502471,2025-07-01,C102147,Sur,2025-04-16,Deportes,Banda resistencia,35.09,2,0.0,70.18,Pauta pagada
O504188,2025-07-01,C100383,Norte,2025-05-19,Deportes,Botella térmica,15.36,1,0.1,15.36,Directo
O510162,2025-07-01,C100372,Oeste,2025-03-02,Moda,Camiseta básica,37.12,1,0.0,37.12,Directo
O502811,2025-07-01,C103009,Centro,2025-05-30,Electrónica,Smartwatch,74.94,1,0.15,74.94,Redes sociales
O515764,2025-07-01,C101222,Sur,2025-06-13,Belleza,Perfume,9.42,3,0.0,28.26,Orgánico
O504728,2025-07-01,C102742,Este,2025-03-12,Moda,Mochila urbana,19.25,3,0.0,57.75,Email
O505379,2025-07-01,C100519,Oeste,2025-05-18,Moda,Gorra,33.64,2,0.15,67.28,Pauta pagada
O516303,2025-07-01,C102904,Oeste,2025-01-26,Deportes,Botella térmica,17.07,1,0.0,17.07,Pauta pagada
O502543,2025-07-01,C102549,Oeste,2025-05-25,Deportes,Guantes gym,11.66,2,0.0,23.32,Pauta pagada
O514090,2025-07-01,C100071,Norte,2025-02-09,Deportes,Guantes gym,11.66,2,0.0,23.32,Directo
O502118,2025-07-01,C100129,Norte,2025-04-06,Electrónica,Power bank,71.86,3,0.0,215.58,Orgánico
O508998,2025-07-01,C100230,Centro,2025-04-16,Deportes,Yoga mat,46.1,2,0.0,92.2,Directo
O506591,2025-07-01,C101291,Norte,2025-03-30,Hogar,Cortina blackout,26.43,1,0.1,26.43,Redes sociales
O503790,2025-07-01,C101998,Norte,2025-02-26,Belleza,Serum facial,18.83,1,0.15,18.83,Pauta pagada
O514437,2025-07-01,C100776,Este,2025-01-29,Hogar,Lámpara LED,58.38,1,0.0,58.38,Orgánico
O515827,2025-07-01,C101998,Norte,2025-02-26,Electrónica,Audífonos BT,73.05,1,0.0,73.05,Orgánico
O504552,2025-07-01,C102853,Oeste,2025-06-10,Belleza,Perfume,9.42,1,0.0,9.42,Email
O505429,2025-07-01,C102557,Centro,2025-04-24,Moda,Tenis running,28.91,1,0.0,28.91,Directo
O510007,2025-07-01,C102837,Oeste,2025-03-06,Deportes,Guantes gym,9.91,1,0.15,9.91,Orgánico
O503766,2025-07-01,C100604,Centro,2025-04-16,Deportes,Mancuernas ajustables,41.15,1,0.0,41.15,Orgánico
O505604,2025-07-01,C100459,Este,2025-06-20,Belleza,Shampoo reparador,10.68,1,0.0,10.68,Email
O508618,2025-07-01,C100296,Sur,2025-06-06,Deportes,Guantes gym,11.66,1,0.0,11.66,Redes sociales
O505381,2025-07-02,C100544,Centro,2025-06-07,Belleza,Shampoo reparador,9.61,2,0.1,19.22,Orgánico
O503433,2025-07-02,C101931,Oeste,2025-03-29,Belleza,Perfume,9.42,2,0.0,18.84,Redes sociales
O507379,2025-07-02,C102086,Norte,2025-06-15,Electrónica,Parlante portátil,32.04,1,0.0,32.04,Orgánico
O511240,2025-07-02,C101942,Sur,2025-04-15,Deportes,Mancuernas ajustables,41.15,3,0.0,123.45,Redes sociales
O503164,2025-07-02,C100174,Sur,2025-06-02,Belleza,Set de brochas,13.64,2,0.2,27.28,Orgánico
O504451,2025-07-02,C103200,Sur,2025-06-23,Electrónica,Power bank,71.86,1,0.0,71.86,Orgánico
O511290,2025-07-02,C100528,Centro,2025-04-09,Deportes,Mancuernas ajustables,34.98,2,0.15,69.96,Directo
O512394,2025-07-02,C102669,Sur,2025-05-19,Hogar,Set de sábanas,33.34,2,0.0,66.68,Orgánico
O515700,2025-07-02,C101551,Norte,2025-06-20,Electrónica,Parlante portátil,32.04,1,0.0,32.04,Orgánico
O507990,2025-07-02,C102273,Este,2025-05-27,Moda,Camiseta básica,37.12,3,0.0,111.36,Orgánico
O506691,2025-07-02,C100612,Centro,2025-02-13,Hogar,Difusor aromas,51.63,2,0.0,103.26,Directo
O504417,2025-07-02,C101178,Centro,2025-04-08,Hogar,Lámpara LED,58.38,1,0.0,58.38,Orgánico
O514869,2025-07-02,C100647,Sur,2025-01-20,Moda,Camiseta básica,37.12,1,0.0,37.12,Redes sociales
O516333,2025-07-02,C101263,Centro,2025-05-01,Deportes,Guantes gym,11.66,3,0.0,34.98,Directo
O508686,2025-07-02,C102931,Este,2025-03-13,Belleza,Serum facial,19.93,2,0.1,39.86,Redes sociales
O501122,2025-07-02,C100164,Centro,2025-01-07,Moda,Camiseta básica,37.12,2,0.0,74.24,Redes sociales
O515414,2025-07-02,C101497,Centro,2025-05-18,Deportes,Botella térmica,17.07,1,0.0,17.07,Email
O500729,2025-07-02,C101591,Oeste,2025-02-05,Moda,Camiseta básica,37.12,1,0.0,37.12,Orgánico
O503620,2025-07-02,C103091,Sur,2025-04-22,Hogar,Difusor aromas,43.89,1,0.15,43.89,Orgánico
O507858,2025-07-03,C101958,Este,2025-03-27,Deportes,Mancuernas ajustables,41.15,2,0.0,82.3,Redes sociales
O509502,2025-07-03,C102339,Oeste,2025-05-07,Hogar,Set de sábanas,33.34,3,0.0,100.02,Email
O514016,2025-07-03,C101703,Centro,2025-06-19,Hogar,Set de sábanas,30.01,2,0.1,60.02,Orgánico
O508915,2025-07-03,C102631,Este,2025-03-28,Hogar,Cortina blackout,29.37,1,0.0,29.37,Pauta pagada
O515939,2025-07-03,C102395,Centro,2025-01-02,Deportes,Botella térmica,17.07,1,0.0,17.07,Orgánico
O515818,2025-07-03,C102377,Norte,2025-01-02,Deportes,Yoga mat,46.1,1,0.0,46.1,Redes sociales
O505693,2025-07-03,C103323,Centro,2025-05-01,Electrónica,Smartwatch,79.35,3,0.1,238.05,Orgánico
O509506,2025-07-03,C102812,Este,2025-05-20,Belleza,Set de brochas,17.05,2,0.0,34.1,Orgánico
O513656,2025-07-03,C101028,Centro,2025-01-03,Electrónica,Audífonos BT,73.05,1,0.0,73.05,Orgánico
O503891,2025-07-03,C101732,Sur,2025-01-20,Belleza,Set de brochas,17.05,1,0.0,17.05,Directo
O513174,2025-07-03,C102174,Centro,2025-05-08,Electrónica,Parlante portátil,32.04,1,0.0,32.04,Pauta pagada
O506037,2025-07-03,C103202,Norte,2025-06-15,Belleza,Protector solar,10.84,2,0.0,21.68,Redes sociales
O503894,2025-07-03,C102765,Norte,2025-06-17,Moda,Camiseta básica,37.12,1,0.0,37.12,Redes sociales
O507882,2025-07-03,C103021,Sur,2025-05-31,Deportes,Yoga mat,46.1,3,0.0,138.3,Pauta pagada
O512608,2025-07-03,C100906,Norte,2025-02-13,Deportes,Yoga mat,46.1,3,0.0,138.3,Redes sociales
O508835,2025-07-03,C102343,Centro,2025-02-04,Electrónica,Audífonos BT,58.44,2,0.2,116.88,Orgánico
O503877,2025-07-03,C101969,Centro,2025-03-12,Hogar,Cortina blackout,29.37,1,0.0,29.37,Orgánico
O505674,2025-07-03,C102700,Norte,2025-01-12,Belleza,Set de brochas,17.05,3,0.0,51.15,Email
O502633,2025-07-03,C100230,Centro,2025-04-16,Electrónica,Parlante portátil,32.04,1,0.0,32.04,Directo
O501716,2025-07-03,C101906,Centro,2025-06-11,Moda,Camiseta básica,37.12,2,0.0,74.24,Directo
O509736,2025-07-03,C100136,Sur,2025-01-25,Moda,Gorra,39.58,1,0.0,39.58,Email
O506918,2025-07-03,C101911,Centro,2025-03-31,Hogar,Lámpara LED,58.38,2,0.0,116.76,Orgánico
O514974,2025-07-03,C101929,Norte,2025-06-16,Moda,Mochila urbana,19.25,1,0.0,19.25,Directo
O505572,2025-07-03,C102393,Centro,2025-06-20,Electrónica,Power bank,71.86,1,0.0,71.86,Orgánico
O511605,2025-07-03,C103242,Centro,2025-05-16,Belleza,Perfume,9.42,1,0.0,9.42,Pauta pagada
O505327,2025-07-04,C103252,Norte,2025-04-24,Hogar,Difusor aromas,43.89,1,0.15,43.89,Directo
O504029,2025-07-04,C101135,Sur,2025-03-27,Electrónica,Smartwatch,79.35,3,0.1,238.05,Pauta pagada
O506321,2025-07-04,C101952,Sur,2025-01-15,Hogar,Difusor aromas,51.63,3,0.0,154.89,Directo
O512457,2025-07-04,C102564,Sur,2025-03-14,Electrónica,Audífonos BT,73.05,1,0.0,73.05,Directo
O511077,2025-07-04,C101988,Sur,2025-06-23,Belleza,Serum facial,22.15,3,0.0,66.45,Directo
O509083,2025-07-04,C102954,Centro,2025-04-20,Deportes,Guantes gym,11.66,2,0.0,23.32,Directo
O500456,2025-07-04,C102165,Este,2025-06-27,Moda,Camiseta básica,31.55,2,0.15,63.1,Orgánico
O509412,2025-07-04,C100134,Oeste,2025-01-12,Electrónica,Cargador rápido,42.81,1,0.0,42.81,Redes sociales
O514451,2025-07-04,C102133,Norte,2025-05-24,Belleza,Perfume,9.42,1,0.0,9.42,Email
O512709,2025-07-04,C102174,Centro,2025-05-08,Electrónica,Audífonos BT,73.05,1,0.0,73.05,Orgánico
O501060,2025-07-04,C102588,Centro,2025-03-20,Electrónica,Cargador rápido,42.81,1,0.0,42.81,Pauta pagada
O512880,2025-07-04,C101298,Centro,2025-06-30,Hogar,Difusor aromas,46.47,1,0.1,46.47,Pauta pagada
O509004,2025-07-04,C100378,Oeste,2025-07-04,Belleza,Set de brochas,17.05,1,0.0,17.05,Directo
O510695,2025-07-04,C101900,Este,2025-04-30,Moda,Tenis running,28.91,1,0.0,28.91,Pauta pagada
O513445,2025-07-04,C100700,Oeste,2025-02-04,Deportes,Yoga mat,46.1,1,0.0,46.1,Pauta pagada
O500155,2025-07-04,C101167,Centro,2025-06-10,Belleza,Serum facial,22.15,1,0.0,22.15,Redes sociales
O503005,2025-07-04,C100289,Centro,2025-01-08,Moda,Tenis running,28.91,1,0.0,28.91,Directo
O508630,2025-07-04,C102770,Centro,2025-05-08,Belleza,Perfume,9.42,1,0.0,9.42,Redes sociales
O508409,2025-07-04,C100028,Norte,2025-01-24,Electrónica,Parlante portátil,27.23,1,0.15,27.23,Email
O514783,2025-07-04,C103117,Centro,2025-04-16,Belleza,Shampoo reparador,10.68,2,0.0,21.36,Orgánico
O515678,2025-07-04,C102949,Este,2025-04-07,Belleza,Protector solar,10.84,3,0.0,32.52,Email
O500530,2025-07-05,C101639,Centro,2025-06-14,Deportes,Mancuernas ajustables,41.15,2,0.0,82.3,Pauta pagada
O510787,2025-07-05,C103098,Centro,2025-02-14,Electrónica,Smartwatch,88.17,1,0.0,88.17,Directo
O510705,2025-07-05,C103033,Oeste,2025-02-05,Hogar,Set de sábanas,33.34,1,0.0,33.34,Directo
O507338,2025-07-05,C100218,Norte,2025-03-08,Deportes,Botella térmica,17.07,1,0.0,17.07,Orgánico
O509050,2025-07-05,C101689,Centro,2025-03-17,Moda,Mochila urbana,16.36,2,0.15,32.72,Pauta pagada
O515043,2025-07-05,C101588,Sur,2025-03-23,Moda,Mochila urbana,19.25,1,0.0,19.25,Redes sociales
O514454,2025-07-05,C102890,Sur,2025-06-29,Hogar,Cortina blackout,29.37,1,0.0,29.37,Orgánico
O503087,2025-07-05,C101843,Centro,2025-03-14,Hogar,Organizador closet,16.5,1,0.0,16.5,Directo
O515411,2025-07-05,C102224,Centro,2025-02-08,Deportes,Botella térmica,17.07,1,0.0,17.07,Email
O508747,2025-07-05,C102496,Norte,2025-03-23,Belleza,Perfume,8.01,1,0.15,8.01,Pauta pagada
O502681,2025-07-05,C102214,Norte,2025-06-19,Electrónica,Audífonos BT,73.05,1,0.0,73.05,Pauta pagada
O504947,2025-07-05,C101859,Norte,2025-04-14,Hogar,Lámpara LED,58.38,3,0.0,175.14,Redes sociales
O505380,2025-07-05,C101155,Centro,2025-02-26,Deportes,Mancuernas ajustables,41.15,2,0.0,82.3,Pauta pagada
O514667,2025-07-05,C100595,Este,2025-01-02,Belleza,Serum facial,22.15,2,0.0,44.3,Redes sociales
O505729,2025-07-05,C100934,Norte,2025-06-03,Belleza,Perfume,9.42,2,0.0,18.84,Email
O509332,2025-07-05,C101829,Norte,2025-02-15,Belleza,Serum facial,22.15,3,0.0,66.45,Redes sociales
O500756,2025-07-05,C101963,Centro,2025-02-12,Electrónica,Audífonos BT,62.09,1,0.15,62.09,Email
O505229,2025-07-05,C102716,Este,2025-03-29,Deportes,Guantes gym,11.66,2,0.0,23.32,Directo
O506733,2025-07-05,C100539,Este,2025-01-05,Belleza,Perfume,9.42,2,0.0,18.84,Pauta pagada
O515504,2025-07-05,C101186,Este,2025-06-05,Hogar,Organizador closet,14.02,3,0.15,42.06,Orgánico
O503711,2025-07-05,C101779,Sur,2025-05-06,Deportes,Mancuernas ajustables,32.92,2,0.2,65.84,Redes sociales
O516099,2025-07-05,C102849,Norte,2025-04-10,Moda,Tenis running,26.02,2,0.1,52.04,Email
O508995,2025-07-05,C102703,Este,2025-06-09,Deportes,Guantes gym,11.66,1,0.0,11.66,Orgánico
O506025,2025-07-05,C103411,Centro,2025-06-20,Deportes,Mancuernas ajustables,32.92,1,0.2,32.92,Pauta pagada
O510807,2025-07-05,C102535,Sur,2025-02-12,Moda,Tenis running,28.91,2,0.0,57.82,Orgánico
O512513,2025-07-05,C102642,Sur,2025-05-13,Electrónica,Power bank,61.08,1,0.15,61.08,Pauta pagada
O510434,2025-07-05,C103236,Oeste,2025-05-05,Deportes,Banda resistencia,35.09,1,0.0,35.09,Orgánico
O501035,2025-07-06,C102931,Este,2025-03-13,Hogar,Lámpara LED,52.54,1,0.1,52.54,Directo
O501802,2025-07-06,C101545,Centro,2025-03-15,Electrónica,Cargador rápido,34.25,1,0.2,34.25,Redes sociales
O503259,2025-07-06,C103160,Norte,2025-01-26,Belleza,Set de brochas,17.05,1,0.0,17.05,Redes sociales
O512533,2025-07-06,C102983,Norte,2025-01-02,Deportes,Banda resistencia,35.09,1,0.0,35.09,Orgánico
O511101,2025-07-06,C102770,Centro,2025-05-08,Hogar,Lámpara LED,58.38,1,0.0,58.38,Orgánico
O503904,2025-07-06,C101490,Sur,2025-06-07,Belleza,Set de brochas,17.05,1,0.0,17.05,Redes sociales
O508633,2025-07-06,C100885,Oeste,2025-01-22,Electrónica,Parlante portátil,32.04,2,0.0,64.08,Email
O510260,2025-07-06,C100855,Norte,2025-03-08,Electrónica,Power bank,61.08,2,0.15,122.16,Pauta pagada
O507482,2025-07-06,C103346,Oeste,2025-05-04,Belleza,Set de brochas,17.05,1,0.0,17.05,Orgánico
O509408,2025-07-06,C103118,Sur,2025-06-04,Hogar,Organizador closet,13.2,2,0.2,26.4,Email
O502059,2025-07-06,C101251,Este,2025-04-06,Deportes,Guantes gym,11.66,3,0.0,34.98,Pauta pagada
O510498,2025-07-06,C101566,Norte,2025-03-27,Electrónica,Cargador rápido,42.81,1,0.0,42.81,Orgánico
O506764,2025-07-06,C101446,Este,2025-06-21,Belleza,Set de brochas,15.34,1,0.1,15.34,Redes sociales
O507189,2025-07-06,C100799,Oeste,2025-02-13,Moda,Gorra,39.58,1,0.0,39.58,Email
O508217,2025-07-06,C103341,Sur,2025-04-18,Hogar,Cortina blackout,29.37,2,0.0,58.74,Redes sociales
O508433,2025-07-06,C102836,Sur,2025-03-08,Deportes,Botella térmica,17.07,2,0.0,34.14,Redes sociales
O510560,2025-07-06,C102843,Este,2025-03-29,Belleza,Shampoo reparador,10.68,1,0.0,10.68,Pauta pagada
O502022,2025-07-06,C101762,Norte,2025-02-25,Hogar,Cortina blackout,29.37,2,0.0,58.74,Directo
O505622,2025-07-06,C103366,Sur,2025-01-19,Hogar,Cortina blackout,29.37,2,0.0,58.74,Email
O506648,2025-07-06,C102776,Centro,2025-02-11,Electrónica,Power bank,71.86,1,0.0,71.86,Redes sociales
O515995,2025-07-06,C102308,Este,2025-01-12,Electrónica,Parlante portátil,32.04,2,0.0,64.08,Orgánico
O505254,2025-07-07,C101426,Sur,2025-02-24,Hogar,Lámpara LED,58.38,1,0.0,58.38,Pauta pagada
O511035,2025-07-07,C103273,Centro,2025-03-03,Deportes,Mancuernas ajustables,37.03,1,0.1,37.03,Redes sociales
O502654,2025-07-07,C100935,Norte,2025-04-23,Belleza,Serum facial,22.15,2,0.0,44.3,Orgánico
O507260,2025-07-07,C102047,Sur,2025-06-29,Belleza,Perfume,9.42,1,0.0,9.42,Pauta pagada
O506544,2025-07-07,C100305,Centro,2025-07-04,Belleza,Protector solar,10.84,1,0.0,10.84,Orgánico
O514892,2025-07-07,C100927,Norte,2025-03-11,Belleza,Shampoo reparador,10.68,1,0.0,10.68,Pauta pagada
O501475,2025-07-07,C101002,Este,2025-01-28,Belleza,Set de brochas,17.05,3,0.0,51.15,Orgánico
O512892,2025-07-07,C102014,Sur,2025-02-08,Deportes,Guantes gym,11.66,1,0.0,11.66,Orgánico
O511024,2025-07-07,C102595,Centro,2025-06-16,Belleza,Serum facial,22.15,3,0.0,66.45,Orgánico
O504114,2025-07-07,C101631,Este,2025-04-07,Deportes,Botella térmica,17.07,3,0.0,51.21,Directo
O507590,2025-07-07,C102062,Oeste,2025-07-06,Hogar,Organizador closet,14.02,1,0.15,14.02,Pauta pagada
O510622,2025-07-07,C101566,Norte,2025-03-27,Moda,Tenis running,28.91,1,0.0,28.91,Orgánico
O509521,2025-07-07,C102495,Sur,2025-05-28,Deportes,Mancuernas ajustables,37.03,3,0.1,111.09,Redes sociales
O506777,2025-07-07,C103451,Oeste,2025-03-26,Belleza,Shampoo reparador,8.54,1,0.2,8.54,Email
O509234,2025-07-07,C101517,Centro,2025-06-20,Moda,Camiseta básica,37.12,1,0.0,37.12,Email
O509990,2025-07-07,C100470,Norte,2025-02-20,Deportes,Guantes gym,9.33,1,0.2,9.33,Email
O507033,2025-07-07,C101576,Oeste,2025-02-08,Hogar,Lámpara LED,58.38,3,0.0,175.14,Pauta pagada
O515765,2025-07-07,C103085,Norte,2025-03-25,Hogar,Set de sábanas,30.01,1,0.1,30.01,Email
O501400,2025-07-07,C100809,Sur,2025-04-24,Moda,Mochila urbana,17.32,1,0.1,17.32,Pauta pagada
O509392,2025-07-07,C100567,Norte,2025-02-08,Moda,Camiseta básica,37.12,2,0.0,74.24,Pauta pagada
O500414,2025-07-07,C102790,Este,2025-05-25,Belleza,Set de brochas,17.05,2,0.0,34.1,Pauta pagada
O504988,2025-07-07,C101460,Sur,2025-05-06,Electrónica,Audífonos BT,73.05,1,0.0,73.05,Email
O508626,2025-07-08,C101350,Centro,2025-04-21,Hogar,Organizador closet,14.02,2,0.15,28.04,Pauta pagada
O508841,2025-07-08,C102649,Centro,2025-03-15,Electrónica,Parlante portátil,32.04,3,0.0,96.12,Email
O510664,2025-07-08,C100567,Norte,2025-02-08,Electrónica,Power bank,71.86,1,0.0,71.86,Pauta pagada
O509123,2025-07-08,C101801,Sur,2025-04-21,Moda,Gorra,33.64,1,0.15,33.64,Pauta pagada
O511606,2025-07-08,C100501,Centro,2025-02-23,Belleza,Shampoo reparador,10.68,1,0.0,10.68,Directo
O513720,2025-07-08,C100703,Norte,2025-06-06,Electrónica,Power bank,71.86,1,0.0,71.86,Redes sociales
O501896,2025-07-08,C102977,Centro,2025-05-19,Belleza,Shampoo reparador,9.61,1,0.1,9.61,Directo
O509543,2025-07-08,C102189,Norte,2025-01-25,Hogar,Lámpara LED,46.7,3,0.2,140.1,Orgánico
O507094,2025-07-08,C102119,Sur,2025-03-06,Moda,Mochila urbana,17.32,3,0.1,51.96,Pauta pagada
O507514,2025-07-08,C100342,Centro,2025-03-29,Hogar,Lámpara LED,58.38,1,0.0,58.38,Orgánico
O505543,2025-07-08,C101396,Oeste,2025-05-06,Deportes,Botella térmica,15.36,1,0.1,15.36,Pauta pagada
O505789,2025-07-08,C102015,Norte,2025-02-04,Deportes,Yoga mat,41.49,1,0.1,41.49,Directo
O500782,2025-07-08,C102917,Sur,2025-04-08,Deportes,Mancuernas ajustables,41.15,3,0.0,123.45,Directo
O514769,2025-07-08,C100050,Norte,2025-05-13,Moda,Camiseta básica,37.12,1,0.0,37.12,Pauta pagada
O508505,2025-07-08,C101188,Centro,2025-04-27,Belleza,Set de brochas,17.05,2,0.0,34.1,Orgánico
O514296,2025-07-08,C100570,Oeste,2025-01-09,Electrónica,Smartwatch,70.54,2,0.2,141.08,Pauta pagada
O514224,2025-07-08,C103408,Sur,2025-05-03,Deportes,Guantes gym,9.91,1,0.15,9.91,Orgánico
O501826,2025-07-08,C100632,Centro,2025-06-13,Moda,Mochila urbana,19.25,2,0.0,38.5,Redes sociales
O515705,2025-07-09,C103186,Norte,2025-04-18,Belleza,Shampoo reparador,10.68,2,0.0,21.36,Orgánico
O507121,2025-07-09,C102818,Centro,2025-02-24,Hogar,Lámpara LED,58.38,1,0.0,58.38,Redes sociales
O504255,2025-07-09,C102888,Este,2025-06-21,Electrónica,Cargador rápido,42.81,1,0.0,42.81,Orgánico
O500107,2025-07-09,C100344,Sur,2025-04-28,Deportes,Mancuernas ajustables,41.15,1,0.0,41.15,Orgánico
O510931,2025-07-09,C101364,Sur,2025-01-22,Deportes,Mancuernas ajustables,41.15,1,0.0,41.15,Orgánico
O503604,2025-07-09,C102695,Sur,2025-02-09,Moda,Mochila urbana,19.25,1,0.0,19.25,Email
O501264,2025-07-09,C100298,Norte,2025-07-08,Deportes,Yoga mat,46.1,1,0.0,46.1,Orgánico
O506334,2025-07-09,C100376,Centro,2025-05-04,Belleza,Protector solar,10.84,1,0.0,10.84,Directo
O508040,2025-07-09,C103350,Este,2025-06-12,Hogar,Cortina blackout,29.37,1,0.0,29.37,Redes sociales
O510592,2025-07-09,C100607,Norte,2025-01-21,Hogar,Organizador closet,14.02,1,0.15,14.02,Redes sociales
O508513,2025-07-09,C101148,Oeste,2025-01-10,Electrónica,Power bank,61.08,1,0.15,61.08,Directo
O506091,2025-07-09,C102323,Norte,2025-05-23,Electrónica,Power bank,71.86,1,0.0,71.86,Orgánico
O515026,2025-07-09,C102713,Oeste,2025-01-25,Electrónica,Audífonos BT,65.74,1,0.1,65.74,Orgánico
O501987,2025-07-09,C100012,Norte,2025-04-20,Electrónica,Audífonos BT,73.05,1,0.0,73.05,Redes sociales
O507735,2025-07-09,C100333,Norte,2025-01-19,Belleza,Perfume,9.42,1,0.0,9.42,Directo
O512914,2025-07-09,C101887,Norte,2025-01-09,Deportes,Botella térmica,17.07,1,0.0,17.07,Pauta pagada
O507688,2025-07-09,C102637,Centro,2025-01-24,Hogar,Difusor aromas,43.89,2,0.15,87.78,Orgánico
O510835,2025-07-09,C100082,Norte,2025-04-24,Moda,Gorra,35.62,3,0.1,106.86,Orgánico
O508844,2025-07-09,C102805,Centro,2025-06-24,Moda,Gorra,39.58,2,0.0,79.16,Pauta pagada
O507710,2025-07-09,C102615,Este,2025-01-13,Hogar,Difusor aromas,51.63,1,0.0,51.63,Redes sociales
O513669,2025-07-09,C101596,Este,2025-05-27,Deportes,Botella térmica,15.36,2,0.1,30.72,Orgánico
O503393,2025-07-09,C103231,Norte,2025-03-31,Belleza,Protector solar,10.84,3,0.0,32.52,Orgánico
O506502,2025-07-09,C100652,Centro,2025-03-21,Electrónica,Parlante portátil,32.04,2,0.0,64.08,Redes sociales
O507961,2025-07-09,C101781,Norte,2025-03-06,Electrónica,Power bank,71.86,2,0.0,143.72,Directo
O507424,2025-07-10,C100806,Centro,2025-06-14,Moda,Jeans slim,24.68,1,0.15,24.68,Directo
O514234,2025-07-10,C100915,Centro,2025-02-08,Electrónica,Audífonos BT,73.05,1,0.0,73.05,Email
O501524,2025-07-10,C100824,Centro,2025-06-20,Deportes,Guantes gym,11.66,1,0.0,11.66,Orgánico
O504338,2025-07-10,C100657,Oeste,2025-03-05,Deportes,Guantes gym,11.66,1,0.0,11.66,Redes sociales
O502761,2025-07-10,C100178,Centro,2025-01-10,Deportes,Guantes gym,11.66,1,0.0,11.66,Email
O507311,2025-07-10,C100518,Norte,2025-02-21,Deportes,Guantes gym,9.33,3,0.2,27.99,Directo
O511947,2025-07-10,C100723,Centro,2025-06-23,Deportes,Guantes gym,11.66,1,0.0,11.66,Directo
O510356,2025-07-10,C100969,Norte,2025-06-10,Hogar,Cortina blackout,29.37,2,0.0,58.74,Redes sociales
O504749,2025-07-10,C100579,Oeste,2025-01-11,Moda,Mochila urbana,19.25,2,0.0,38.5,Orgánico
O510234,2025-07-10,C100416,Centro,2025-07-03,Hogar,Organizador closet,16.5,1,0.0,16.5,Directo
O510241,2025-07-10,C101446,Este,2025-06-21,Deportes,Mancuernas ajustables,37.03,1,0.1,37.03,Redes sociales
O510227,2025-07-10,C102832,Este,2025-04-12,Electrónica,Smartwatch,88.17,2,0.0,176.34,Directo
O508145,2025-07-10,C101020,Norte,2025-05-15,Electrónica,Power bank,71.86,1,0.0,71.86,Redes sociales
O502601,2025-07-10,C101673,Norte,2025-06-08,Moda,Camiseta básica,37.12,1,0.0,37.12,Directo
O507948,2025-07-10,C103465,Sur,2025-04-15,Hogar,Set de sábanas,33.34,2,0.0,66.68,Pauta pagada
O509328,2025-07-10,C101069,Sur,2025-05-25,Hogar,Difusor aromas,46.47,2,0.1,92.94,Pauta pagada
O513846,2025-07-10,C103484,Centro,2025-04-28,Belleza,Serum facial,19.93,2,0.1,39.86,Orgánico
O509633,2025-07-10,C101158,Sur,2025-01-01,Electrónica,Power bank,71.86,3,0.0,215.58,Directo
O501558,2025-07-10,C102340,Norte,2025-01-26,Hogar,Lámpara LED,49.62,3,0.15,148.86,Directo
O506230,2025-07-10,C100532,Sur,2025-02-14,Moda,Camiseta básica,31.55,1,0.15,31.55,Directo
O512556,2025-07-10,C100928,Oeste,2025-04-05,Moda,Mochila urbana,19.25,2,0.0,38.5,Orgánico
O516405,2025-07-11,C101305,Centro,2025-03-01,Electrónica,Smartwatch,70.54,3,0.2,211.62,Redes sociales
O500855,2025-07-11,C100850,Centro,2025-06-25,Belleza,Shampoo reparador,10.68,3,0.0,32.04,Redes sociales
O508537,2025-07-11,C100541,Sur,2025-06-15,Electrónica,Smartwatch,74.94,1,0.15,74.94,Email
O512410,2025-07-11,C100022,Sur,2025-02-25,Deportes,Yoga mat,46.1,2,0.0,92.2,Redes sociales
O502295,2025-07-11,C100413,Norte,2025-03-15,Belleza,Serum facial,18.83,2,0.15,37.66,Pauta pagada
O505902,2025-07-11,C102095,Centro,2025-04-04,Belleza,Protector solar,9.76,2,0.1,19.52,Directo
O514684,2025-07-11,C101446,Este,2025-06-21,Electrónica,Smartwatch,88.17,2,0.0,176.34,Email
O502879,2025-07-11,C100249,Sur,2025-06-05,Electrónica,Parlante portátil,28.84,1,0.1,28.84,Pauta pagada
O510748,2025-07-11,C100361,Norte,2025-06-18,Hogar,Organizador closet,16.5,1,0.0,16.5,Orgánico
O510074,2025-07-11,C103484,Centro,2025-04-28,Deportes,Guantes gym,11.66,1,0.0,11.66,Redes sociales
O509980,2025-07-11,C103218,Sur,2025-07-11,Belleza,Serum facial,22.15,3,0.0,66.45,Redes sociales
O500371,2025-07-11,C103182,Este,2025-03-17,Moda,Mochila urbana,19.25,1,0.0,19.25,Directo
O507742,2025-07-11,C100188,Norte,2025-01-30,Deportes,Banda resistencia,31.58,1,0.1,31.58,Orgánico
O513258,2025-07-11,C102212,Oeste,2025-06-23,Hogar,Organizador closet,16.5,1,0.0,16.5,Orgánico
O500343,2025-07-11,C102219,Norte,2025-03-20,Electrónica,Audífonos BT,73.05,1,0.0,73.05,Orgánico
O501677,2025-07-11,C101414,Este,2025-07-11,Belleza,Perfume,9.42,1,0.0,9.42,Email
O510580,2025-07-11,C103102,Norte,2025-02-08,Hogar,Lámpara LED,58.38,1,0.0,58.38,Email
O507573,2025-07-11,C101437,Este,2025-05-29,Deportes,Mancuernas ajustables,37.03,3,0.1,111.09,Directo
O510579,2025-07-11,C101525,Norte,2025-02-17,Electrónica,Parlante portátil,32.04,1,0.0,32.04,Directo
O501635,2025-07-11,C101404,Norte,2025-02-27,Deportes,Botella térmica,13.66,2,0.2,27.32,Orgánico
O510474,2025-07-11,C102429,Norte,2025-05-17,Deportes,Mancuernas ajustables,41.15,1,0.0,41.15,Orgánico
O500532,2025-07-11,C102931,Este,2025-03-13,Hogar,Organizador closet,16.5,2,0.0,33.0,Email
O509724,2025-07-11,C101745,Oeste,2025-01-01,Electrónica,Smartwatch,88.17,2,0.0,176.34,Pauta pagada
O509818,2025-07-11,C103231,Norte,2025-03-31,Moda,Jeans slim,24.68,2,0.15,49.36,Redes sociales
O506104,2025-07-12,C102464,Centro,2025-07-04,Electrónica,Parlante portátil,32.04,3,0.0,96.12,Orgánico
O505329,2025-07-12,C100582,Norte,2025-06-15,Electrónica,Parlante portátil,32.04,2,0.0,64.08,Orgánico
O507895,2025-07-12,C102788,Norte,2025-04-14,Belleza,Serum facial,19.93,1,0.1,19.93,Redes sociales
O506864,2025-07-12,C101896,Centro,2025-03-06,Belleza,Set de brochas,17.05,3,0.0,51.15,Email
O505908,2025-07-12,C103191,Oeste,2025-01-09,Deportes,Yoga mat,41.49,2,0.1,82.98,Redes sociales
O500817,2025-07-12,C100927,Norte,2025-03-11,Deportes,Yoga mat,46.1,2,0.0,92.2,Directo
O502493,2025-07-12,C102298,Sur,2025-06-21,Belleza,Shampoo reparador,10.68,1,0.0,10.68,Orgánico
O506837,2025-07-12,C100477,Sur,2025-02-02,Deportes,Mancuernas ajustables,41.15,3,0.0,123.45,Email
O510146,2025-07-12,C103037,Sur,2025-03-15,Belleza,Perfume,8.48,2,0.1,16.96,Directo
O514236,2025-07-12,C101544,Centro,2025-06-24,Deportes,Mancuernas ajustables,41.15,1,0.0,41.15,Pauta pagada
O515339,2025-07-12,C100763,Centro,2025-04-25,Deportes,Yoga mat,46.1,1,0.0,46.1,Orgánico
O501993,2025-07-12,C101832,Oeste,2025-04-29,Moda,Mochila urbana,19.25,3,0.0,57.75,Orgánico
O501824,2025-07-12,C100928,Oeste,2025-04-05,Hogar,Organizador closet,16.5,3,0.0,49.5,Directo
O500972,2025-07-12,C102008,Este,2025-01-01,Belleza,Protector solar,10.84,1,0.0,10.84,Orgánico
O510513,2025-07-12,C101993,Oeste,2025-02-10,Electrónica,Power bank,71.86,1,0.0,71.86,Redes sociales
O506186,2025-07-12,C101749,Oeste,2025-04-13,Deportes,Guantes gym,11.66,2,0.0,23.32,Directo
O507203,2025-07-12,C103474,Norte,2025-01-04,Hogar,Organizador closet,16.5,2,0.0,33.0,Orgánico
O508861,2025-07-12,C102881,Este,2025-06-18,Electrónica,Cargador rápido,42.81,2,0.0,85.62,Orgánico
O513715,2025-07-12,C102772,Norte,2025-05-22,Hogar,Cortina blackout,29.37,3,0.0,88.11,Redes sociales
O505212,2025-07-12,C102199,Norte,2025-03-04,Electrónica,Audífonos BT,73.05,2,0.0,146.1,Orgánico
O500487,2025-07-12,C102088,Sur,2025-01-16,Deportes,Mancuernas ajustables,41.15,3,0.0,123.45,Orgánico
O510107,2025-07-12,C102267,Norte,2025-07-12,Moda,Camiseta básica,37.12,1,0.0,37.12,Redes sociales
O506364,2025-07-12,C101101,Oeste,2025-05-24,Deportes,Mancuernas ajustables,41.15,3,0.0,123.45,Orgánico
O502973,2025-07-13,C101632,Centro,2025-03-06,Electrónica,Power bank,64.67,3,0.1,194.01,Email
O506614,2025-07-13,C101543,Norte,2025-04-12,Belleza,Perfume,9.42,1,0.0,9.42,Redes sociales
O507116,2025-07-13,C100939,Norte,2025-01-03,Electrónica,Power bank,64.67,1,0.1,64.67,Email
O513412,2025-07-13,C102340,Norte,2025-01-26,Moda,Camiseta básica,33.41,2,0.1,66.82,Orgánico
O515336,2025-07-13,C100802,Centro,2025-07-03,Moda,Mochila urbana,19.25,1,0.0,19.25,Directo
O511316,2025-07-13,C101770,Centro,2025-04-21,Belleza,Perfume,9.42,3,0.0,28.26,Redes sociales
O500630,2025-07-13,C102435,Este,2025-06-25,Belleza,Protector solar,9.21,1,0.15,9.21,Orgánico
O510998,2025-07-13,C103420,Oeste,2025-02-22,Belleza,Protector solar,10.84,3,0.0,32.52,Email
O516003,2025-07-13,C101048,Oeste,2025-07-13,Hogar,Organizador closet,14.85,1,0.1,14.85,Directo
O509377,2025-07-13,C101748,Centro,2025-04-13,Moda,Jeans slim,23.23,1,0.2,23.23,Orgánico
O513924,2025-07-13,C100287,Sur,2025-02-12,Belleza,Protector solar,10.84,2,0.0,21.68,Orgánico
O511675,2025-07-13,C100114,Norte,2025-02-12,Moda,Mochila urbana,19.25,1,0.0,19.25,Pauta pagada
O504230,2025-07-13,C101894,Oeste,2025-05-13,Hogar,Difusor aromas,51.63,1,0.0,51.63,Pauta pagada
O504210,2025-07-13,C103258,Este,2025-01-22,Hogar,Set de sábanas,33.34,2,0.0,66.68,Directo
O502144,2025-07-13,C100281,Norte,2025-03-02,Moda,Jeans slim,24.68,1,0.15,24.68,Redes sociales
O506701,2025-07-13,C103304,Este,2025-06-01,Electrónica,Power bank,71.86,2,0.0,143.72,Orgánico
O504697,2025-07-13,C103186,Norte,2025-04-18,Moda,Camiseta básica,37.12,2,0.0,74.24,Directo
O501145,2025-07-13,C101787,Centro,2025-01-15,Belleza,Shampoo reparador,10.68,1,0.0,10.68,Pauta pagada
O505639,2025-07-14,C100507,Norte,2025-05-20,Moda,Mochila urbana,19.25,1,0.0,19.25,Orgánico
O515359,2025-07-14,C100706,Centro,2025-05-27,Belleza,Protector solar,10.84,2,0.0,21.68,Orgánico
O514762,2025-07-14,C103003,Sur,2025-05-16,Moda,Camiseta básica,37.12,2,0.0,74.24,Email
O509360,2025-07-14,C101232,Oeste,2025-04-16,Moda,Camiseta básica,29.7,2,0.2,59.4,Orgánico
O509584,2025-07-14,C100869,Sur,2025-06-30,Deportes,Banda resistencia,29.83,1,0.15,29.83,Directo
O507064,2025-07-14,C100740,Este,2025-05-06,Electrónica,Smartwatch,88.17,2,0.0,176.34,Pauta pagada
O507005,2025-07-14,C100001,Sur,2025-06-30,Deportes,Yoga mat,46.1,2,0.0,92.2,Orgánico
O503129,2025-07-14,C102268,Sur,2025-02-22,Hogar,Lámpara LED,52.54,1,0.1,52.54,Pauta pagada
O515768,2025-07-14,C100372,Oeste,2025-03-02,Electrónica,Audífonos BT,73.05,3,0.0,219.15,Pauta pagada
O513192,2025-07-14,C100809,Sur,2025-04-24,Hogar,Difusor aromas,51.63,2,0.0,103.26,Orgánico
O504185,2025-07-14,C102839,Oeste,2025-06-20,Moda,Gorra,31.66,1,0.2,31.66,Pauta pagada
O501455,2025-07-14,C101186,Este,2025-06-05,Electrónica,Smartwatch,74.94,2,0.15,149.88,Email
O502063,2025-07-14,C101492,Oeste,2025-06-16,Moda,Mochila urbana,19.25,1,0.0,19.25,Orgánico
O503383,2025-07-14,C100077,Centro,2025-01-14,Hogar,Lámpara LED,49.62,1,0.15,49.62,Pauta pagada
O501620,2025-07-14,C102662,Centro,2025-06-22,Electrónica,Audífonos BT,73.05,1,0.0,73.05,Redes sociales
O510419,2025-07-14,C102849,Norte,2025-04-10,Deportes,Yoga mat,39.18,1,0.15,39.18,Redes sociales
O515631,2025-07-14,C102833,Norte,2025-03-29,Moda,Mochila urbana,17.32,1,0.1,17.32,Email
O507706,2025-07-14,C100283,Este,2025-04-14,Hogar,Lámpara LED,58.38,2,0.0,116.76,Redes sociales
O514536,2025-07-14,C100011,Norte,2025-03-04,Belleza,Perfume,9.42,2,0.0,18.84,Orgánico
O506274,2025-07-14,C103346,Oeste,2025-05-04,Belleza,Serum facial,22.15,1,0.0,22.15,Directo
O512750,2025-07-14,C100780,Centro,2025-06-27,Hogar,Set de sábanas,33.34,1,0.0,33.34,Orgánico
O504546,2025-07-14,C100580,Este,2025-03-31,Hogar,Cortina blackout,24.96,1,0.15,24.96,Orgánico
O502693,2025-07-14,C101680,Centro,2025-02-02,Electrónica,Audífonos BT,73.05,1,0.0,73.05,Orgánico
O508745,2025-07-14,C101453,Este,2025-03-14,Belleza,Perfume,9.42,2,0.0,18.84,Email
O502640,2025-07-14,C101695,Centro,2025-02-13,Electrónica,Smartwatch,88.17,2,0.0,176.34,Redes sociales
O506517,2025-07-14,C101905,Norte,2025-06-28,Electrónica,Smartwatch,88.17,3,0.0,264.51,Redes sociales
O514511,2025-07-14,C100650,Norte,2025-01-02,Moda,Mochila urbana,19.25,2,0.0,38.5,Directo
O515089,2025-07-15,C102631,Este,2025-03-28,Deportes,Mancuernas ajustables,37.03,2,0.1,74.06,Orgánico
O513705,2025-07-15,C103287,Norte,2025-02-18,Deportes,Yoga mat,46.1,3,0.0,138.3,Orgánico
O512972,2025-07-15,C102015,Norte,2025-02-04,Deportes,Banda resistencia,31.58,1,0.1,31.58,Directo
O513004,2025-07-15,C100448,Norte,2025-01-19,Hogar,Lámpara LED,58.38,1,0.0,58.38,Directo
O512632,2025-07-15,C101716,Sur,2025-05-16,Belleza,Serum facial,22.15,2,0.0,44.3,Directo
O506754,2025-07-15,C101535,Oeste,2025-03-30,Hogar,Cortina blackout,29.37,3,0.0,88.11,Directo
O514372,2025-07-15,C102716,Este,2025-03-29,Deportes,Mancuernas ajustables,41.15,2,0.0,82.3,Email
O513647,2025-07-15,C100361,Norte,2025-06-18,Hogar,Cortina blackout,29.37,1,0.0,29.37,Directo
O508723,2025-07-15,C101116,Centro,2025-04-21,Electrónica,Smartwatch,88.17,3,0.0,264.51,Redes sociales
O511187,2025-07-15,C100976,Este,2025-02-09,Deportes,Yoga mat,41.49,1,0.1,41.49,Email
O502217,2025-07-15,C100743,Centro,2025-06-07,Belleza,Protector solar,9.76,1,0.1,9.76,Orgánico
O515175,2025-07-15,C100467,Centro,2025-06-29,Deportes,Yoga mat,46.1,3,0.0,138.3,Orgánico
O500916,2025-07-15,C100277,Centro,2025-02-22,Deportes,Mancuernas ajustables,41.15,2,0.0,82.3,Directo
O501265,2025-07-15,C100657,Oeste,2025-03-05,Electrónica,Audífonos BT,73.05,1,0.0,73.05,Directo
O505868,2025-07-15,C102913,Norte,2025-04-25,Electrónica,Parlante portátil,32.04,1,0.0,32.04,Directo
O507315,2025-07-15,C100077,Centro,2025-01-14,Belleza,Perfume,9.42,1,0.0,9.42,Directo
O502324,2025-07-15,C101331,Norte,2025-03-20,Belleza,Set de brochas,17.05,2,0.0,34.1,Pauta pagada
O509443,2025-07-15,C100475,Norte,2025-02-12,Moda,Gorra,33.64,1,0.15,33.64,Pauta pagada
O504893,2025-07-16,C100815,Centro,2025-05-22,Hogar,Organizador closet,16.5,3,0.0,49.5,Orgánico
O504237,2025-07-16,C100935,Norte,2025-04-23,Moda,Mochila urbana,16.36,2,0.15,32.72,Directo
O511765,2025-07-16,C102158,Este,2025-06-19,Moda,Mochila urbana,19.25,3,0.0,57.75,Redes sociales
O502794,2025-07-16,C102055,Este,2025-02-05,Belleza,Set de brochas,15.34,1,0.1,15.34,Orgánico
O500693,2025-07-16,C101311,Centro,2025-04-03,Deportes,Banda resistencia,29.83,2,0.15,59.66,Directo
O503527,2025-07-16,C100218,Norte,2025-03-08,Deportes,Botella térmica,13.66,1,0.2,13.66,Orgánico
O509758,2025-07-16,C101905,Norte,2025-06-28,Electrónica,Parlante portátil,32.04,2,0.0,64.08,Email
O511157,2025-07-16,C103428,Sur,2025-07-16,Moda,Gorra,35.62,1,0.1,35.62,Pauta pagada
O509355,2025-07-16,C102848,Oeste,2025-03-08,Belleza,Perfume,9.42,1,0.0,9.42,Directo
O504111,2025-07-16,C100743,Centro,2025-06-07,Hogar,Organizador closet,16.5,1,0.0,16.5,Orgánico
O516062,2025-07-16,C102790,Este,2025-05-25,Deportes,Mancuernas ajustables,41.15,1,0.0,41.15,Orgánico
O516109,2025-07-16,C101606,Centro,2025-05-17,Electrónica,Parlante portátil,32.04,1,0.0,32.04,Pauta pagada
O501247,2025-07-16,C100236,Este,2025-05-02,Electrónica,Power bank,61.08,1,0.15,61.08,Pauta pagada
O506058,2025-07-16,C103460,Centro,2025-05-12,Deportes,Banda resistencia,31.58,2,0.1,63.16,Pauta pagada
O512117,2025-07-17,C100665,Este,2025-06-17,Electrónica,Audífonos BT,62.09,1,0.15,62.09,Pauta pagada
O505564,2025-07-17,C103209,Centro,2025-05-25,Hogar,Lámpara LED,49.62,1,0.15,49.62,Redes sociales
O503781,2025-07-17,C102716,Este,2025-03-29,Moda,Jeans slim,29.04,2,0.0,58.08,Email
O505420,2025-07-17,C103287,Norte,2025-02-18,Deportes,Botella térmica,17.07,3,0.0,51.21,Orgánico
O509024,2025-07-17,C100760,Este,2025-04-09,Deportes,Banda resistencia,35.09,1,0.0,35.09,Email
O501025,2025-07-17,C100656,Oeste,2025-05-31,Deportes,Botella térmica,17.07,1,0.0,17.07,Pauta pagada
O515340,2025-07-17,C100581,Oeste,2025-03-29,Moda,Gorra,39.58,1,0.0,39.58,Redes sociales
O503922,2025-07-17,C101434,Norte,2025-05-11,Deportes,Botella térmica,17.07,1,0.0,17.07,Redes sociales
O508809,2025-07-17,C101104,Centro,2025-03-22,Hogar,Organizador closet,14.02,1,0.15,14.02,Email
O502548,2025-07-17,C102959,Sur,2025-03-27,Belleza,Set de brochas,17.05,3,0.0,51.15,Redes sociales
O515981,2025-07-17,C100987,Sur,2025-02-15,Belleza,Serum facial,22.15,2,0.0,44.3,Redes sociales
O503015,2025-07-17,C100633,Este,2025-02-26,Belleza,Shampoo reparador,10.68,1,0.0,10.68,Directo
O503124,2025-07-17,C103466,Norte,2025-05-08,Electrónica,Audífonos BT,73.05,1,0.0,73.05,Pauta pagada
O508264,2025-07-17,C100648,Oeste,2025-01-26,Deportes,Yoga mat,46.1,2,0.0,92.2,Pauta pagada
O514289,2025-07-17,C102343,Centro,2025-02-04,Belleza,Shampoo reparador,10.68,3,0.0,32.04,Redes sociales
O516308,2025-07-17,C101493,Norte,2025-01-09,Deportes,Banda resistencia,35.09,1,0.0,35.09,Orgánico
O514499,2025-07-17,C101889,Norte,2025-05-27,Moda,Jeans slim,23.23,1,0.2,23.23,Redes sociales
O505681,2025-07-17,C102409,Centro,2025-02-28,Moda,Gorra,39.58,2,0.0,79.16,Orgánico
O513913,2025-07-17,C101294,Oeste,2025-03-26,Electrónica,Audífonos BT,73.05,3,0.0,219.15,Orgánico
O508250,2025-07-17,C102349,Norte,2025-05-23,Belleza,Serum facial,22.15,2,0.0,44.3,Redes sociales
O510274,2025-07-17,C101267,Centro,2025-01-18,Belleza,Perfume,7.54,3,0.2,22.62,Redes sociales
O511210,2025-07-17,C102388,Centro,2025-02-25,Belleza,Protector solar,10.84,1,0.0,10.84,Orgánico
O507606,2025-07-17,C102339,Oeste,2025-05-07,Belleza,Set de brochas,14.49,1,0.15,14.49,Orgánico
O505392,2025-07-17,C102518,Oeste,2025-06-24,Moda,Jeans slim,29.04,1,0.0,29.04,Orgánico
O508182,2025-07-18,C102082,Centro,2025-04-08,Hogar,Cortina blackout,29.37,1,0.0,29.37,Pauta pagada
O506265,2025-07-18,C101852,Sur,2025-03-04,Belleza,Shampoo reparador,9.08,1,0.15,9.08,Orgánico
O504813,2025-07-18,C100760,Este,2025-04-09,Deportes,Yoga mat,46.1,2,0.0,92.2,Directo
O500252,2025-07-18,C103112,Norte,2025-01-17,Moda,Mochila urbana,19.25,1,0.0,19.25,Pauta pagada
O515323,2025-07-18,C102850,Sur,2025-05-14,Deportes,Yoga mat,36.88,2,0.2,73.76,Directo
O502274,2025-07-18,C101797,Sur,2025-07-13,Hogar,Difusor aromas,46.47,1,0.1,46.47,Redes sociales
O507371,2025-07-18,C103040,Centro,2025-05-28,Belleza,Shampoo reparador,9.61,3,0.1,28.83,Redes sociales
O512560,2025-07-18,C102429,Norte,2025-05-17,Deportes,Guantes gym,11.66,2,0.0,23.32,Redes sociales
O509754,2025-07-18,C103048,Centro,2025-07-16,Belleza,Shampoo reparador,10.68,3,0.0,32.04,Directo
O507403,2025-07-18,C101396,Oeste,2025-05-06,Belleza,Set de brochas,17.05,3,0.0,51.15,Email
O512896,2025-07-18,C103087,Este,2025-01-19,Moda,Jeans slim,29.04,1,0.0,29.04,Email
O516103,2025-07-18,C103236,Oeste,2025-05-05,Hogar,Cortina blackout,29.37,2,0.0,58.74,Email
O514525,2025-07-18,C101876,Este,2025-04-23,Belleza,Serum facial,22.15,1,0.0,22.15,Redes sociales
O510786,2025-07-18,C101215,Centro,2025-02-10,Moda,Camiseta básica,37.12,1,0.0,37.12,Pauta pagada
O507642,2025-07-18,C102624,Centro,2025-05-20,Electrónica,Audífonos BT,73.05,3,0.0,219.15,Orgánico
O506378,2025-07-18,C100194,Este,2025-07-05,Electrónica,Audífonos BT,73.05,2,0.0,146.1,Orgánico
O502628,2025-07-18,C102698,Sur,2025-07-13,Belleza,Shampoo reparador,9.61,1,0.1,9.61,Orgánico
O502488,2025-07-18,C102064,Norte,2025-03-24,Belleza,Protector solar,10.84,1,0.0,10.84,Redes sociales
O502945,2025-07-18,C100914,Sur,2025-07-08,Belleza,Shampoo reparador,10.68,2,0.0,21.36,Pauta pagada
O511611,2025-07-18,C100410,Norte,2025-03-06,Moda,Tenis running,28.91,2,0.0,57.82,Orgánico
O506910,2025-07-19,C100008,Centro,2025-03-05,Belleza,Shampoo reparador,9.08,2,0.15,18.16,Email
O515056,2025-07-19,C102222,Oeste,2025-06-01,Belleza,Protector solar,10.84,3,0.0,32.52,Email
O505408,2025-07-19,C100547,Centro,2025-06-17,Electrónica,Power bank,71.86,1,0.0,71.86,Pauta pagada
O514907,2025-07-19,C101219,Este,2025-01-23,Belleza,Shampoo reparador,10.68,1,0.0,10.68,Redes sociales
O506402,2025-07-19,C103455,Centro,2025-07-02,Electrónica,Audífonos BT,73.05,1,0.0,73.05,Directo
O515796,2025-07-19,C102551,Norte,2025-06-12,Belleza,Protector solar,9.21,2,0.15,18.42,Pauta pagada
O506635,2025-07-19,C102514,Oeste,2025-03-16,Electrónica,Cargador rápido,42.81,1,0.0,42.81,Email
O515869,2025-07-19,C101512,Centro,2025-01-04,Electrónica,Smartwatch,88.17,3,0.0,264.51,Orgánico
O507979,2025-07-19,C102811,Sur,2025-04-23,Belleza,Perfume,9.42,1,0.0,9.42,Pauta pagada
O515236,2025-07-19,C102258,Este,2025-05-29,Electrónica,Audífonos BT,73.05,3,0.0,219.15,Pauta pagada
O504580,2025-07-19,C101556,Oeste,2025-01-04,Electrónica,Parlante portátil,32.04,1,0.0,32.04,Redes sociales
O508704,2025-07-19,C101415,Sur,2025-05-25,Belleza,Shampoo reparador,9.08,3,0.15,27.24,Redes sociales
O511134,2025-07-19,C101294,Oeste,2025-03-26,Hogar,Cortina blackout,24.96,1,0.15,24.96,Email
O514345,2025-07-19,C103435,Este,2025-02-26,Moda,Jeans slim,29.04,3,0.0,87.12,Orgánico
O512593,2025-07-19,C100843,Norte,2025-05-24,Hogar,Lámpara LED,58.38,3,0.0,175.14,Directo
O511747,2025-07-19,C101468,Norte,2025-05-31,Belleza,Shampoo reparador,10.68,2,0.0,21.36,Directo
O501654,2025-07-19,C100895,Norte,2025-06-26,Belleza,Serum facial,22.15,3,0.0,66.45,Directo
O510477,2025-07-19,C102783,Oeste,2025-02-10,Hogar,Cortina blackout,29.37,2,0.0,58.74,Redes sociales
O502440,2025-07-19,C101276,Oeste,2025-04-27,Electrónica,Audífonos BT,73.05,1,0.0,73.05,Redes sociales
O511055,2025-07-19,C101016,Centro,2025-01-21,Belleza,Set de brochas,17.05,1,0.0,17.05,Redes sociales
O501496,2025-07-19,C101591,Oeste,2025-02-05,Belleza,Set de brochas,17.05,1,0.0,17.05,Pauta pagada
O502221,2025-07-19,C100916,Norte,2025-01-09,Hogar,Set de sábanas,33.34,2,0.0,66.68,Redes sociales
O504187,2025-07-20,C102512,Norte,2025-05-14,Hogar,Organizador closet,14.02,3,0.15,42.06,Orgánico
O504340,2025-07-20,C102887,Centro,2025-06-24,Hogar,Set de sábanas,33.34,2,0.0,66.68,Redes sociales
O503351,2025-07-20,C101702,Sur,2025-01-27,Electrónica,Cargador rápido,42.81,1,0.0,42.81,Orgánico
O514048,2025-07-20,C102254,Centro,2025-01-19,Hogar,Organizador closet,16.5,1,0.0,16.5,Pauta pagada
O514307,2025-07-20,C101405,Oeste,2025-03-26,Deportes,Mancuernas ajustables,41.15,1,0.0,41.15,Directo
O509314,2025-07-20,C102105,Norte,2025-05-15,Belleza,Set de brochas,17.05,2,0.0,34.1,Directo
O514015,2025-07-20,C100935,Norte,2025-04-23,Belleza,Set de brochas,17.05,1,0.0,17.05,Orgánico
O510816,2025-07-20,C103090,Norte,2025-07-17,Electrónica,Parlante portátil,32.04,1,0.0,32.04,Pauta pagada
O511122,2025-07-20,C100396,Oeste,2025-06-18,Belleza,Set de brochas,17.05,2,0.0,34.1,Orgánico
O514040,2025-07-20,C100134,Oeste,2025-01-12,Deportes,Banda resistencia,35.09,2,0.0,70.18,Pauta pagada
O510483,2025-07-20,C100381,Centro,2025-04-30,Hogar,Organizador closet,16.5,2,0.0,33.0,Pauta pagada
O510802,2025-07-20,C100467,Centro,2025-06-29,Hogar,Set de sábanas,33.34,2,0.0,66.68,Orgánico
O510215,2025-07-20,C103155,Norte,2025-05-09,Hogar,Cortina blackout,26.43,2,0.1,52.86,Orgánico
O511690,2025-07-20,C100929,Norte,2025-01-10,Moda,Tenis running,28.91,1,0.0,28.91,Directo
O505002,2025-07-20,C101238,Oeste,2025-02-10,Electrónica,Power bank,71.86,1,0.0,71.86,Directo
O501892,2025-07-20,C100495,Este,2025-05-13,Deportes,Mancuernas ajustables,41.15,1,0.0,41.15,Orgánico
O503957,2025-07-20,C101266,Norte,2025-06-26,Moda,Mochila urbana,19.25,1,0.0,19.25,Orgánico
O505176,2025-07-20,C101608,Oeste,2025-07-11,Moda,Camiseta básica,37.12,3,0.0,111.36,Pauta pagada
O500360,2025-07-20,C100419,Sur,2025-02-18,Belleza,Serum facial,22.15,2,0.0,44.3,Orgánico
O506465,2025-07-20,C100656,Oeste,2025-05-31,Belleza,Shampoo reparador,9.08,2,0.15,18.16,Email
O506836,2025-07-20,C101006,Norte,2025-03-23,Moda,Mochila urbana,19.25,3,0.0,57.75,Orgánico
O502788,2025-07-20,C101034,Oeste,2025-05-20,Moda,Camiseta básica,31.55,1,0.15,31.55,Email
O515595,2025-07-21,C100222,Este,2025-06-07,Moda,Mochila urbana,19.25,2,0.0,38.5,Pauta pagada
O503514,2025-07-21,C100861,Norte,2025-03-26,Deportes,Botella térmica,17.07,1,0.0,17.07,Orgánico
O512903,2025-07-21,C101951,Sur,2025-01-03,Hogar,Organizador closet,16.5,2,0.0,33.0,Orgánico
O502021,2025-07-21,C102041,Este,2025-04-28,Moda,Gorra,39.58,1,0.0,39.58,Pauta pagada
O505124,2025-07-21,C101234,Centro,2025-06-01,Electrónica,Cargador rápido,34.25,1,0.2,34.25,Orgánico
O516007,2025-07-21,C101469,Este,2025-07-08,Hogar,Lámpara LED,58.38,1,0.0,58.38,Email
O512891,2025-07-21,C102583,Norte,2025-07-19,Hogar,Set de sábanas,33.34,2,0.0,66.68,Directo
O515237,2025-07-21,C102391,Este,2025-07-01,Belleza,Shampoo reparador,9.08,1,0.15,9.08,Email
O509901,2025-07-21,C101560,Oeste,2025-03-31,Deportes,Botella térmica,17.07,1,0.0,17.07,Orgánico
O508713,2025-07-21,C101525,Norte,2025-02-17,Belleza,Shampoo reparador,10.68,2,0.0,21.36,Orgánico
O506774,2025-07-21,C102740,Sur,2025-06-16,Hogar,Lámpara LED,49.62,3,0.15,148.86,Directo
O511704,2025-07-21,C100034,Centro,2025-06-11,Hogar,Lámpara LED,52.54,1,0.1,52.54,Redes sociales
O500652,2025-07-21,C100431,Este,2025-02-20,Deportes,Botella térmica,14.51,3,0.15,43.53,Orgánico
O514445,2025-07-21,C102339,Oeste,2025-05-07,Hogar,Organizador closet,14.85,2,0.1,29.7,Orgánico
O503507,2025-07-21,C101550,Este,2025-01-21,Deportes,Banda resistencia,35.09,1,0.0,35.09,Directo
O509684,2025-07-21,C101859,Norte,2025-04-14,Deportes,Botella térmica,17.07,2,0.0,34.14,Redes sociales
O505069,2025-07-21,C102334,Norte,2025-05-08,Deportes,Guantes gym,9.91,1,0.15,9.91,Directo
O511018,2025-07-22,C100332,Este,2025-02-08,Belleza,Shampoo reparador,10.68,1,0.0,10.68,Orgánico
O507680,2025-07-22,C101732,Sur,2025-01-20,Belleza,Set de brochas,13.64,1,0.2,13.64,Orgánico
O502748,2025-07-22,C101497,Centro,2025-05-18,Belleza,Serum facial,18.83,3,0.15,56.49,Directo
O506549,2025-07-22,C100379,Centro,2025-05-14,Deportes,Mancuernas ajustables,41.15,1,0.0,41.15,Email
O507455,2025-07-22,C103027,Norte,2025-03-31,Belleza,Shampoo reparador,9.61,2,0.1,19.22,Redes sociales
O509297,2025-07-22,C102062,Oeste,2025-07-06,Deportes,Yoga mat,46.1,3,0.0,138.3,Orgánico
O516184,2025-07-22,C102923,Centro,2025-05-06,Hogar,Difusor aromas,41.3,2,0.2,82.6,Pauta pagada
O516275,2025-07-22,C100115,Norte,2025-07-09,Hogar,Lámpara LED,58.38,1,0.0,58.38,Redes sociales
O515423,2025-07-22,C101782,Este,2025-02-03,Deportes,Banda resistencia,35.09,1,0.0,35.09,Orgánico
O504281,2025-07-22,C100662,Sur,2025-05-18,Belleza,Shampoo reparador,10.68,2,0.0,21.36,Redes sociales
O507154,2025-07-22,C102410,Norte,2025-06-08,Moda,Gorra,35.62,3,0.1,106.86,Orgánico
O505283,2025-07-22,C101160,Centro,2025-01-23,Moda,Camiseta básica,37.12,1,0.0,37.12,Orgánico
O507812,2025-07-22,C100538,Este,2025-07-18,Hogar,Lámpara LED,52.54,1,0.1,52.54,Redes sociales
O513074,2025-07-22,C101674,Centro,2025-05-12,Hogar,Cortina blackout,26.43,3,0.1,79.29,Orgánico
O508823,2025-07-22,C100291,Centro,2025-01-21,Belleza,Perfume,8.01,1,0.15,8.01,Orgánico
O504352,2025-07-22,C100990,Norte,2025-07-05,Moda,Camiseta básica,33.41,3,0.1,100.23,Orgánico
O511391,2025-07-22,C100128,Oeste,2025-05-19,Hogar,Organizador closet,16.5,2,0.0,33.0,Redes sociales
O501735,2025-07-22,C102064,Norte,2025-03-24,Electrónica,Audífonos BT,73.05,1,0.0,73.05,Redes sociales
O503044,2025-07-22,C102805,Centro,2025-06-24,Deportes,Botella térmica,17.07,1,0.0,17.07,Orgánico
O509886,2025-07-22,C100545,Norte,2025-04-18,Electrónica,Smartwatch,88.17,2,0.0,176.34,Directo
O513293,2025-07-23,C102989,Oeste,2025-01-15,Moda,Camiseta básica,37.12,1,0.0,37.12,Orgánico
O509166,2025-07-23,C100558,Sur,2025-05-23,Hogar,Organizador closet,14.02,1,0.15,14.02,Redes sociales
O514112,2025-07-23,C102961,Norte,2025-04-11,Belleza,Protector solar,10.84,2,0.0,21.68,Orgánico
O508590,2025-07-23,C100997,Norte,2025-06-19,Deportes,Banda resistencia,35.09,3,0.0,105.27,Email
O510893,2025-07-23,C100668,Sur,2025-04-03,Electrónica,Smartwatch,79.35,1,0.1,79.35,Pauta pagada
O514120,2025-07-23,C101432,Norte,2025-01-13,Deportes,Yoga mat,39.18,1,0.15,39.18,Directo
O511899,2025-07-23,C100178,Centro,2025-01-10,Belleza,Shampoo reparador,9.08,1,0.15,9.08,Pauta pagada
O509313,2025-07-23,C102810,Sur,2025-04-01,Deportes,Guantes gym,11.66,3,0.0,34.98,Email
O505804,2025-07-23,C100637,Norte,2025-03-12,Deportes,Mancuernas ajustables,41.15,3,0.0,123.45,Orgánico
O512102,2025-07-23,C100650,Norte,2025-01-02,Electrónica,Audífonos BT,62.09,1,0.15,62.09,Redes sociales
O502406,2025-07-23,C103421,Centro,2025-02-04,Electrónica,Cargador rápido,42.81,2,0.0,85.62,Orgánico
O507130,2025-07-23,C101180,Este,2025-06-21,Hogar,Cortina blackout,29.37,3,0.0,88.11,Redes sociales
O508437,2025-07-23,C102268,Sur,2025-02-22,Hogar,Lámpara LED,58.38,1,0.0,58.38,Directo
O509351,2025-07-23,C103432,Sur,2025-03-20,Deportes,Botella térmica,17.07,1,0.0,17.07,Redes sociales
O513093,2025-07-23,C101707,Este,2025-07-14,Moda,Tenis running,28.91,1,0.0,28.91,Orgánico
O510648,2025-07-23,C103465,Sur,2025-04-15,Moda,Tenis running,28.91,1,0.0,28.91,Orgánico
O505157,2025-07-23,C103043,Centro,2025-04-16,Hogar,Organizador closet,16.5,1,0.0,16.5,Directo
O515857,2025-07-23,C100720,Centro,2025-04-20,Moda,Gorra,39.58,2,0.0,79.16,Email
O501613,2025-07-23,C102808,Centro,2025-05-23,Moda,Gorra,39.58,1,0.0,39.58,Orgánico
O511254,2025-07-23,C100016,Centro,2025-06-13,Belleza,Shampoo reparador,10.68,1,0.0,10.68,Orgánico
O511272,2025-07-23,C100357,Norte,2025-07-07,Belleza,Perfume,8.01,2,0.15,16.02,Directo
O514399,2025-07-24,C101418,Este,2025-07-14,Hogar,Organizador closet,16.5,1,0.0,16.5,Directo
O508575,2025-07-24,C101065,Centro,2025-04-20,Deportes,Guantes gym,9.91,1,0.15,9.91,Orgánico
O510781,2025-07-24,C101141,Centro,2025-07-13,Belleza,Perfume,8.01,1,0.15,8.01,Directo
O508656,2025-07-24,C102270,Sur,2025-06-11,Deportes,Botella térmica,17.07,3,0.0,51.21,Orgánico
O510470,2025-07-24,C100232,Centro,2025-04-02,Belleza,Protector solar,10.84,3,0.0,32.52,Directo
O512734,2025-07-24,C103316,Oeste,2025-06-04,Deportes,Mancuernas ajustables,41.15,1,0.0,41.15,Pauta pagada
O500665,2025-07-24,C103312,Este,2025-06-03,Electrónica,Power bank,57.49,1,0.2,57.49,Pauta pagada
O504873,2025-07-24,C101510,Oeste,2025-05-21,Hogar,Cortina blackout,29.37,3,0.0,88.11,Orgánico
O516265,2025-07-24,C103004,Sur,2025-03-28,Moda,Gorra,33.64,1,0.15,33.64,Directo
O509928,2025-07-24,C101107,Norte,2025-02-19,Belleza,Perfume,9.42,2,0.0,18.84,Redes sociales
O511289,2025-07-24,C101159,Centro,2025-04-14,Electrónica,Power bank,71.86,1,0.0,71.86,Pauta pagada
O513358,2025-07-24,C100740,Este,2025-05-06,Electrónica,Power bank,71.86,3,0.0,215.58,Orgánico
O511178,2025-07-24,C100834,Oeste,2025-03-15,Moda,Gorra,39.58,1,0.0,39.58,Redes sociales
O504385,2025-07-24,C102962,Norte,2025-05-05,Deportes,Yoga mat,46.1,2,0.0,92.2,Redes sociales
O501170,2025-07-24,C103363,Este,2025-01-28,Moda,Tenis running,28.91,3,0.0,86.73,Directo
O511090,2025-07-24,C101100,Centro,2025-01-23,Hogar,Cortina blackout,29.37,2,0.0,58.74,Pauta pagada
O503293,2025-07-24,C100044,Centro,2025-07-18,Belleza,Serum facial,18.83,1,0.15,18.83,Redes sociales
O508758,2025-07-24,C102288,Sur,2025-07-13,Electrónica,Cargador rápido,42.81,1,0.0,42.81,Pauta pagada
O506263,2025-07-24,C100956,Este,2025-07-08,Moda,Camiseta básica,37.12,1,0.0,37.12,Directo
O503281,2025-07-24,C102966,Este,2025-01-02,Hogar,Lámpara LED,58.38,3,0.0,175.14,Orgánico
O515007,2025-07-24,C100287,Sur,2025-02-12,Hogar,Cortina blackout,29.37,3,0.0,88.11,Orgánico
O515692,2025-07-24,C102384,Sur,2025-01-31,Deportes,Banda resistencia,35.09,2,0.0,70.18,Orgánico
O501423,2025-07-24,C103123,Sur,2025-07-03,Deportes,Botella térmica,17.07,1,0.0,17.07,Orgánico
O515066,2025-07-25,C102013,Centro,2025-07-08,Deportes,Botella térmica,17.07,3,0.0,51.21,Orgánico
O500019,2025-07-25,C101517,Centro,2025-06-20,Deportes,Banda resistencia,31.58,2,0.1,63.16,Orgánico
O512027,2025-07-25,C102346,Norte,2025-07-02,Hogar,Cortina blackout,29.37,1,0.0,29.37,Redes sociales
O506738,2025-07-25,C102039,Sur,2025-06-02,Electrónica,Cargador rápido,42.81,1,0.0,42.81,Orgánico
O502343,2025-07-25,C100639,Sur,2025-04-09,Deportes,Botella térmica,17.07,1,0.0,17.07,Directo
O502182,2025-07-25,C101061,Sur,2025-05-08,Moda,Gorra,39.58,3,0.0,118.74,Redes sociales
O509098,2025-07-25,C101608,Oeste,2025-07-11,Electrónica,Audífonos BT,62.09,3,0.15,186.27,Directo
O502429,2025-07-25,C102183,Sur,2025-04-25,Belleza,Shampoo reparador,9.08,3,0.15,27.24,Email
O515223,2025-07-25,C101286,Centro,2025-02-26,Electrónica,Cargador rápido,42.81,2,0.0,85.62,Email
O515579,2025-07-25,C100674,Sur,2025-04-01,Belleza,Perfume,8.48,1,0.1,8.48,Orgánico
O500968,2025-07-25,C101341,Sur,2025-05-07,Belleza,Serum facial,22.15,1,0.0,22.15,Redes sociales
O512584,2025-07-25,C103345,Norte,2025-04-16,Moda,Camiseta básica,37.12,1,0.0,37.12,Email
O506090,2025-07-25,C101751,Centro,2025-01-23,Belleza,Protector solar,10.84,3,0.0,32.52,Directo
O508377,2025-07-25,C101673,Norte,2025-06-08,Deportes,Banda resistencia,35.09,3,0.0,105.27,Redes sociales
O510834,2025-07-25,C102042,Este,2025-03-27,Deportes,Guantes gym,11.66,1,0.0,11.66,Directo
O513633,2025-07-25,C103084,Centro,2025-01-27,Moda,Tenis running,28.91,1,0.0,28.91,Email
O507897,2025-07-25,C101320,Sur,2025-01-29,Belleza,Perfume,9.42,3,0.0,28.26,Email
O504137,2025-07-25,C101669,Sur,2025-07-13,Electrónica,Smartwatch,88.17,2,0.0,176.34,Redes sociales
O515182,2025-07-25,C100566,Norte,2025-01-16,Moda,Tenis running,28.91,3,0.0,86.73,Email
O515269,2025-07-25,C100575,Oeste,2025-02-03,Moda,Tenis running,23.13,2,0.2,46.26,Redes sociales
O503846,2025-07-26,C103169,Sur,2025-04-14,Deportes,Banda resistencia,35.09,1,0.0,35.09,Redes sociales
O503791,2025-07-26,C103258,Este,2025-01-22,Moda,Jeans slim,29.04,1,0.0,29.04,Pauta pagada
O507069,2025-07-26,C101621,Centro,2025-03-17,Moda,Mochila urbana,19.25,1,0.0,19.25,Orgánico
O515512,2025-07-26,C100189,Este,2025-05-26,Moda,Mochila urbana,19.25,3,0.0,57.75,Pauta pagada
O504806,2025-07-26,C100395,Oeste,2025-04-30,Electrónica,Audífonos BT,73.05,2,0.0,146.1,Directo
O505035,2025-07-26,C103021,Sur,2025-05-31,Electrónica,Audífonos BT,73.05,1,0.0,73.05,Redes sociales
O509298,2025-07-26,C102469,Centro,2025-03-01,Electrónica,Power bank,71.86,1,0.0,71.86,Email
O515172,2025-07-26,C102405,Norte,2025-07-26,Deportes,Guantes gym,11.66,3,0.0,34.98,Pauta pagada
O511912,2025-07-26,C102413,Centro,2025-07-01,Hogar,Lámpara LED,52.54,3,0.1,157.62,Email
O512090,2025-07-26,C102134,Oeste,2025-03-09,Moda,Mochila urbana,19.25,1,0.0,19.25,Orgánico
O512136,2025-07-26,C100619,Centro,2025-01-15,Belleza,Protector solar,10.84,2,0.0,21.68,Pauta pagada
O505825,2025-07-26,C101570,Sur,2025-04-25,Belleza,Protector solar,10.84,2,0.0,21.68,Redes sociales
O508283,2025-07-26,C103200,Sur,2025-06-23,Belleza,Shampoo reparador,10.68,1,0.0,10.68,Directo
O504357,2025-07-26,C102051,Este,2025-02-22,Belleza,Perfume,9.42,3,0.0,28.26,Pauta pagada
O504195,2025-07-26,C101203,Oeste,2025-03-31,Hogar,Cortina blackout,29.37,1,0.0,29.37,Orgánico
O501949,2025-07-26,C100102,Centro,2025-04-20,Belleza,Perfume,9.42,1,0.0,9.42,Orgánico
O514056,2025-07-26,C101566,Norte,2025-03-27,Electrónica,Power bank,71.86,2,0.0,143.72,Orgánico
O509406,2025-07-26,C101695,Centro,2025-02-13,Moda,Jeans slim,29.04,2,0.0,58.08,Directo
O509429,2025-07-26,C100459,Este,2025-06-20,Moda,Gorra,33.64,3,0.15,100.92,Pauta pagada
O515394,2025-07-26,C102781,Centro,2025-04-10,Belleza,Shampoo reparador,10.68,2,0.0,21.36,Pauta pagada
O509681,2025-07-26,C102923,Centro,2025-05-06,Electrónica,Power bank,61.08,3,0.15,183.24,Orgánico
O513144,2025-07-26,C102940,Norte,2025-01-02,Belleza,Set de brochas,17.05,1,0.0,17.05,Email
O510994,2025-07-26,C102040,Sur,2025-05-25,Moda,Tenis running,26.02,1,0.1,26.02,Orgánico
O501469,2025-07-26,C101337,Centro,2025-01-29,Hogar,Lámpara LED,49.62,2,0.15,99.24,Redes sociales
O510768,2025-07-26,C102113,Centro,2025-02-13,Electrónica,Power bank,71.86,1,0.0,71.86,Redes sociales
O501032,2025-07-26,C100286,Sur,2025-06-16,Electrónica,Smartwatch,74.94,2,0.15,149.88,Pauta pagada
O506310,2025-07-27,C102600,Oeste,2025-03-13,Belleza,Serum facial,22.15,2,0.0,44.3,Email
O502312,2025-07-27,C101250,Norte,2025-07-13,Deportes,Botella térmica,15.36,2,0.1,30.72,Directo
O516391,2025-07-27,C101384,Norte,2025-06-01,Hogar,Cortina blackout,29.37,2,0.0,58.74,Pauta pagada
O505106,2025-07-27,C102496,Norte,2025-03-23,Electrónica,Power bank,71.86,1,0.0,71.86,Orgánico
O514898,2025-07-27,C101558,Sur,2025-02-02,Deportes,Guantes gym,11.66,1,0.0,11.66,Directo
O513641,2025-07-27,C101474,Sur,2025-07-14,Belleza,Serum facial,22.15,1,0.0,22.15,Directo
O515073,2025-07-27,C100518,Norte,2025-02-21,Hogar,Organizador closet,16.5,1,0.0,16.5,Orgánico
O501330,2025-07-27,C101174,Sur,2025-04-04,Moda,Camiseta básica,37.12,2,0.0,74.24,Orgánico
O513904,2025-07-27,C101896,Centro,2025-03-06,Belleza,Set de brochas,17.05,1,0.0,17.05,Email
O508056,2025-07-27,C102807,Centro,2025-02-23,Electrónica,Audífonos BT,58.44,1,0.2,58.44,Redes sociales
O512316,2025-07-27,C102179,Centro,2025-04-09,Belleza,Serum facial,22.15,2,0.0,44.3,Orgánico
O502922,2025-07-27,C103377,Sur,2025-03-28,Hogar,Cortina blackout,29.37,2,0.0,58.74,Orgánico
O503634,2025-07-27,C100130,Centro,2025-01-02,Hogar,Organizador closet,16.5,3,0.0,49.5,Redes sociales
O508021,2025-07-27,C103146,Centro,2025-06-15,Moda,Camiseta básica,37.12,1,0.0,37.12,Redes sociales
O507502,2025-07-27,C103191,Oeste,2025-01-09,Moda,Gorra,31.66,2,0.2,63.32,Orgánico
O507728,2025-07-27,C103411,Centro,2025-06-20,Hogar,Lámpara LED,58.38,2,0.0,116.76,Pauta pagada
O515302,2025-07-27,C102254,Centro,2025-01-19,Belleza,Serum facial,22.15,1,0.0,22.15,Orgánico
O513352,2025-07-27,C101832,Oeste,2025-04-29,Belleza,Perfume,8.01,1,0.15,8.01,Email
O514643,2025-07-27,C102883,Norte,2025-01-30,Electrónica,Cargador rápido,34.25,1,0.2,34.25,Redes sociales
O505325,2025-07-27,C102172,Sur,2025-02-07,Electrónica,Parlante portátil,32.04,3,0.0,96.12,Directo
O512806,2025-07-27,C102271,Norte,2025-01-17,Electrónica,Parlante portátil,25.63,2,0.2,51.26,Directo
O504353,2025-07-27,C101248,Este,2025-06-20,Moda,Camiseta básica,37.12,2,0.0,74.24,Orgánico
O509974,2025-07-27,C102151,Oeste,2025-07-26,Hogar,Difusor aromas,51.63,2,0.0,103.26,Pauta pagada
O500594,2025-07-28,C101201,Sur,2025-01-15,Belleza,Protector solar,10.84,3,0.0,32.52,Pauta pagada
O513881,2025-07-28,C103129,Norte,2025-05-25,Deportes,Botella térmica,17.07,1,0.0,17.07,Orgánico
O503526,2025-07-28,C103163,Centro,2025-02-04,Belleza,Serum facial,18.83,2,0.15,37.66,Redes sociales
O513665,2025-07-28,C100450,Centro,2025-07-09,Deportes,Banda resistencia,29.83,1,0.15,29.83,Redes sociales
O504296,2025-07-28,C102853,Oeste,2025-06-10,Belleza,Shampoo reparador,10.68,1,0.0,10.68,Email
O504953,2025-07-28,C103117,Centro,2025-04-16,Electrónica,Cargador rápido,36.39,3,0.15,109.17,Orgánico
O506214,2025-07-28,C102371,Centro,2025-05-24,Deportes,Guantes gym,11.66,1,0.0,11.66,Email
O501970,2025-07-28,C103329,Norte,2025-01-29,Belleza,Protector solar,10.84,1,0.0,10.84,Orgánico
O514996,2025-07-28,C100588,Oeste,2025-01-06,Moda,Jeans slim,29.04,1,0.0,29.04,Redes sociales
O513428,2025-07-28,C102500,Norte,2025-03-31,Deportes,Mancuernas ajustables,41.15,1,0.0,41.15,Redes sociales
O502636,2025-07-28,C103336,Sur,2025-06-15,Hogar,Lámpara LED,52.54,2,0.1,105.08,Orgánico
O502634,2025-07-28,C103071,Oeste,2025-03-01,Deportes,Mancuernas ajustables,41.15,3,0.0,123.45,Pauta pagada
O502801,2025-07-28,C102787,Este,2025-02-26,Moda,Gorra,39.58,2,0.0,79.16,Email
O500958,2025-07-28,C100777,Centro,2025-04-13,Belleza,Perfume,9.42,1,0.0,9.42,Directo
O511129,2025-07-28,C100497,Sur,2025-04-25,Electrónica,Smartwatch,70.54,2,0.2,141.08,Orgánico
O502209,2025-07-28,C100595,Este,2025-01-02,Moda,Gorra,39.58,2,0.0,79.16,Email
O503985,2025-07-28,C100727,Este,2025-07-28,Belleza,Shampoo reparador,9.61,2,0.1,19.22,Pauta pagada
O510505,2025-07-28,C102071,Norte,2025-01-13,Hogar,Difusor aromas,43.89,2,0.15,87.78,Pauta pagada
O506750,2025-07-28,C102210,Centro,2025-05-05,Deportes,Banda resistencia,35.09,2,0.0,70.18,Pauta pagada
O510368,2025-07-28,C101752,Oeste,2025-05-26,Hogar,Organizador closet,14.85,1,0.1,14.85,Redes sociales
O510293,2025-07-28,C101585,Este,2025-02-20,Belleza,Perfume,9.42,3,0.0,28.26,Directo
O514577,2025-07-28,C101999,Centro,2025-06-04,Belleza,Perfume,9.42,1,0.0,9.42,Directo
O516249,2025-07-29,C100475,Norte,2025-02-12,Deportes,Botella térmica,17.07,2,0.0,34.14,Pauta pagada
O506202,2025-07-29,C101384,Norte,2025-06-01,Moda,Camiseta básica,37.12,1,0.0,37.12,Redes sociales
O502447,2025-07-29,C103074,Oeste,2025-06-08,Moda,Gorra,33.64,3,0.15,100.92,Pauta pagada
O511578,2025-07-29,C103319,Centro,2025-03-31,Moda,Mochila urbana,19.25,1,0.0,19.25,Email
O512318,2025-07-29,C101694,Sur,2025-05-19,Hogar,Difusor aromas,51.63,1,0.0,51.63,Email
O502008,2025-07-29,C102343,Centro,2025-02-04,Belleza,Set de brochas,14.49,2,0.15,28.98,Orgánico
O500119,2025-07-29,C100245,Sur,2025-05-31,Electrónica,Power bank,71.86,2,0.0,143.72,Email
O507461,2025-07-29,C101584,Centro,2025-05-30,Moda,Jeans slim,29.04,2,0.0,58.08,Pauta pagada
O501902,2025-07-29,C101651,Norte,2025-07-13,Moda,Camiseta básica,37.12,3,0.0,111.36,Orgánico
O511013,2025-07-29,C100575,Oeste,2025-02-03,Deportes,Botella térmica,17.07,1,0.0,17.07,Redes sociales
O503580,2025-07-29,C101782,Este,2025-02-03,Deportes,Yoga mat,46.1,3,0.0,138.3,Pauta pagada
O500259,2025-07-29,C103122,Este,2025-04-23,Hogar,Difusor aromas,51.63,1,0.0,51.63,Redes sociales
O502769,2025-07-29,C101489,Sur,2025-03-16,Moda,Gorra,39.58,1,0.0,39.58,Orgánico
O506412,2025-07-29,C100787,Sur,2025-01-06,Deportes,Botella térmica,14.51,2,0.15,29.02,Pauta pagada
O502815,2025-07-29,C101802,Oeste,2025-05-12,Deportes,Guantes gym,9.91,1,0.15,9.91,Orgánico
O505228,2025-07-29,C102625,Norte,2025-07-08,Moda,Gorra,39.58,3,0.0,118.74,Directo
O507389,2025-07-29,C101089,Sur,2025-05-29,Belleza,Serum facial,22.15,1,0.0,22.15,Pauta pagada
O502909,2025-07-29,C102729,Oeste,2025-06-23,Deportes,Botella térmica,17.07,3,0.0,51.21,Directo
O505159,2025-07-29,C101331,Norte,2025-03-20,Deportes,Guantes gym,11.66,2,0.0,23.32,Pauta pagada
O503605,2025-07-29,C102593,Centro,2025-06-26,Belleza,Perfume,9.42,1,0.0,9.42,Pauta pagada
O506572,2025-07-29,C102041,Este,2025-04-28,Deportes,Botella térmica,17.07,1,0.0,17.07,Orgánico
O505672,2025-07-29,C103402,Centro,2025-05-30,Deportes,Yoga mat,46.1,1,0.0,46.1,Pauta pagada
O500819,2025-07-29,C103277,Este,2025-02-02,Deportes,Banda resistencia,35.09,1,0.0,35.09,Redes sociales
O509144,2025-07-29,C101911,Centro,2025-03-31,Deportes,Banda resistencia,35.09,1,0.0,35.09,Orgánico
O504361,2025-07-29,C102004,Este,2025-04-18,Electrónica,Audífonos BT,73.05,1,0.0,73.05,Email
O509042,2025-07-29,C101016,Centro,2025-01-21,Electrónica,Parlante portátil,32.04,2,0.0,64.08,Orgánico
O509189,2025-07-29,C101901,Centro,2025-04-28,Moda,Tenis running,23.13,2,0.2,46.26,Orgánico
O504692,2025-07-29,C102396,Este,2025-07-27,Moda,Jeans slim,29.04,3,0.0,87.12,Orgánico
O502521,2025-07-30,C103309,Norte,2025-06-20,Deportes,Botella térmica,17.07,2,0.0,34.14,Email
O503363,2025-07-30,C100891,Este,2025-05-04,Hogar,Lámpara LED,58.38,1,0.0,58.38,Directo
O503316,2025-07-30,C102004,Este,2025-04-18,Electrónica,Audífonos BT,73.05,3,0.0,219.15,Orgánico
O501721,2025-07-30,C102680,Centro,2025-03-05,Hogar,Cortina blackout,29.37,1,0.0,29.37,Pauta pagada
O502450,2025-07-30,C101396,Oeste,2025-05-06,Electrónica,Cargador rápido,34.25,1,0.2,34.25,Redes sociales
O513631,2025-07-30,C100202,Norte,2025-07-02,Moda,Tenis running,28.91,2,0.0,57.82,Orgánico
O503246,2025-07-30,C102288,Sur,2025-07-13,Moda,Mochila urbana,19.25,1,0.0,19.25,Redes sociales
O504312,2025-07-30,C101828,Oeste,2025-04-05,Electrónica,Audífonos BT,73.05,1,0.0,73.05,Pauta pagada
O503406,2025-07-30,C102251,Este,2025-02-06,Belleza,Set de brochas,17.05,3,0.0,51.15,Directo
O515713,2025-07-30,C103305,Oeste,2025-06-13,Moda,Mochila urbana,19.25,3,0.0,57.75,Orgánico
O508983,2025-07-30,C102315,Norte,2025-06-07,Electrónica,Audífonos BT,73.05,1,0.0,73.05,Orgánico
O509615,2025-07-30,C103278,Norte,2025-03-10,Moda,Camiseta básica,33.41,1,0.1,33.41,Pauta pagada
O512009,2025-07-30,C102525,Centro,2025-04-21,Deportes,Botella térmica,17.07,2,0.0,34.14,Redes sociales
O503782,2025-07-30,C102429,Norte,2025-05-17,Electrónica,Smartwatch,79.35,3,0.1,238.05,Redes sociales
O502897,2025-07-30,C101057,Oeste,2025-03-28,Deportes,Mancuernas ajustables,41.15,1,0.0,41.15,Orgánico
O501813,2025-07-30,C100913,Centro,2025-07-13,Electrónica,Cargador rápido,42.81,2,0.0,85.62,Orgánico
O500327,2025-07-31,C101474,Sur,2025-07-14,Deportes,Botella térmica,17.07,2,0.0,34.14,Directo
O503848,2025-07-31,C102549,Oeste,2025-05-25,Moda,Gorra,31.66,2,0.2,63.32,Orgánico
O508527,2025-07-31,C100671,Centro,2025-07-28,Hogar,Set de sábanas,33.34,1,0.0,33.34,Pauta pagada
O503457,2025-07-31,C100135,Norte,2025-02-14,Hogar,Lámpara LED,58.38,2,0.0,116.76,Redes sociales
O515665,2025-07-31,C102176,Oeste,2025-02-27,Deportes,Botella térmica,17.07,1,0.0,17.07,Directo
O500751,2025-07-31,C102100,Norte,2025-07-16,Deportes,Guantes gym,11.66,2,0.0,23.32,Email
O515684,2025-07-31,C100154,Oeste,2025-07-02,Moda,Mochila urbana,19.25,1,0.0,19.25,Directo
O513644,2025-07-31,C100781,Sur,2025-03-05,Electrónica,Parlante portátil,32.04,1,0.0,32.04,Directo
O515231,2025-07-31,C101325,Centro,2025-04-27,Moda,Jeans slim,24.68,1,0.15,24.68,Pauta pagada
O515807,2025-07-31,C102860,Centro,2025-07-16,Deportes,Mancuernas ajustables,41.15,3,0.0,123.45,Directo
O508406,2025-07-31,C100633,Este,2025-02-26,Deportes,Guantes gym,11.66,3,0.0,34.98,Redes sociales
O510519,2025-07-31,C102965,Centro,2025-04-07,Moda,Jeans slim,29.04,2,0.0,58.08,Redes sociales
O506229,2025-07-31,C100783,Norte,2025-04-25,Moda,Tenis running,28.91,2,0.0,57.82,Redes sociales
O500598,2025-07-31,C100699,Este,2025-04-12,Belleza,Set de brochas,17.05,1,0.0,17.05,Directo
O510270,2025-07-31,C101797,Sur,2025-07-13,Belleza,Serum facial,22.15,1,0.0,22.15,Orgánico
O515397,2025-07-31,C101400,Centro,2025-03-11,Moda,Jeans slim,29.04,1,0.0,29.04,Pauta pagada
O506318,2025-07-31,C102303,Oeste,2025-03-12,Deportes,Botella térmica,17.07,2,0.0,34.14,Pauta pagada
O512004,2025-07-31,C103193,Sur,2025-03-22,Deportes,Yoga mat,36.88,2,0.2,73.76,Orgánico
O500355,2025-08-01,C102829,Norte,2025-06-13,Moda,Gorra,33.64,2,0.15,67.28,Redes sociales
O510715,2025-08-01,C103056,Oeste,2025-04-11,Moda,Gorra,33.64,3,0.15,100.92,Orgánico
O510941,2025-08-01,C101281,Norte,2025-01-04,Hogar,Lámpara LED,58.38,1,0.0,58.38,Email
O513900,2025-08-01,C100533,Sur,2025-02-14,Hogar,Difusor aromas,51.63,2,0.0,103.26,Redes sociales
O506763,2025-08-01,C102812,Este,2025-05-20,Electrónica,Audífonos BT,73.05,2,0.0,146.1,Redes sociales
O508030,2025-08-01,C102598,Norte,2025-04-13,Belleza,Shampoo reparador,9.61,1,0.1,9.61,Orgánico
O501555,2025-08-01,C100444,Centro,2025-02-02,Hogar,Set de sábanas,26.67,1,0.2,26.67,Pauta pagada
O514338,2025-08-01,C101996,Norte,2025-07-30,Belleza,Protector solar,9.21,3,0.15,27.63,Orgánico
O501514,2025-08-01,C101090,Este,2025-07-14,Hogar,Organizador closet,16.5,3,0.0,49.5,Redes sociales
O513808,2025-08-01,C101007,Este,2025-07-22,Electrónica,Cargador rápido,42.81,1,0.0,42.81,Directo
O501785,2025-08-01,C100654,Oeste,2025-06-17,Deportes,Botella térmica,17.07,2,0.0,34.14,Pauta pagada
O511590,2025-08-01,C102598,Norte,2025-04-13,Belleza,Perfume,9.42,1,0.0,9.42,Orgánico
O501525,2025-08-01,C100679,Sur,2025-07-30,Electrónica,Smartwatch,88.17,1,0.0,88.17,Pauta pagada
O505703,2025-08-01,C103485,Oeste,2025-03-16,Deportes,Banda resistencia,35.09,3,0.0,105.27,Pauta pagada
O504886,2025-08-01,C102529,Este,2025-01-17,Deportes,Guantes gym,10.49,2,0.1,20.98,Redes sociales
O514636,2025-08-01,C103341,Sur,2025-04-18,Electrónica,Parlante portátil,28.84,2,0.1,57.68,Orgánico
O512228,2025-08-01,C102313,Norte,2025-05-30,Moda,Jeans slim,29.04,2,0.0,58.08,Orgánico
O511596,2025-08-01,C102991,Sur,2025-03-17,Electrónica,Power bank,71.86,2,0.0,143.72,Pauta pagada
O503096,2025-08-01,C101843,Centro,2025-03-14,Electrónica,Power bank,64.67,1,0.1,64.67,Orgánico
O513526,2025-08-02,C102990,Norte,2025-03-18,Belleza,Serum facial,18.83,2,0.15,37.66,Redes sociales
O501621,2025-08-02,C100510,Centro,2025-03-06,Belleza,Protector solar,10.84,2,0.0,21.68,Email
O511224,2025-08-02,C101101,Oeste,2025-05-24,Belleza,Perfume,9.42,1,0.0,9.42,Redes sociales
O502648,2025-08-02,C102958,Centro,2025-06-03,Deportes,Yoga mat,46.1,2,0.0,92.2,Orgánico
O508839,2025-08-02,C102989,Oeste,2025-01-15,Hogar,Cortina blackout,29.37,2,0.0,58.74,Redes sociales
O514992,2025-08-02,C103456,Centro,2025-02-27,Hogar,Difusor aromas,51.63,2,0.0,103.26,Orgánico
O515004,2025-08-02,C100075,Centro,2025-03-26,Belleza,Set de brochas,17.05,3,0.0,51.15,Orgánico
O500390,2025-08-02,C100296,Sur,2025-06-06,Belleza,Shampoo reparador,10.68,2,0.0,21.36,Orgánico
O506800,2025-08-02,C103242,Centro,2025-05-16,Electrónica,Parlante portátil,32.04,1,0.0,32.04,Directo
O503152,2025-08-02,C101345,Sur,2025-03-02,Hogar,Set de sábanas,28.34,1,0.15,28.34,Email
O515095,2025-08-02,C103366,Sur,2025-01-19,Moda,Mochila urbana,19.25,1,0.0,19.25,Directo
O508365,2025-08-02,C100236,Este,2025-05-02,Electrónica,Power bank,64.67,2,0.1,129.34,Orgánico
O502142,2025-08-02,C103058,Sur,2025-01-09,Deportes,Yoga mat,46.1,1,0.0,46.1,Redes sociales
O510750,2025-08-02,C101106,Sur,2025-05-06,Deportes,Mancuernas ajustables,41.15,1,0.0,41.15,Directo
O509567,2025-08-02,C100030,Este,2025-04-11,Hogar,Lámpara LED,58.38,1,0.0,58.38,Pauta pagada
O513796,2025-08-02,C103420,Oeste,2025-02-22,Belleza,Shampoo reparador,10.68,1,0.0,10.68,Orgánico
O502148,2025-08-02,C100744,Centro,2025-07-13,Hogar,Organizador closet,16.5,1,0.0,16.5,Directo
O514856,2025-08-02,C100958,Centro,2025-04-14,Moda,Gorra,31.66,2,0.2,63.32,Directo
O504316,2025-08-02,C100186,Sur,2025-07-27,Hogar,Organizador closet,16.5,2,0.0,33.0,Pauta pagada
O511804,2025-08-03,C103356,Centro,2025-04-30,Hogar,Cortina blackout,29.37,1,0.0,29.37,Orgánico
O514868,2025-08-03,C102634,Sur,2025-05-10,Belleza,Protector solar,10.84,2,0.0,21.68,Redes sociales
O505743,2025-08-03,C102522,Centro,2025-03-16,Belleza,Perfume,9.42,1,0.0,9.42,Pauta pagada
O501602,2025-08-03,C102273,Este,2025-05-27,Electrónica,Power bank,71.86,1,0.0,71.86,Email
O505143,2025-08-03,C102460,Norte,2025-01-25,Electrónica,Power bank,71.86,1,0.0,71.86,Directo
O508492,2025-08-03,C103484,Centro,2025-04-28,Electrónica,Power bank,64.67,1,0.1,64.67,Orgánico
O503306,2025-08-03,C100929,Norte,2025-01-10,Moda,Gorra,39.58,1,0.0,39.58,Orgánico
O513119,2025-08-03,C102985,Este,2025-07-28,Electrónica,Audífonos BT,73.05,1,0.0,73.05,Orgánico
O501368,2025-08-03,C102332,Norte,2025-04-17,Electrónica,Power bank,71.86,2,0.0,143.72,Redes sociales
O503041,2025-08-03,C101273,Centro,2025-02-24,Moda,Tenis running,28.91,3,0.0,86.73,Orgánico
O512205,2025-08-03,C102072,Norte,2025-05-04,Deportes,Mancuernas ajustables,41.15,1,0.0,41.15,Pauta pagada
O511940,2025-08-03,C100149,Este,2025-04-24,Hogar,Difusor aromas,51.63,1,0.0,51.63,Orgánico
O515368,2025-08-03,C100677,Oeste,2025-04-20,Deportes,Banda resistencia,35.09,3,0.0,105.27,Redes sociales
O515493,2025-08-03,C101049,Norte,2025-01-11,Belleza,Set de brochas,14.49,1,0.15,14.49,Redes sociales
O515371,2025-08-03,C103006,Oeste,2025-03-05,Moda,Mochila urbana,17.32,1,0.1,17.32,Pauta pagada
O513688,2025-08-03,C102244,Este,2025-06-02,Hogar,Organizador closet,14.85,2,0.1,29.7,Email
O501890,2025-08-03,C102599,Este,2025-05-12,Hogar,Lámpara LED,58.38,2,0.0,116.76,Directo
O514897,2025-08-04,C101208,Centro,2025-04-07,Deportes,Guantes gym,11.66,2,0.0,23.32,Orgánico
O509979,2025-08-04,C100361,Norte,2025-06-18,Electrónica,Power bank,71.86,1,0.0,71.86,Orgánico
O500394,2025-08-04,C102943,Este,2025-03-12,Belleza,Set de brochas,17.05,2,0.0,34.1,Directo
O502949,2025-08-04,C101145,Sur,2025-08-04,Deportes,Guantes gym,11.66,2,0.0,23.32,Orgánico
O512662,2025-08-04,C100267,Centro,2025-01-25,Moda,Gorra,33.64,1,0.15,33.64,Redes sociales
O511345,2025-08-04,C102032,Centro,2025-04-29,Moda,Mochila urbana,19.25,2,0.0,38.5,Email
O505415,2025-08-04,C100019,Sur,2025-08-04,Electrónica,Parlante portátil,32.04,1,0.0,32.04,Directo
O504231,2025-08-04,C101677,Sur,2025-02-15,Deportes,Mancuernas ajustables,41.15,1,0.0,41.15,Directo
O514583,2025-08-04,C102788,Norte,2025-04-14,Electrónica,Power bank,71.86,3,0.0,215.58,Directo
O512830,2025-08-04,C102413,Centro,2025-07-01,Hogar,Lámpara LED,58.38,1,0.0,58.38,Redes sociales
O508866,2025-08-04,C102818,Centro,2025-02-24,Hogar,Organizador closet,16.5,2,0.0,33.0,Directo
O505396,2025-08-04,C100896,Centro,2025-07-13,Moda,Tenis running,28.91,2,0.0,57.82,Directo
O507765,2025-08-04,C102358,Centro,2025-07-12,Electrónica,Audífonos BT,73.05,2,0.0,146.1,Directo
O513517,2025-08-04,C102106,Este,2025-05-31,Moda,Jeans slim,29.04,2,0.0,58.08,Redes sociales
O505189,2025-08-04,C103443,Este,2025-04-30,Hogar,Set de sábanas,33.34,1,0.0,33.34,Orgánico
O507188,2025-08-04,C100205,Sur,2025-07-22,Belleza,Protector solar,9.76,1,0.1,9.76,Directo
O507191,2025-08-04,C102094,Norte,2025-08-03,Deportes,Banda resistencia,35.09,2,0.0,70.18,Email
O508043,2025-08-04,C102027,Centro,2025-01-19,Deportes,Banda resistencia,31.58,1,0.1,31.58,Orgánico
O503872,2025-08-05,C100315,Norte,2025-03-28,Deportes,Yoga mat,46.1,1,0.0,46.1,Orgánico
O505158,2025-08-05,C100856,Sur,2025-03-31,Moda,Gorra,39.58,3,0.0,118.74,Email
O515821,2025-08-05,C102464,Centro,2025-07-04,Deportes,Botella térmica,14.51,1,0.15,14.51,Email
O504334,2025-08-05,C103366,Sur,2025-01-19,Moda,Gorra,39.58,3,0.0,118.74,Orgánico
O500433,2025-08-05,C102697,Norte,2025-07-01,Hogar,Lámpara LED,58.38,1,0.0,58.38,Pauta pagada
O510818,2025-08-05,C101654,Este,2025-05-02,Deportes,Guantes gym,9.91,3,0.15,29.73,Directo
O510650,2025-08-05,C102857,Sur,2025-05-15,Belleza,Serum facial,22.15,1,0.0,22.15,Directo
O508381,2025-08-05,C101460,Sur,2025-05-06,Belleza,Protector solar,10.84,1,0.0,10.84,Orgánico
O515474,2025-08-05,C101971,Centro,2025-02-26,Hogar,Cortina blackout,29.37,2,0.0,58.74,Directo
O512319,2025-08-05,C100163,Oeste,2025-02-18,Hogar,Difusor aromas,46.47,1,0.1,46.47,Pauta pagada
O501694,2025-08-05,C101535,Oeste,2025-03-30,Deportes,Botella térmica,17.07,2,0.0,34.14,Pauta pagada
O508850,2025-08-05,C100193,Sur,2025-06-28,Electrónica,Audífonos BT,62.09,1,0.15,62.09,Directo
O504047,2025-08-05,C102309,Centro,2025-08-04,Hogar,Difusor aromas,51.63,1,0.0,51.63,Email
O500247,2025-08-06,C100505,Centro,2025-06-09,Hogar,Lámpara LED,58.38,2,0.0,116.76,Pauta pagada
O514864,2025-08-06,C102004,Este,2025-04-18,Belleza,Serum facial,22.15,2,0.0,44.3,Orgánico
O504294,2025-08-06,C102961,Norte,2025-04-11,Moda,Jeans slim,29.04,2,0.0,58.08,Redes sociales
O514119,2025-08-06,C103319,Centro,2025-03-31,Electrónica,Power bank,71.86,1,0.0,71.86,Orgánico
O501888,2025-08-06,C103216,Centro,2025-07-16,Hogar,Lámpara LED,52.54,2,0.1,105.08,Pauta pagada
O514661,2025-08-06,C100906,Norte,2025-02-13,Belleza,Shampoo reparador,10.68,1,0.0,10.68,Orgánico
O512058,2025-08-06,C101514,Sur,2025-07-30,Hogar,Cortina blackout,29.37,2,0.0,58.74,Email
O506964,2025-08-06,C102353,Oeste,2025-07-25,Electrónica,Smartwatch,88.17,1,0.0,88.17,Directo
O515680,2025-08-06,C102308,Este,2025-01-12,Hogar,Lámpara LED,58.38,1,0.0,58.38,Directo
O504861,2025-08-06,C103405,Centro,2025-06-25,Deportes,Guantes gym,11.66,2,0.0,23.32,Pauta pagada
O508942,2025-08-06,C103422,Sur,2025-08-03,Belleza,Shampoo reparador,10.68,3,0.0,32.04,Pauta pagada
O500654,2025-08-06,C100719,Sur,2025-01-14,Electrónica,Audífonos BT,73.05,1,0.0,73.05,Orgánico
O514850,2025-08-06,C101755,Norte,2025-02-17,Belleza,Set de brochas,17.05,1,0.0,17.05,Directo
O501926,2025-08-06,C100652,Centro,2025-03-21,Hogar,Set de sábanas,33.34,2,0.0,66.68,Redes sociales
O504265,2025-08-06,C101255,Este,2025-03-30,Electrónica,Parlante portátil,27.23,2,0.15,54.46,Directo
O514642,2025-08-06,C100551,Norte,2025-04-21,Deportes,Guantes gym,11.66,3,0.0,34.98,Directo
O501661,2025-08-06,C102925,Este,2025-07-23,Belleza,Set de brochas,17.05,3,0.0,51.15,Directo
O516079,2025-08-06,C101728,Sur,2025-01-21,Deportes,Guantes gym,11.66,1,0.0,11.66,Pauta pagada
O508317,2025-08-06,C103005,Norte,2025-03-10,Deportes,Yoga mat,46.1,1,0.0,46.1,Orgánico
O510011,2025-08-06,C100778,Centro,2025-07-26,Moda,Tenis running,28.91,2,0.0,57.82,Directo
O513583,2025-08-06,C101191,Este,2025-07-07,Hogar,Lámpara LED,52.54,1,0.1,52.54,Email
O505587,2025-08-06,C102598,Norte,2025-04-13,Electrónica,Audífonos BT,73.05,3,0.0,219.15,Orgánico
O513197,2025-08-06,C102675,Norte,2025-03-08,Hogar,Difusor aromas,43.89,1,0.15,43.89,Redes sociales
O505624,2025-08-06,C103406,Sur,2025-07-07,Electrónica,Power bank,71.86,1,0.0,71.86,Directo
O505719,2025-08-06,C100517,Sur,2025-06-24,Hogar,Set de sábanas,33.34,2,0.0,66.68,Directo
O501684,2025-08-07,C100962,Sur,2025-06-18,Belleza,Shampoo reparador,9.61,2,0.1,19.22,Pauta pagada
O515959,2025-08-07,C100723,Centro,2025-06-23,Belleza,Shampoo reparador,10.68,1,0.0,10.68,Email
O502764,2025-08-07,C102175,Centro,2025-07-24,Belleza,Set de brochas,17.05,1,0.0,17.05,Orgánico
O515748,2025-08-07,C101959,Sur,2025-02-20,Hogar,Set de sábanas,33.34,1,0.0,33.34,Pauta pagada
O507962,2025-08-07,C102218,Norte,2025-01-10,Hogar,Organizador closet,16.5,3,0.0,49.5,Directo
O503940,2025-08-07,C101341,Sur,2025-05-07,Electrónica,Cargador rápido,34.25,2,0.2,68.5,Orgánico
O504674,2025-08-07,C101811,Sur,2025-07-25,Moda,Camiseta básica,37.12,2,0.0,74.24,Pauta pagada
O504421,2025-08-07,C101393,Centro,2025-08-06,Electrónica,Power bank,71.86,3,0.0,215.58,Orgánico
O512852,2025-08-07,C103238,Centro,2025-06-11,Electrónica,Smartwatch,79.35,1,0.1,79.35,Directo
O501283,2025-08-07,C101213,Este,2025-01-19,Moda,Mochila urbana,19.25,2,0.0,38.5,Pauta pagada
O514611,2025-08-07,C103154,Norte,2025-05-24,Deportes,Botella térmica,17.07,1,0.0,17.07,Directo
O515950,2025-08-07,C103191,Oeste,2025-01-09,Moda,Mochila urbana,19.25,1,0.0,19.25,Pauta pagada
O501953,2025-08-07,C100579,Oeste,2025-01-11,Moda,Gorra,35.62,2,0.1,71.24,Pauta pagada
O511981,2025-08-07,C102167,Norte,2025-04-05,Electrónica,Cargador rápido,38.53,2,0.1,77.06,Email
O510701,2025-08-07,C102700,Norte,2025-01-12,Hogar,Cortina blackout,29.37,2,0.0,58.74,Directo
O507899,2025-08-07,C101596,Este,2025-05-27,Belleza,Serum facial,22.15,3,0.0,66.45,Email
O505694,2025-08-07,C103071,Oeste,2025-03-01,Moda,Mochila urbana,19.25,1,0.0,19.25,Email
O504683,2025-08-07,C100880,Centro,2025-05-29,Hogar,Organizador closet,16.5,1,0.0,16.5,Pauta pagada
O512361,2025-08-07,C101100,Centro,2025-01-23,Moda,Camiseta básica,33.41,1,0.1,33.41,Pauta pagada
O506450,2025-08-07,C102219,Norte,2025-03-20,Belleza,Protector solar,10.84,2,0.0,21.68,Orgánico
O511439,2025-08-07,C102288,Sur,2025-07-13,Deportes,Banda resistencia,31.58,2,0.1,63.16,Orgánico
O502032,2025-08-07,C102538,Norte,2025-01-02,Moda,Gorra,39.58,1,0.0,39.58,Directo
O513638,2025-08-07,C101135,Sur,2025-03-27,Hogar,Cortina blackout,29.37,3,0.0,88.11,Pauta pagada
O507062,2025-08-07,C102943,Este,2025-03-12,Deportes,Banda resistencia,35.09,2,0.0,70.18,Pauta pagada
O500200,2025-08-07,C103465,Sur,2025-04-15,Hogar,Cortina blackout,29.37,3,0.0,88.11,Pauta pagada
O512554,2025-08-07,C102364,Oeste,2025-02-08,Belleza,Protector solar,10.84,1,0.0,10.84,Orgánico
O502000,2025-08-07,C103467,Centro,2025-04-02,Belleza,Serum facial,17.72,1,0.2,17.72,Pauta pagada
O511280,2025-08-07,C100863,Centro,2025-04-17,Deportes,Botella térmica,17.07,1,0.0,17.07,Redes sociales
O500350,2025-08-07,C101511,Este,2025-05-30,Moda,Tenis running,24.57,1,0.15,24.57,Email
O500202,2025-08-07,C101942,Sur,2025-04-15,Deportes,Mancuernas ajustables,41.15,1,0.0,41.15,Pauta pagada
O504365,2025-08-07,C101556,Oeste,2025-01-04,Hogar,Difusor aromas,51.63,1,0.0,51.63,Email
O511205,2025-08-07,C103094,Oeste,2025-07-16,Belleza,Shampoo reparador,10.68,1,0.0,10.68,Pauta pagada
O510879,2025-08-07,C102685,Centro,2025-03-25,Electrónica,Parlante portátil,32.04,1,0.0,32.04,Redes sociales
O510631,2025-08-08,C103039,Sur,2025-03-09,Hogar,Set de sábanas,33.34,3,0.0,100.02,Pauta pagada
O500963,2025-08-08,C100539,Este,2025-01-05,Hogar,Lámpara LED,52.54,1,0.1,52.54,Directo
O515904,2025-08-08,C100699,Este,2025-04-12,Belleza,Protector solar,10.84,1,0.0,10.84,Directo
O516216,2025-08-08,C101230,Oeste,2025-02-25,Deportes,Botella térmica,17.07,2,0.0,34.14,Orgánico
O503438,2025-08-08,C100117,Sur,2025-04-26,Moda,Jeans slim,29.04,1,0.0,29.04,Redes sociales
O503439,2025-08-08,C103052,Este,2025-08-08,Moda,Mochila urbana,19.25,1,0.0,19.25,Pauta pagada
O501863,2025-08-08,C102789,Oeste,2025-03-14,Moda,Gorra,33.64,1,0.15,33.64,Directo
O507945,2025-08-08,C102855,Sur,2025-04-21,Belleza,Protector solar,10.84,1,0.0,10.84,Orgánico
O504092,2025-08-08,C100656,Oeste,2025-05-31,Hogar,Set de sábanas,33.34,2,0.0,66.68,Directo
O510391,2025-08-08,C100428,Este,2025-07-10,Electrónica,Power bank,71.86,1,0.0,71.86,Redes sociales
O503945,2025-08-08,C101666,Este,2025-04-14,Electrónica,Audífonos BT,73.05,3,0.0,219.15,Redes sociales
O507741,2025-08-08,C101778,Norte,2025-07-11,Electrónica,Cargador rápido,42.81,1,0.0,42.81,Orgánico
O508471,2025-08-08,C102584,Centro,2025-05-22,Deportes,Banda resistencia,29.83,2,0.15,59.66,Email
O514946,2025-08-08,C100623,Centro,2025-02-15,Electrónica,Audífonos BT,73.05,2,0.0,146.1,Orgánico
O516038,2025-08-08,C102620,Sur,2025-04-14,Electrónica,Smartwatch,88.17,1,0.0,88.17,Orgánico
O507619,2025-08-08,C103106,Sur,2025-01-21,Belleza,Perfume,9.42,1,0.0,9.42,Orgánico
O508727,2025-08-08,C100638,Norte,2025-01-06,Moda,Jeans slim,26.14,2,0.1,52.28,Redes sociales
O502751,2025-08-08,C101393,Centro,2025-08-06,Electrónica,Parlante portátil,32.04,3,0.0,96.12,Orgánico
O504990,2025-08-08,C100929,Norte,2025-01-10,Deportes,Yoga mat,46.1,3,0.0,138.3,Redes sociales
O504317,2025-08-08,C100183,Norte,2025-02-17,Moda,Camiseta básica,37.12,2,0.0,74.24,Redes sociales
O514809,2025-08-08,C101188,Centro,2025-04-27,Belleza,Shampoo reparador,8.54,2,0.2,17.08,Pauta pagada
O510279,2025-08-08,C102099,Norte,2025-07-04,Deportes,Mancuernas ajustables,41.15,1,0.0,41.15,Pauta pagada
O512039,2025-08-08,C101325,Centro,2025-04-27,Electrónica,Cargador rápido,42.81,2,0.0,85.62,Directo
O515310,2025-08-08,C102810,Sur,2025-04-01,Hogar,Organizador closet,14.02,1,0.15,14.02,Orgánico
O502175,2025-08-08,C101261,Centro,2025-03-25,Hogar,Lámpara LED,49.62,2,0.15,99.24,Email
O501244,2025-08-08,C100188,Norte,2025-01-30,Deportes,Mancuernas ajustables,32.92,2,0.2,65.84,Redes sociales
O500286,2025-08-09,C102345,Norte,2025-03-02,Belleza,Shampoo reparador,9.08,1,0.15,9.08,Orgánico
O513034,2025-08-09,C100152,Sur,2025-04-27,Deportes,Banda resistencia,29.83,2,0.15,59.66,Directo
O510717,2025-08-09,C103084,Centro,2025-01-27,Electrónica,Smartwatch,74.94,2,0.15,149.88,Redes sociales
O510860,2025-08-09,C103386,Oeste,2025-07-17,Belleza,Set de brochas,17.05,1,0.0,17.05,Orgánico
O512140,2025-08-09,C100366,Norte,2025-04-02,Deportes,Banda resistencia,35.09,1,0.0,35.09,Directo
O505284,2025-08-09,C101255,Este,2025-03-30,Electrónica,Audífonos BT,73.05,1,0.0,73.05,Redes sociales
O504931,2025-08-09,C102940,Norte,2025-01-02,Electrónica,Parlante portátil,27.23,3,0.15,81.69,Email
O500533,2025-08-09,C101359,Norte,2025-02-15,Electrónica,Power bank,71.86,2,0.0,143.72,Directo
O516041,2025-08-09,C101429,Centro,2025-07-07,Deportes,Botella térmica,17.07,1,0.0,17.07,Pauta pagada
O506179,2025-08-09,C101317,Oeste,2025-08-09,Electrónica,Cargador rápido,38.53,1,0.1,38.53,Email
O502510,2025-08-09,C100317,Centro,2025-04-02,Belleza,Protector solar,10.84,1,0.0,10.84,Directo
O514657,2025-08-09,C100473,Norte,2025-02-13,Belleza,Shampoo reparador,8.54,1,0.2,8.54,Orgánico
O515419,2025-08-09,C103159,Oeste,2025-06-22,Electrónica,Audífonos BT,73.05,1,0.0,73.05,Pauta pagada
O506241,2025-08-09,C100518,Norte,2025-02-21,Electrónica,Smartwatch,88.17,3,0.0,264.51,Email
O515616,2025-08-09,C101678,Este,2025-03-08,Electrónica,Audífonos BT,65.74,1,0.1,65.74,Redes sociales
O500111,2025-08-09,C101046,Norte,2025-04-06,Moda,Gorra,39.58,2,0.0,79.16,Redes sociales
O509462,2025-08-09,C100964,Norte,2025-01-28,Deportes,Mancuernas ajustables,34.98,1,0.15,34.98,Redes sociales
O513581,2025-08-09,C103119,Oeste,2025-02-13,Moda,Jeans slim,29.04,3,0.0,87.12,Redes sociales
O508130,2025-08-09,C101414,Este,2025-07-11,Hogar,Cortina blackout,29.37,2,0.0,58.74,Redes sociales
O509677,2025-08-09,C100044,Centro,2025-07-18,Electrónica,Power bank,71.86,1,0.0,71.86,Directo
O500513,2025-08-10,C103126,Oeste,2025-07-04,Moda,Tenis running,28.91,1,0.0,28.91,Orgánico
O504625,2025-08-10,C102443,Centro,2025-06-05,Belleza,Shampoo reparador,9.08,2,0.15,18.16,Orgánico
O511362,2025-08-10,C100976,Este,2025-02-09,Deportes,Yoga mat,41.49,1,0.1,41.49,Directo
O511988,2025-08-10,C101077,Norte,2025-01-31,Moda,Gorra,39.58,1,0.0,39.58,Orgánico
O503627,2025-08-10,C100942,Oeste,2025-03-04,Moda,Camiseta básica,37.12,2,0.0,74.24,Redes sociales
O513598,2025-08-10,C103100,Este,2025-02-28,Belleza,Serum facial,22.15,2,0.0,44.3,Redes sociales
O515261,2025-08-10,C102441,Centro,2025-08-10,Belleza,Set de brochas,17.05,1,0.0,17.05,Pauta pagada
O505565,2025-08-10,C103350,Este,2025-06-12,Belleza,Shampoo reparador,10.68,2,0.0,21.36,Redes sociales
O507495,2025-08-10,C102788,Norte,2025-04-14,Hogar,Organizador closet,14.85,2,0.1,29.7,Orgánico
O511570,2025-08-10,C101903,Centro,2025-07-18,Hogar,Difusor aromas,51.63,2,0.0,103.26,Orgánico
O507162,2025-08-10,C101469,Este,2025-07-08,Hogar,Lámpara LED,58.38,1,0.0,58.38,Pauta pagada
O505475,2025-08-10,C101291,Norte,2025-03-30,Electrónica,Parlante portátil,28.84,1,0.1,28.84,Orgánico
O500304,2025-08-10,C101287,Norte,2025-02-10,Hogar,Set de sábanas,33.34,3,0.0,100.02,Directo
O505137,2025-08-10,C100154,Oeste,2025-07-02,Belleza,Perfume,9.42,1,0.0,9.42,Orgánico
O508702,2025-08-10,C100845,Este,2025-01-30,Hogar,Cortina blackout,29.37,1,0.0,29.37,Orgánico
O506337,2025-08-10,C102224,Centro,2025-02-08,Moda,Jeans slim,29.04,3,0.0,87.12,Orgánico
O513169,2025-08-10,C102406,Sur,2025-01-22,Electrónica,Audífonos BT,62.09,1,0.15,62.09,Email
O503574,2025-08-10,C101264,Sur,2025-04-01,Deportes,Botella térmica,15.36,2,0.1,30.72,Redes sociales
O510283,2025-08-10,C101701,Centro,2025-08-10,Belleza,Perfume,9.42,1,0.0,9.42,Redes sociales
O512764,2025-08-10,C101090,Este,2025-07-14,Moda,Mochila urbana,19.25,1,0.0,19.25,Pauta pagada
O506885,2025-08-10,C100080,Centro,2025-07-19,Hogar,Organizador closet,16.5,2,0.0,33.0,Orgánico
O513270,2025-08-10,C103176,Este,2025-06-25,Deportes,Yoga mat,46.1,1,0.0,46.1,Email
O506894,2025-08-10,C102492,Oeste,2025-07-06,Belleza,Serum facial,22.15,3,0.0,66.45,Directo
O511806,2025-08-10,C101067,Centro,2025-08-04,Belleza,Protector solar,10.84,1,0.0,10.84,Orgánico
O510221,2025-08-10,C101183,Norte,2025-07-25,Belleza,Set de brochas,17.05,1,0.0,17.05,Orgánico
O510898,2025-08-10,C100025,Oeste,2025-06-26,Deportes,Guantes gym,10.49,1,0.1,10.49,Pauta pagada
O510100,2025-08-10,C102807,Centro,2025-02-23,Hogar,Set de sábanas,33.34,1,0.0,33.34,Email
O509049,2025-08-10,C102495,Sur,2025-05-28,Belleza,Serum facial,22.15,1,0.0,22.15,Directo
O502328,2025-08-11,C103494,Sur,2025-03-30,Moda,Tenis running,28.91,1,0.0,28.91,Redes sociales
O501853,2025-08-11,C100579,Oeste,2025-01-11,Hogar,Cortina blackout,29.37,2,0.0,58.74,Orgánico
O502866,2025-08-11,C100612,Centro,2025-02-13,Moda,Gorra,39.58,1,0.0,39.58,Pauta pagada
O504166,2025-08-11,C102414,Oeste,2025-03-20,Deportes,Banda resistencia,35.09,1,0.0,35.09,Pauta pagada
O505370,2025-08-11,C100239,Norte,2025-08-10,Belleza,Set de brochas,15.34,3,0.1,46.02,Email
O508466,2025-08-11,C101164,Oeste,2025-08-02,Electrónica,Cargador rápido,42.81,2,0.0,85.62,Orgánico
O516336,2025-08-11,C100154,Oeste,2025-07-02,Moda,Mochila urbana,17.32,1,0.1,17.32,Orgánico
O512809,2025-08-11,C101335,Sur,2025-04-26,Hogar,Cortina blackout,29.37,2,0.0,58.74,Directo
O514758,2025-08-11,C102966,Este,2025-01-02,Deportes,Botella térmica,17.07,1,0.0,17.07,Email
O511693,2025-08-11,C101859,Norte,2025-04-14,Deportes,Yoga mat,46.1,1,0.0,46.1,Pauta pagada
O508472,2025-08-11,C101460,Sur,2025-05-06,Moda,Jeans slim,23.23,3,0.2,69.69,Pauta pagada
O514492,2025-08-11,C102801,Norte,2025-03-05,Hogar,Difusor aromas,51.63,1,0.0,51.63,Orgánico
O504599,2025-08-11,C102784,Norte,2025-02-06,Moda,Camiseta básica,37.12,3,0.0,111.36,Directo
O505084,2025-08-11,C100673,Sur,2025-02-22,Hogar,Difusor aromas,43.89,3,0.15,131.67,Directo
O501676,2025-08-11,C102890,Sur,2025-06-29,Moda,Camiseta básica,37.12,2,0.0,74.24,Orgánico
O514381,2025-08-11,C102625,Norte,2025-07-08,Electrónica,Power bank,71.86,1,0.0,71.86,Directo
O501153,2025-08-11,C101825,Centro,2025-05-29,Deportes,Mancuernas ajustables,34.98,1,0.15,34.98,Orgánico
O510114,2025-08-11,C101021,Centro,2025-02-09,Hogar,Cortina blackout,29.37,1,0.0,29.37,Redes sociales
O507060,2025-08-11,C103298,Norte,2025-04-23,Moda,Mochila urbana,16.36,2,0.15,32.72,Directo
O503999,2025-08-11,C101200,Centro,2025-04-18,Electrónica,Smartwatch,74.94,1,0.15,74.94,Pauta pagada
O501530,2025-08-11,C101283,Centro,2025-03-10,Belleza,Shampoo reparador,10.68,1,0.0,10.68,Pauta pagada
O514252,2025-08-11,C101943,Oeste,2025-03-21,Moda,Camiseta básica,37.12,2,0.0,74.24,Pauta pagada
O513556,2025-08-11,C102293,Este,2025-05-19,Electrónica,Audífonos BT,73.05,2,0.0,146.1,Email
O510654,2025-08-11,C102508,Este,2025-05-12,Electrónica,Smartwatch,70.54,1,0.2,70.54,Redes sociales
O506668,2025-08-11,C100235,Este,2025-03-26,Belleza,Protector solar,9.76,1,0.1,9.76,Redes sociales
O506567,2025-08-11,C102465,Norte,2025-06-19,Deportes,Botella térmica,15.36,1,0.1,15.36,Directo
O507323,2025-08-11,C102889,Este,2025-06-30,Moda,Tenis running,28.91,1,0.0,28.91,Redes sociales
O513935,2025-08-11,C101184,Sur,2025-04-27,Deportes,Banda resistencia,35.09,3,0.0,105.27,Directo
O501466,2025-08-11,C100217,Oeste,2025-08-06,Belleza,Perfume,9.42,1,0.0,9.42,Pauta pagada
O503465,2025-08-11,C100582,Norte,2025-06-15,Electrónica,Audífonos BT,73.05,1,0.0,73.05,Directo
O500264,2025-08-12,C100484,Norte,2025-03-18,Moda,Jeans slim,29.04,1,0.0,29.04,Orgánico
O503105,2025-08-12,C100323,Sur,2025-01-18,Moda,Mochila urbana,19.25,1,0.0,19.25,Email
O511989,2025-08-12,C101684,Este,2025-02-23,Deportes,Botella térmica,17.07,1,0.0,17.07,Redes sociales
O501658,2025-08-12,C100549,Centro,2025-06-11,Belleza,Serum facial,22.15,2,0.0,44.3,Pauta pagada
O506866,2025-08-12,C101394,Norte,2025-02-18,Electrónica,Smartwatch,88.17,1,0.0,88.17,Directo
O513887,2025-08-12,C100535,Oeste,2025-08-03,Hogar,Cortina blackout,29.37,1,0.0,29.37,Pauta pagada
O506204,2025-08-12,C101391,Norte,2025-01-19,Deportes,Botella térmica,17.07,1,0.0,17.07,Orgánico
O513276,2025-08-12,C100552,Oeste,2025-07-08,Electrónica,Cargador rápido,42.81,1,0.0,42.81,Orgánico
O508405,2025-08-12,C101740,Oeste,2025-07-13,Hogar,Cortina blackout,29.37,1,0.0,29.37,Orgánico
O512056,2025-08-12,C100193,Sur,2025-06-28,Deportes,Botella térmica,17.07,1,0.0,17.07,Email
O507022,2025-08-12,C101304,Este,2025-06-17,Deportes,Banda resistencia,35.09,2,0.0,70.18,Directo
O500442,2025-08-12,C103308,Oeste,2025-03-03,Deportes,Banda resistencia,35.09,1,0.0,35.09,Pauta pagada
O513343,2025-08-12,C102395,Centro,2025-01-02,Belleza,Serum facial,22.15,2,0.0,44.3,Orgánico
O514335,2025-08-12,C101379,Norte,2025-02-16,Belleza,Shampoo reparador,10.68,3,0.0,32.04,Email
O504788,2025-08-12,C103165,Sur,2025-05-31,Hogar,Lámpara LED,58.38,2,0.0,116.76,Redes sociales
O515166,2025-08-12,C102673,Centro,2025-07-17,Moda,Camiseta básica,37.12,1,0.0,37.12,Email
O502035,2025-08-12,C101585,Este,2025-02-20,Deportes,Banda resistencia,31.58,1,0.1,31.58,Orgánico
O504798,2025-08-12,C101723,Centro,2025-05-05,Moda,Camiseta básica,37.12,2,0.0,74.24,Directo
O500940,2025-08-12,C100288,Este,2025-07-17,Deportes,Mancuernas ajustables,41.15,1,0.0,41.15,Redes sociales
O515361,2025-08-12,C102192,Oeste,2025-01-04,Belleza,Set de brochas,17.05,3,0.0,51.15,Directo
O510734,2025-08-12,C102810,Sur,2025-04-01,Moda,Tenis running,28.91,1,0.0,28.91,Orgánico
O508374,2025-08-12,C101827,Oeste,2025-06-10,Moda,Mochila urbana,19.25,2,0.0,38.5,Email
O515850,2025-08-12,C102984,Sur,2025-07-28,Deportes,Mancuernas ajustables,41.15,1,0.0,41.15,Redes sociales
O508673,2025-08-12,C100754,Sur,2025-02-16,Belleza,Serum facial,22.15,1,0.0,22.15,Orgánico
O510704,2025-08-12,C101882,Sur,2025-07-09,Hogar,Difusor aromas,51.63,2,0.0,103.26,Orgánico
O510542,2025-08-12,C100697,Centro,2025-02-18,Moda,Tenis running,28.91,2,0.0,57.82,Pauta pagada
O512866,2025-08-12,C101511,Este,2025-05-30,Moda,Jeans slim,26.14,1,0.1,26.14,Email
O515092,2025-08-12,C102233,Centro,2025-04-27,Deportes,Yoga mat,46.1,3,0.0,138.3,Email
O511386,2025-08-13,C102543,Norte,2025-07-15,Belleza,Set de brochas,17.05,1,0.0,17.05,Directo
O507585,2025-08-13,C100373,Sur,2025-06-02,Electrónica,Audífonos BT,73.05,3,0.0,219.15,Redes sociales
O507966,2025-08-13,C101359,Norte,2025-02-15,Deportes,Mancuernas ajustables,41.15,1,0.0,41.15,Directo
O500407,2025-08-13,C100884,Este,2025-08-13,Hogar,Difusor aromas,51.63,2,0.0,103.26,Orgánico
O508454,2025-08-13,C102131,Este,2025-06-13,Deportes,Guantes gym,11.66,2,0.0,23.32,Redes sociales
O513364,2025-08-13,C100301,Este,2025-05-24,Electrónica,Power bank,71.86,2,0.0,143.72,Redes sociales
O508344,2025-08-13,C102127,Centro,2025-02-20,Electrónica,Power bank,71.86,1,0.0,71.86,Pauta pagada
O500095,2025-08-13,C101371,Sur,2025-01-02,Hogar,Organizador closet,16.5,2,0.0,33.0,Redes sociales
O510415,2025-08-13,C102557,Centro,2025-04-24,Hogar,Difusor aromas,51.63,1,0.0,51.63,Directo
O510054,2025-08-13,C102888,Este,2025-06-21,Deportes,Mancuernas ajustables,41.15,1,0.0,41.15,Pauta pagada
O504302,2025-08-13,C102959,Sur,2025-03-27,Deportes,Guantes gym,11.66,1,0.0,11.66,Redes sociales
O508865,2025-08-13,C101832,Oeste,2025-04-29,Electrónica,Power bank,64.67,2,0.1,129.34,Pauta pagada
O512333,2025-08-13,C101650,Este,2025-07-15,Deportes,Botella térmica,17.07,2,0.0,34.14,Pauta pagada
O503815,2025-08-13,C102776,Centro,2025-02-11,Moda,Camiseta básica,33.41,1,0.1,33.41,Orgánico
O500230,2025-08-13,C101831,Sur,2025-02-03,Electrónica,Smartwatch,88.17,1,0.0,88.17,Orgánico
O500479,2025-08-13,C102210,Centro,2025-05-05,Deportes,Guantes gym,11.66,1,0.0,11.66,Pauta pagada
O511311,2025-08-13,C102561,Centro,2025-04-15,Deportes,Mancuernas ajustables,41.15,2,0.0,82.3,Orgánico
O502680,2025-08-13,C102833,Norte,2025-03-29,Hogar,Set de sábanas,33.34,2,0.0,66.68,Directo
O512647,2025-08-13,C100342,Centro,2025-03-29,Deportes,Botella térmica,17.07,2,0.0,34.14,Directo
O512712,2025-08-13,C103343,Sur,2025-07-27,Hogar,Set de sábanas,33.34,1,0.0,33.34,Orgánico
O514472,2025-08-14,C103213,Centro,2025-01-19,Hogar,Lámpara LED,52.54,2,0.1,105.08,Redes sociales
O505551,2025-08-14,C100243,Norte,2025-08-09,Deportes,Botella térmica,17.07,1,0.0,17.07,Directo
O514508,2025-08-14,C100757,Centro,2025-07-03,Moda,Mochila urbana,19.25,1,0.0,19.25,Directo
O515360,2025-08-14,C101669,Sur,2025-07-13,Moda,Tenis running,28.91,1,0.0,28.91,Directo
O502710,2025-08-14,C102492,Oeste,2025-07-06,Belleza,Serum facial,22.15,3,0.0,66.45,Email
O508160,2025-08-14,C101749,Oeste,2025-04-13,Moda,Tenis running,28.91,3,0.0,86.73,Email
O504469,2025-08-14,C101984,Norte,2025-08-03,Electrónica,Audífonos BT,62.09,3,0.15,186.27,Orgánico
O500982,2025-08-14,C101853,Centro,2025-02-17,Electrónica,Cargador rápido,36.39,3,0.15,109.17,Orgánico
O501093,2025-08-14,C101413,Norte,2025-07-22,Deportes,Banda resistencia,35.09,1,0.0,35.09,Email
O501521,2025-08-14,C100501,Centro,2025-02-23,Moda,Camiseta básica,37.12,1,0.0,37.12,Directo
O506861,2025-08-14,C100654,Oeste,2025-06-17,Deportes,Guantes gym,11.66,1,0.0,11.66,Orgánico
O506457,2025-08-14,C102113,Centro,2025-02-13,Moda,Gorra,39.58,1,0.0,39.58,Orgánico
O515250,2025-08-14,C102574,Norte,2025-08-14,Belleza,Shampoo reparador,9.08,1,0.15,9.08,Redes sociales
O506376,2025-08-14,C100342,Centro,2025-03-29,Electrónica,Parlante portátil,32.04,1,0.0,32.04,Pauta pagada
O503960,2025-08-14,C103344,Norte,2025-04-01,Deportes,Yoga mat,41.49,2,0.1,82.98,Pauta pagada
O500898,2025-08-14,C103366,Sur,2025-01-19,Moda,Mochila urbana,19.25,2,0.0,38.5,Directo
O501624,2025-08-14,C101563,Norte,2025-06-30,Moda,Jeans slim,29.04,1,0.0,29.04,Redes sociales
O511848,2025-08-14,C100448,Norte,2025-01-19,Moda,Camiseta básica,37.12,1,0.0,37.12,Orgánico
O500213,2025-08-14,C101597,Oeste,2025-07-17,Deportes,Yoga mat,39.18,1,0.15,39.18,Redes sociales
O506980,2025-08-14,C101272,Centro,2025-03-11,Electrónica,Smartwatch,70.54,1,0.2,70.54,Pauta pagada
O510378,2025-08-14,C101038,Oeste,2025-02-07,Deportes,Mancuernas ajustables,37.03,1,0.1,37.03,Email
O502753,2025-08-14,C100626,Oeste,2025-07-17,Moda,Camiseta básica,31.55,1,0.15,31.55,Orgánico
O508047,2025-08-14,C100116,Oeste,2025-06-21,Hogar,Lámpara LED,46.7,1,0.2,46.7,Orgánico
O508185,2025-08-14,C103345,Norte,2025-04-16,Hogar,Set de sábanas,33.34,2,0.0,66.68,Pauta pagada
O503169,2025-08-14,C102614,Este,2025-02-01,Belleza,Serum facial,22.15,2,0.0,44.3,Pauta pagada
O505498,2025-08-14,C101703,Centro,2025-06-19,Electrónica,Cargador rápido,38.53,2,0.1,77.06,Orgánico
O502647,2025-08-15,C101304,Este,2025-06-17,Belleza,Serum facial,22.15,1,0.0,22.15,Pauta pagada
O515667,2025-08-15,C103063,Oeste,2025-03-24,Moda,Jeans slim,29.04,1,0.0,29.04,Directo
O506113,2025-08-15,C100313,Sur,2025-03-08,Hogar,Lámpara LED,49.62,1,0.15,49.62,Orgánico
O508019,2025-08-15,C100313,Sur,2025-03-08,Belleza,Shampoo reparador,10.68,2,0.0,21.36,Email
O500168,2025-08-15,C101778,Norte,2025-07-11,Moda,Tenis running,28.91,1,0.0,28.91,Directo
O514973,2025-08-15,C103279,Norte,2025-02-13,Electrónica,Audífonos BT,73.05,2,0.0,146.1,Orgánico
O511314,2025-08-15,C102598,Norte,2025-04-13,Belleza,Serum facial,18.83,1,0.15,18.83,Orgánico
O509999,2025-08-15,C102010,Norte,2025-01-09,Moda,Gorra,39.58,1,0.0,39.58,Redes sociales
O511491,2025-08-15,C102644,Sur,2025-04-06,Deportes,Guantes gym,11.66,2,0.0,23.32,Pauta pagada
O504098,2025-08-15,C102983,Norte,2025-01-02,Belleza,Set de brochas,17.05,3,0.0,51.15,Redes sociales
O511556,2025-08-15,C102339,Oeste,2025-05-07,Deportes,Mancuernas ajustables,34.98,1,0.15,34.98,Orgánico
O501271,2025-08-15,C102833,Norte,2025-03-29,Electrónica,Parlante portátil,28.84,1,0.1,28.84,Email
O511853,2025-08-15,C101684,Este,2025-02-23,Hogar,Lámpara LED,58.38,3,0.0,175.14,Email
O510918,2025-08-15,C103288,Este,2025-07-12,Deportes,Yoga mat,39.18,1,0.15,39.18,Orgánico
O500561,2025-08-15,C101655,Norte,2025-03-31,Deportes,Guantes gym,11.66,2,0.0,23.32,Pauta pagada
O510376,2025-08-15,C101597,Oeste,2025-07-17,Belleza,Serum facial,18.83,1,0.15,18.83,Orgánico
O508774,2025-08-15,C101879,Este,2025-04-27,Deportes,Botella térmica,17.07,1,0.0,17.07,Redes sociales
O513718,2025-08-15,C100297,Este,2025-08-04,Moda,Tenis running,23.13,2,0.2,46.26,Orgánico
O505757,2025-08-15,C102986,Centro,2025-05-13,Belleza,Set de brochas,17.05,3,0.0,51.15,Directo
O504037,2025-08-15,C101184,Sur,2025-04-27,Moda,Tenis running,24.57,1,0.15,24.57,Pauta pagada
O510578,2025-08-15,C102095,Centro,2025-04-04,Moda,Jeans slim,29.04,1,0.0,29.04,Orgánico
O511938,2025-08-15,C102058,Norte,2025-04-23,Belleza,Protector solar,10.84,1,0.0,10.84,Directo
O515547,2025-08-15,C103023,Centro,2025-05-28,Belleza,Shampoo reparador,10.68,1,0.0,10.68,Directo
O508190,2025-08-15,C103315,Oeste,2025-04-06,Deportes,Banda resistencia,35.09,1,0.0,35.09,Email
O514991,2025-08-15,C102070,Centro,2025-02-06,Electrónica,Power bank,71.86,3,0.0,215.58,Email
O500406,2025-08-15,C102254,Centro,2025-01-19,Moda,Gorra,39.58,2,0.0,79.16,Orgánico
O515213,2025-08-15,C103410,Norte,2025-07-23,Hogar,Set de sábanas,28.34,1,0.15,28.34,Redes sociales
O514097,2025-08-16,C101278,Norte,2025-01-08,Electrónica,Cargador rápido,42.81,3,0.0,128.43,Pauta pagada
O514103,2025-08-16,C101136,Centro,2025-07-24,Hogar,Lámpara LED,58.38,2,0.0,116.76,Pauta pagada
O507533,2025-08-16,C100709,Norte,2025-05-31,Belleza,Perfume,7.54,2,0.2,15.08,Redes sociales
O512341,2025-08-16,C102004,Este,2025-04-18,Hogar,Organizador closet,14.02,1,0.15,14.02,Email
O507681,2025-08-16,C100723,Centro,2025-06-23,Hogar,Cortina blackout,23.5,2,0.2,47.0,Directo
O503496,2025-08-16,C100100,Norte,2025-07-14,Moda,Tenis running,28.91,1,0.0,28.91,Orgánico
O504278,2025-08-16,C101380,Centro,2025-07-29,Hogar,Cortina blackout,29.37,3,0.0,88.11,Pauta pagada
O511508,2025-08-16,C103403,Norte,2025-07-08,Deportes,Botella térmica,15.36,1,0.1,15.36,Email
O508967,2025-08-16,C101860,Centro,2025-04-13,Electrónica,Smartwatch,88.17,3,0.0,264.51,Directo
O509953,2025-08-16,C100691,Norte,2025-05-28,Hogar,Set de sábanas,33.34,1,0.0,33.34,Orgánico
O503537,2025-08-16,C102055,Este,2025-02-05,Hogar,Lámpara LED,58.38,3,0.0,175.14,Pauta pagada
O500735,2025-08-16,C101377,Sur,2025-08-02,Hogar,Set de sábanas,33.34,2,0.0,66.68,Orgánico
O515762,2025-08-16,C102330,Centro,2025-05-21,Moda,Camiseta básica,37.12,1,0.0,37.12,Directo
O505266,2025-08-16,C101852,Sur,2025-03-04,Belleza,Protector solar,9.21,1,0.15,9.21,Pauta pagada
O512810,2025-08-16,C101091,Sur,2025-02-19,Electrónica,Power bank,71.86,1,0.0,71.86,Orgánico
O504992,2025-08-16,C101244,Sur,2025-05-30,Hogar,Organizador closet,16.5,2,0.0,33.0,Redes sociales
O506213,2025-08-16,C103420,Oeste,2025-02-22,Moda,Camiseta básica,37.12,3,0.0,111.36,Orgánico
O500986,2025-08-16,C101167,Centro,2025-06-10,Electrónica,Cargador rápido,42.81,1,0.0,42.81,Pauta pagada
O508015,2025-08-16,C103315,Oeste,2025-04-06,Belleza,Protector solar,9.76,1,0.1,9.76,Directo
O503206,2025-08-16,C102798,Sur,2025-03-03,Electrónica,Smartwatch,74.94,3,0.15,224.82,Email
O515098,2025-08-16,C100721,Norte,2025-06-02,Hogar,Cortina blackout,29.37,1,0.0,29.37,Redes sociales
O503160,2025-08-16,C101625,Este,2025-02-14,Electrónica,Smartwatch,79.35,1,0.1,79.35,Directo
O511019,2025-08-16,C100447,Este,2025-08-04,Hogar,Cortina blackout,29.37,1,0.0,29.37,Orgánico
O504822,2025-08-17,C100449,Sur,2025-02-04,Moda,Gorra,39.58,3,0.0,118.74,Email
O501632,2025-08-17,C100350,Sur,2025-08-13,Moda,Gorra,35.62,1,0.1,35.62,Orgánico
O503525,2025-08-17,C102878,Este,2025-07-04,Moda,Jeans slim,29.04,1,0.0,29.04,Email
O501636,2025-08-17,C102377,Norte,2025-01-02,Electrónica,Smartwatch,88.17,2,0.0,176.34,Orgánico
O512906,2025-08-17,C102663,Norte,2025-03-24,Electrónica,Power bank,71.86,3,0.0,215.58,Email
O506398,2025-08-17,C102358,Centro,2025-07-12,Deportes,Mancuernas ajustables,41.15,3,0.0,123.45,Pauta pagada
O500653,2025-08-17,C101021,Centro,2025-02-09,Deportes,Botella térmica,17.07,1,0.0,17.07,Redes sociales
O505810,2025-08-17,C102447,Oeste,2025-06-02,Electrónica,Power bank,71.86,2,0.0,143.72,Redes sociales
O508123,2025-08-17,C103281,Sur,2025-01-27,Belleza,Shampoo reparador,10.68,1,0.0,10.68,Directo
O501966,2025-08-17,C101625,Este,2025-02-14,Deportes,Yoga mat,39.18,3,0.15,117.54,Pauta pagada
O500032,2025-08-17,C100939,Norte,2025-01-03,Moda,Tenis running,24.57,1,0.15,24.57,Orgánico
O514226,2025-08-17,C102048,Centro,2025-03-23,Hogar,Set de sábanas,33.34,1,0.0,33.34,Pauta pagada
O503548,2025-08-17,C102883,Norte,2025-01-30,Hogar,Lámpara LED,58.38,2,0.0,116.76,Pauta pagada
O501629,2025-08-17,C100661,Centro,2025-03-08,Electrónica,Cargador rápido,42.81,1,0.0,42.81,Redes sociales
O500857,2025-08-17,C101590,Centro,2025-06-05,Hogar,Cortina blackout,26.43,1,0.1,26.43,Orgánico
O511315,2025-08-17,C100373,Sur,2025-06-02,Belleza,Serum facial,22.15,1,0.0,22.15,Redes sociales
O511348,2025-08-17,C102698,Sur,2025-07-13,Deportes,Mancuernas ajustables,41.15,2,0.0,82.3,Email
O513372,2025-08-17,C103292,Centro,2025-02-01,Belleza,Set de brochas,17.05,2,0.0,34.1,Orgánico
O515245,2025-08-17,C100889,Norte,2025-07-16,Deportes,Banda resistencia,35.09,2,0.0,70.18,Orgánico
O512938,2025-08-17,C103168,Sur,2025-02-05,Hogar,Set de sábanas,33.34,1,0.0,33.34,Redes sociales
O502804,2025-08-17,C100691,Norte,2025-05-28,Deportes,Guantes gym,11.66,3,0.0,34.98,Directo
O511581,2025-08-18,C100095,Sur,2025-04-04,Hogar,Cortina blackout,29.37,1,0.0,29.37,Directo
O505260,2025-08-18,C100863,Centro,2025-04-17,Hogar,Set de sábanas,28.34,1,0.15,28.34,Orgánico
O515709,2025-08-18,C100404,Oeste,2025-07-21,Belleza,Serum facial,22.15,1,0.0,22.15,Email
O505066,2025-08-18,C102302,Centro,2025-03-21,Moda,Tenis running,28.91,2,0.0,57.82,Pauta pagada
O505223,2025-08-18,C101019,Centro,2025-01-18,Hogar,Difusor aromas,51.63,1,0.0,51.63,Redes sociales
O515978,2025-08-18,C100647,Sur,2025-01-20,Moda,Gorra,39.58,1,0.0,39.58,Directo
O512366,2025-08-18,C103044,Este,2025-03-12,Deportes,Mancuernas ajustables,41.15,2,0.0,82.3,Email
O508597,2025-08-18,C103129,Norte,2025-05-25,Belleza,Perfume,9.42,1,0.0,9.42,Directo
O515012,2025-08-18,C100672,Norte,2025-06-12,Moda,Jeans slim,29.04,1,0.0,29.04,Orgánico
O510628,2025-08-18,C102241,Oeste,2025-04-07,Belleza,Shampoo reparador,10.68,1,0.0,10.68,Directo
O504026,2025-08-18,C102774,Este,2025-05-17,Deportes,Yoga mat,46.1,1,0.0,46.1,Redes sociales
O505582,2025-08-18,C100274,Norte,2025-04-27,Moda,Jeans slim,29.04,3,0.0,87.12,Email
O502348,2025-08-18,C101343,Sur,2025-01-07,Belleza,Perfume,9.42,1,0.0,9.42,Email
O510772,2025-08-18,C100021,Oeste,2025-01-09,Hogar,Organizador closet,16.5,1,0.0,16.5,Directo
O507599,2025-08-18,C100196,Este,2025-04-25,Belleza,Protector solar,9.76,2,0.1,19.52,Redes sociales
O509066,2025-08-18,C101202,Oeste,2025-01-19,Deportes,Banda resistencia,31.58,2,0.1,63.16,Pauta pagada
O507537,2025-08-18,C102337,Este,2025-04-28,Electrónica,Audífonos BT,73.05,1,0.0,73.05,Pauta pagada
O511368,2025-08-18,C102644,Sur,2025-04-06,Moda,Jeans slim,24.68,1,0.15,24.68,Pauta pagada
O510050,2025-08-18,C102144,Centro,2025-06-22,Moda,Tenis running,28.91,2,0.0,57.82,Pauta pagada
O500225,2025-08-18,C100258,Centro,2025-04-09,Hogar,Cortina blackout,29.37,2,0.0,58.74,Orgánico
O509817,2025-08-18,C101104,Centro,2025-03-22,Belleza,Perfume,9.42,1,0.0,9.42,Email
O508715,2025-08-18,C100570,Oeste,2025-01-09,Belleza,Perfume,9.42,2,0.0,18.84,Orgánico
O511559,2025-08-18,C102040,Sur,2025-05-25,Moda,Tenis running,28.91,3,0.0,86.73,Pauta pagada
O515802,2025-08-18,C102174,Centro,2025-05-08,Deportes,Guantes gym,11.66,2,0.0,23.32,Redes sociales
O509595,2025-08-18,C102810,Sur,2025-04-01,Belleza,Protector solar,10.84,1,0.0,10.84,Orgánico
O501546,2025-08-18,C102623,Centro,2025-03-21,Hogar,Organizador closet,16.5,2,0.0,33.0,Orgánico
O513395,2025-08-18,C102624,Centro,2025-05-20,Deportes,Mancuernas ajustables,41.15,3,0.0,123.45,Orgánico
O507827,2025-08-18,C103451,Oeste,2025-03-26,Moda,Camiseta básica,29.7,2,0.2,59.4,Redes sociales
O513170,2025-08-18,C103226,Sur,2025-07-19,Hogar,Organizador closet,16.5,2,0.0,33.0,Pauta pagada
O508271,2025-08-19,C102164,Centro,2025-05-16,Electrónica,Cargador rápido,34.25,2,0.2,68.5,Redes sociales
O514386,2025-08-19,C102624,Centro,2025-05-20,Moda,Gorra,39.58,2,0.0,79.16,Directo
O512441,2025-08-19,C102476,Norte,2025-02-19,Electrónica,Parlante portátil,28.84,1,0.1,28.84,Orgánico
O515938,2025-08-19,C103440,Sur,2025-05-27,Moda,Camiseta básica,37.12,3,0.0,111.36,Redes sociales
O500295,2025-08-19,C102989,Oeste,2025-01-15,Electrónica,Audífonos BT,73.05,1,0.0,73.05,Pauta pagada
O515560,2025-08-19,C102390,Este,2025-03-29,Electrónica,Parlante portátil,32.04,1,0.0,32.04,Email
O503501,2025-08-19,C102766,Norte,2025-07-14,Deportes,Mancuernas ajustables,41.15,1,0.0,41.15,Directo
O504607,2025-08-19,C101595,Este,2025-08-14,Electrónica,Power bank,64.67,1,0.1,64.67,Redes sociales
O506899,2025-08-19,C103266,Oeste,2025-03-03,Moda,Tenis running,28.91,2,0.0,57.82,Directo
O508484,2025-08-19,C101116,Centro,2025-04-21,Electrónica,Parlante portátil,32.04,2,0.0,64.08,Orgánico
O507544,2025-08-19,C101314,Sur,2025-07-23,Hogar,Cortina blackout,29.37,2,0.0,58.74,Redes sociales
O514711,2025-08-19,C100469,Centro,2025-08-07,Hogar,Organizador closet,16.5,1,0.0,16.5,Redes sociales
O505750,2025-08-19,C102334,Norte,2025-05-08,Electrónica,Smartwatch,79.35,1,0.1,79.35,Directo
O508323,2025-08-19,C100507,Norte,2025-05-20,Belleza,Protector solar,8.67,3,0.2,26.01,Orgánico
O501064,2025-08-19,C100234,Norte,2025-06-18,Hogar,Difusor aromas,51.63,1,0.0,51.63,Pauta pagada
O505012,2025-08-19,C102720,Centro,2025-08-12,Moda,Mochila urbana,17.32,1,0.1,17.32,Orgánico
O516052,2025-08-19,C102323,Norte,2025-05-23,Belleza,Perfume,8.48,1,0.1,8.48,Email
O505200,2025-08-19,C102437,Sur,2025-07-26,Hogar,Cortina blackout,29.37,1,0.0,29.37,Orgánico
O502106,2025-08-19,C100092,Centro,2025-08-15,Moda,Jeans slim,29.04,2,0.0,58.08,Pauta pagada
O505275,2025-08-19,C102518,Oeste,2025-06-24,Belleza,Shampoo reparador,10.68,1,0.0,10.68,Orgánico
O504035,2025-08-20,C101287,Norte,2025-02-10,Hogar,Difusor aromas,51.63,3,0.0,154.89,Email
O513651,2025-08-20,C101969,Centro,2025-03-12,Hogar,Cortina blackout,24.96,2,0.15,49.92,Redes sociales
O507498,2025-08-20,C100224,Sur,2025-08-20,Belleza,Perfume,8.01,2,0.15,16.02,Directo
O505704,2025-08-20,C102971,Norte,2025-04-03,Hogar,Organizador closet,13.2,1,0.2,13.2,Redes sociales
O509154,2025-08-20,C100021,Oeste,2025-01-09,Hogar,Organizador closet,16.5,1,0.0,16.5,Directo
O503978,2025-08-20,C103274,Sur,2025-04-17,Hogar,Set de sábanas,30.01,2,0.1,60.02,Directo
O509507,2025-08-20,C101558,Sur,2025-02-02,Deportes,Yoga mat,41.49,1,0.1,41.49,Orgánico
O504123,2025-08-20,C100700,Oeste,2025-02-04,Moda,Tenis running,23.13,2,0.2,46.26,Directo
O515502,2025-08-20,C100082,Norte,2025-04-24,Deportes,Yoga mat,39.18,3,0.15,117.54,Redes sociales
O513449,2025-08-20,C102099,Norte,2025-07-04,Deportes,Botella térmica,17.07,2,0.0,34.14,Pauta pagada
O506627,2025-08-20,C100652,Centro,2025-03-21,Belleza,Set de brochas,17.05,1,0.0,17.05,Orgánico
O514960,2025-08-20,C103235,Norte,2025-01-10,Belleza,Protector solar,10.84,1,0.0,10.84,Email
O502641,2025-08-20,C102835,Centro,2025-05-12,Hogar,Lámpara LED,46.7,3,0.2,140.1,Orgánico
O510080,2025-08-20,C100012,Norte,2025-04-20,Moda,Jeans slim,23.23,2,0.2,46.46,Orgánico
O511213,2025-08-20,C100645,Norte,2025-08-12,Deportes,Guantes gym,11.66,3,0.0,34.98,Email
O515593,2025-08-20,C100913,Centro,2025-07-13,Belleza,Shampoo reparador,10.68,1,0.0,10.68,Pauta pagada
O506430,2025-08-20,C102473,Este,2025-05-18,Belleza,Serum facial,22.15,1,0.0,22.15,Directo
O505369,2025-08-20,C103026,Sur,2025-01-27,Electrónica,Audífonos BT,73.05,1,0.0,73.05,Orgánico
O508400,2025-08-20,C101765,Sur,2025-04-27,Hogar,Cortina blackout,29.37,2,0.0,58.74,Pauta pagada
O510564,2025-08-20,C103070,Centro,2025-02-01,Electrónica,Parlante portátil,32.04,2,0.0,64.08,Orgánico
O513925,2025-08-20,C100160,Centro,2025-03-05,Moda,Tenis running,24.57,2,0.15,49.14,Pauta pagada
O505879,2025-08-20,C101632,Centro,2025-03-06,Hogar,Organizador closet,16.5,2,0.0,33.0,Orgánico
O506880,2025-08-20,C101195,Norte,2025-01-14,Moda,Camiseta básica,37.12,1,0.0,37.12,Directo
O500643,2025-08-20,C103425,Oeste,2025-06-07,Hogar,Organizador closet,16.5,1,0.0,16.5,Orgánico
O511682,2025-08-20,C102614,Este,2025-02-01,Deportes,Guantes gym,11.66,2,0.0,23.32,Orgánico
O508137,2025-08-20,C101084,Centro,2025-07-14,Electrónica,Audífonos BT,73.05,2,0.0,146.1,Redes sociales
O511567,2025-08-20,C100743,Centro,2025-06-07,Deportes,Botella térmica,14.51,1,0.15,14.51,Redes sociales
O506644,2025-08-21,C103409,Norte,2025-06-30,Moda,Gorra,39.58,1,0.0,39.58,Email
O507734,2025-08-21,C101005,Norte,2025-01-31,Hogar,Organizador closet,14.85,2,0.1,29.7,Email
O511263,2025-08-21,C101693,Centro,2025-01-11,Moda,Camiseta básica,37.12,2,0.0,74.24,Orgánico
O509356,2025-08-21,C100237,Norte,2025-07-13,Belleza,Shampoo reparador,10.68,1,0.0,10.68,Email
O507918,2025-08-21,C102327,Norte,2025-06-14,Hogar,Set de sábanas,33.34,1,0.0,33.34,Redes sociales
O506437,2025-08-21,C102525,Centro,2025-04-21,Belleza,Protector solar,10.84,3,0.0,32.52,Orgánico
O509894,2025-08-21,C102594,Sur,2025-06-16,Electrónica,Power bank,71.86,3,0.0,215.58,Orgánico
O505985,2025-08-21,C103216,Centro,2025-07-16,Hogar,Difusor aromas,43.89,1,0.15,43.89,Email
O509773,2025-08-21,C100723,Centro,2025-06-23,Electrónica,Parlante portátil,32.04,1,0.0,32.04,Orgánico
O511777,2025-08-21,C102726,Centro,2025-06-30,Belleza,Protector solar,9.76,1,0.1,9.76,Orgánico
O505874,2025-08-21,C103487,Norte,2025-07-12,Deportes,Mancuernas ajustables,41.15,2,0.0,82.3,Pauta pagada
O513318,2025-08-21,C101101,Oeste,2025-05-24,Moda,Tenis running,24.57,1,0.15,24.57,Redes sociales
O506791,2025-08-21,C101664,Sur,2025-04-30,Belleza,Perfume,9.42,2,0.0,18.84,Directo
O516416,2025-08-21,C102305,Centro,2025-02-07,Belleza,Serum facial,17.72,1,0.2,17.72,Orgánico
O505170,2025-08-21,C103172,Centro,2025-08-08,Moda,Gorra,33.64,2,0.15,67.28,Redes sociales
O501387,2025-08-21,C100484,Norte,2025-03-18,Deportes,Guantes gym,9.33,1,0.2,9.33,Redes sociales
O505199,2025-08-21,C102184,Centro,2025-06-14,Electrónica,Power bank,61.08,2,0.15,122.16,Orgánico
O500681,2025-08-21,C102130,Norte,2025-03-07,Moda,Camiseta básica,31.55,1,0.15,31.55,Directo
O504049,2025-08-21,C101100,Centro,2025-01-23,Moda,Jeans slim,29.04,1,0.0,29.04,Pauta pagada
O500885,2025-08-21,C102860,Centro,2025-07-16,Moda,Gorra,39.58,1,0.0,39.58,Orgánico
O503701,2025-08-21,C101394,Norte,2025-02-18,Deportes,Botella térmica,17.07,1,0.0,17.07,Email
O503251,2025-08-21,C102313,Norte,2025-05-30,Deportes,Yoga mat,39.18,2,0.15,78.36,Redes sociales
O514207,2025-08-22,C100656,Oeste,2025-05-31,Belleza,Set de brochas,15.34,2,0.1,30.68,Directo
O500939,2025-08-22,C102273,Este,2025-05-27,Belleza,Serum facial,22.15,3,0.0,66.45,Redes sociales
O501582,2025-08-22,C102991,Sur,2025-03-17,Hogar,Organizador closet,16.5,3,0.0,49.5,Pauta pagada
O510132,2025-08-22,C101219,Este,2025-01-23,Moda,Gorra,39.58,1,0.0,39.58,Orgánico
O500962,2025-08-22,C103058,Sur,2025-01-09,Belleza,Serum facial,22.15,3,0.0,66.45,Directo
O515301,2025-08-22,C102560,Oeste,2025-07-07,Electrónica,Cargador rápido,42.81,1,0.0,42.81,Directo
O505544,2025-08-22,C103448,Norte,2025-04-16,Electrónica,Smartwatch,88.17,3,0.0,264.51,Directo
O506174,2025-08-22,C100646,Oeste,2025-07-05,Hogar,Cortina blackout,29.37,2,0.0,58.74,Directo
O509198,2025-08-22,C100695,Norte,2025-02-13,Hogar,Organizador closet,16.5,1,0.0,16.5,Orgánico
O515446,2025-08-22,C100806,Centro,2025-06-14,Hogar,Difusor aromas,51.63,2,0.0,103.26,Email
O509331,2025-08-22,C100005,Este,2025-02-22,Deportes,Yoga mat,46.1,1,0.0,46.1,Orgánico
O516248,2025-08-22,C102664,Sur,2025-05-29,Belleza,Set de brochas,17.05,1,0.0,17.05,Redes sociales
O506320,2025-08-22,C100998,Sur,2025-04-29,Hogar,Difusor aromas,43.89,1,0.15,43.89,Redes sociales
O513964,2025-08-22,C102229,Centro,2025-02-19,Electrónica,Cargador rápido,42.81,2,0.0,85.62,Orgánico
O514672,2025-08-22,C100736,Centro,2025-08-14,Hogar,Difusor aromas,51.63,1,0.0,51.63,Directo
O507762,2025-08-22,C101136,Centro,2025-07-24,Moda,Tenis running,28.91,1,0.0,28.91,Orgánico
O501055,2025-08-22,C103261,Norte,2025-07-31,Moda,Gorra,33.64,3,0.15,100.92,Pauta pagada
O515146,2025-08-22,C102055,Este,2025-02-05,Deportes,Botella térmica,14.51,1,0.15,14.51,Pauta pagada
O502554,2025-08-22,C101109,Norte,2025-05-14,Electrónica,Power bank,71.86,2,0.0,143.72,Pauta pagada
O505263,2025-08-22,C100502,Oeste,2025-02-01,Hogar,Set de sábanas,33.34,3,0.0,100.02,Orgánico
O508503,2025-08-22,C101117,Sur,2025-06-15,Deportes,Yoga mat,41.49,1,0.1,41.49,Redes sociales
O512935,2025-08-22,C101762,Norte,2025-02-25,Belleza,Protector solar,8.67,1,0.2,8.67,Redes sociales
O515432,2025-08-22,C102025,Norte,2025-06-05,Hogar,Organizador closet,16.5,1,0.0,16.5,Orgánico
O504961,2025-08-23,C100400,Norte,2025-06-28,Deportes,Banda resistencia,31.58,1,0.1,31.58,Redes sociales
O512145,2025-08-23,C100686,Oeste,2025-02-27,Deportes,Guantes gym,9.91,1,0.15,9.91,Pauta pagada
O508971,2025-08-23,C102852,Sur,2025-01-06,Hogar,Set de sábanas,33.34,1,0.0,33.34,Orgánico
O511079,2025-08-23,C101844,Este,2025-03-01,Belleza,Perfume,9.42,2,0.0,18.84,Redes sociales
O510305,2025-08-23,C103210,Este,2025-06-01,Moda,Tenis running,28.91,2,0.0,57.82,Redes sociales
O505786,2025-08-23,C103201,Este,2025-01-21,Hogar,Set de sábanas,33.34,3,0.0,100.02,Orgánico
O500786,2025-08-23,C100572,Este,2025-02-19,Belleza,Protector solar,10.84,2,0.0,21.68,Redes sociales
O510365,2025-08-23,C100581,Oeste,2025-03-29,Deportes,Yoga mat,39.18,1,0.15,39.18,Redes sociales
O505897,2025-08-23,C101292,Norte,2025-02-02,Moda,Tenis running,28.91,2,0.0,57.82,Orgánico
O500669,2025-08-23,C101477,Norte,2025-07-28,Hogar,Organizador closet,16.5,2,0.0,33.0,Orgánico
O501699,2025-08-23,C102141,Sur,2025-03-12,Deportes,Yoga mat,39.18,1,0.15,39.18,Pauta pagada
O512983,2025-08-23,C101186,Este,2025-06-05,Deportes,Yoga mat,46.1,2,0.0,92.2,Directo
O515588,2025-08-23,C103123,Sur,2025-07-03,Deportes,Yoga mat,46.1,1,0.0,46.1,Pauta pagada
O514493,2025-08-23,C102052,Centro,2025-07-28,Hogar,Lámpara LED,58.38,1,0.0,58.38,Orgánico
O512048,2025-08-23,C100929,Norte,2025-01-10,Belleza,Set de brochas,17.05,2,0.0,34.1,Orgánico
O502390,2025-08-23,C102913,Norte,2025-04-25,Moda,Camiseta básica,37.12,1,0.0,37.12,Email
O505492,2025-08-23,C103365,Norte,2025-06-13,Belleza,Protector solar,9.21,3,0.15,27.63,Redes sociales
O509382,2025-08-23,C100939,Norte,2025-01-03,Hogar,Difusor aromas,51.63,1,0.0,51.63,Directo
O509256,2025-08-23,C101973,Sur,2025-06-04,Moda,Gorra,39.58,1,0.0,39.58,Email
O502384,2025-08-23,C100461,Centro,2025-07-10,Hogar,Organizador closet,16.5,2,0.0,33.0,Orgánico
O508107,2025-08-23,C101490,Sur,2025-06-07,Electrónica,Smartwatch,88.17,2,0.0,176.34,Redes sociales
O508904,2025-08-23,C101356,Norte,2025-02-23,Hogar,Cortina blackout,29.37,1,0.0,29.37,Pauta pagada
O505717,2025-08-23,C102393,Centro,2025-06-20,Deportes,Banda resistencia,35.09,1,0.0,35.09,Email
O500922,2025-08-23,C102051,Este,2025-02-22,Electrónica,Smartwatch,88.17,1,0.0,88.17,Redes sociales
O513786,2025-08-23,C102225,Sur,2025-06-04,Moda,Mochila urbana,19.25,1,0.0,19.25,Orgánico
O513737,2025-08-23,C102521,Norte,2025-01-15,Hogar,Lámpara LED,58.38,1,0.0,58.38,Orgánico
O507597,2025-08-23,C102255,Centro,2025-02-12,Moda,Mochila urbana,19.25,2,0.0,38.5,Redes sociales
O514624,2025-08-23,C100672,Norte,2025-06-12,Hogar,Difusor aromas,51.63,1,0.0,51.63,Redes sociales
O510888,2025-08-23,C102130,Norte,2025-03-07,Moda,Gorra,39.58,2,0.0,79.16,Orgánico
O511333,2025-08-23,C103254,Centro,2025-01-07,Electrónica,Audífonos BT,73.05,1,0.0,73.05,Redes sociales
O516251,2025-08-23,C101738,Centro,2025-03-18,Electrónica,Cargador rápido,42.81,1,0.0,42.81,Orgánico
O504570,2025-08-23,C101386,Oeste,2025-03-02,Hogar,Cortina blackout,29.37,3,0.0,88.11,Email
O513426,2025-08-24,C102351,Oeste,2025-03-20,Hogar,Set de sábanas,33.34,3,0.0,100.02,Directo
O508474,2025-08-24,C102227,Oeste,2025-03-06,Hogar,Set de sábanas,33.34,2,0.0,66.68,Directo
O513670,2025-08-24,C102812,Este,2025-05-20,Electrónica,Smartwatch,74.94,1,0.15,74.94,Directo
O511701,2025-08-24,C100451,Norte,2025-08-13,Electrónica,Smartwatch,88.17,2,0.0,176.34,Directo
O500528,2025-08-24,C101909,Este,2025-05-02,Moda,Tenis running,24.57,2,0.15,49.14,Directo
O505089,2025-08-24,C101371,Sur,2025-01-02,Deportes,Guantes gym,11.66,2,0.0,23.32,Directo
O507478,2025-08-24,C100183,Norte,2025-02-17,Electrónica,Cargador rápido,42.81,2,0.0,85.62,Pauta pagada
O512219,2025-08-24,C101274,Norte,2025-08-09,Deportes,Banda resistencia,31.58,1,0.1,31.58,Orgánico
O513353,2025-08-24,C102998,Oeste,2025-02-21,Hogar,Organizador closet,13.2,1,0.2,13.2,Orgánico
O502382,2025-08-24,C103307,Norte,2025-05-07,Electrónica,Audífonos BT,73.05,1,0.0,73.05,Orgánico
O508851,2025-08-24,C103304,Este,2025-06-01,Hogar,Cortina blackout,29.37,1,0.0,29.37,Orgánico
O503854,2025-08-24,C101604,Oeste,2025-02-08,Hogar,Organizador closet,16.5,2,0.0,33.0,Email
O511763,2025-08-24,C100732,Sur,2025-07-19,Hogar,Cortina blackout,29.37,1,0.0,29.37,Pauta pagada
O511748,2025-08-24,C102865,Norte,2025-07-01,Deportes,Banda resistencia,35.09,3,0.0,105.27,Redes sociales
O500064,2025-08-24,C103385,Oeste,2025-06-22,Deportes,Mancuernas ajustables,41.15,1,0.0,41.15,Orgánico
O511473,2025-08-24,C100282,Sur,2025-02-26,Deportes,Botella térmica,17.07,1,0.0,17.07,Orgánico
O510986,2025-08-24,C101958,Este,2025-03-27,Moda,Gorra,39.58,2,0.0,79.16,Email
O500110,2025-08-24,C101968,Oeste,2025-04-15,Deportes,Botella térmica,17.07,2,0.0,34.14,Orgánico
O501909,2025-08-24,C103015,Sur,2025-08-23,Belleza,Set de brochas,17.05,2,0.0,34.1,Pauta pagada
O512426,2025-08-24,C102962,Norte,2025-05-05,Deportes,Yoga mat,41.49,2,0.1,82.98,Orgánico
O501903,2025-08-24,C100217,Oeste,2025-08-06,Hogar,Difusor aromas,51.63,2,0.0,103.26,Email
O509918,2025-08-24,C103220,Oeste,2025-03-23,Deportes,Guantes gym,11.66,1,0.0,11.66,Redes sociales
O508952,2025-08-24,C102446,Oeste,2025-02-16,Deportes,Banda resistencia,35.09,2,0.0,70.18,Orgánico
O512249,2025-08-24,C102470,Centro,2025-08-17,Electrónica,Cargador rápido,42.81,1,0.0,42.81,Pauta pagada
O511812,2025-08-24,C100541,Sur,2025-06-15,Belleza,Shampoo reparador,10.68,1,0.0,10.68,Directo
O516282,2025-08-24,C100379,Centro,2025-05-14,Moda,Camiseta básica,33.41,2,0.1,66.82,Orgánico
O501457,2025-08-24,C101716,Sur,2025-05-16,Deportes,Mancuernas ajustables,41.15,2,0.0,82.3,Directo
O514456,2025-08-25,C102989,Oeste,2025-01-15,Moda,Gorra,31.66,1,0.2,31.66,Orgánico
O508054,2025-08-25,C100668,Sur,2025-04-03,Belleza,Perfume,9.42,1,0.0,9.42,Redes sociales
O511103,2025-08-25,C100284,Norte,2025-07-30,Moda,Gorra,33.64,3,0.15,100.92,Orgánico
O514343,2025-08-25,C100587,Norte,2025-03-14,Moda,Gorra,39.58,1,0.0,39.58,Pauta pagada
O503127,2025-08-25,C101655,Norte,2025-03-31,Deportes,Guantes gym,11.66,2,0.0,23.32,Redes sociales
O501255,2025-08-25,C101086,Centro,2025-08-21,Electrónica,Power bank,71.86,3,0.0,215.58,Orgánico
O515914,2025-08-25,C101706,Centro,2025-07-12,Electrónica,Smartwatch,79.35,1,0.1,79.35,Orgánico
O504358,2025-08-25,C101518,Norte,2025-01-25,Moda,Jeans slim,29.04,2,0.0,58.08,Redes sociales
O511070,2025-08-25,C103090,Norte,2025-07-17,Hogar,Lámpara LED,52.54,1,0.1,52.54,Directo
O502509,2025-08-25,C100802,Centro,2025-07-03,Moda,Tenis running,28.91,1,0.0,28.91,Directo
O513774,2025-08-25,C101104,Centro,2025-03-22,Electrónica,Parlante portátil,27.23,1,0.15,27.23,Redes sociales
O512443,2025-08-25,C100468,Sur,2025-03-28,Deportes,Yoga mat,41.49,1,0.1,41.49,Redes sociales
O515292,2025-08-25,C100139,Este,2025-02-25,Electrónica,Parlante portátil,27.23,1,0.15,27.23,Directo
O513771,2025-08-25,C102336,Sur,2025-05-15,Hogar,Lámpara LED,58.38,2,0.0,116.76,Pauta pagada
O509099,2025-08-25,C103381,Oeste,2025-07-19,Electrónica,Power bank,71.86,1,0.0,71.86,Redes sociales
O510785,2025-08-25,C102881,Este,2025-06-18,Deportes,Botella térmica,17.07,1,0.0,17.07,Directo
O508818,2025-08-25,C102677,Norte,2025-04-28,Belleza,Shampoo reparador,10.68,1,0.0,10.68,Orgánico
O507353,2025-08-25,C102051,Este,2025-02-22,Moda,Jeans slim,29.04,2,0.0,58.08,Orgánico
O513502,2025-08-25,C101832,Oeste,2025-04-29,Electrónica,Power bank,71.86,2,0.0,143.72,Email
O501533,2025-08-25,C102259,Este,2025-02-14,Hogar,Lámpara LED,58.38,1,0.0,58.38,Orgánico
O514742,2025-08-25,C100777,Centro,2025-04-13,Electrónica,Smartwatch,88.17,2,0.0,176.34,Orgánico
O515215,2025-08-25,C103245,Oeste,2025-07-14,Electrónica,Audífonos BT,73.05,2,0.0,146.1,Orgánico
O505959,2025-08-25,C100593,Oeste,2025-01-14,Hogar,Lámpara LED,46.7,1,0.2,46.7,Directo
O510536,2025-08-25,C103010,Centro,2025-06-08,Electrónica,Parlante portátil,28.84,3,0.1,86.52,Redes sociales
O503052,2025-08-25,C100142,Norte,2025-05-15,Hogar,Lámpara LED,58.38,3,0.0,175.14,Email
O513686,2025-08-25,C101544,Centro,2025-06-24,Hogar,Difusor aromas,51.63,2,0.0,103.26,Orgánico
O509833,2025-08-25,C100214,Este,2025-01-03,Electrónica,Power bank,71.86,1,0.0,71.86,Pauta pagada
O510210,2025-08-25,C102286,Sur,2025-04-30,Belleza,Protector solar,10.84,3,0.0,32.52,Orgánico
O509253,2025-08-25,C100923,Oeste,2025-03-06,Moda,Gorra,39.58,1,0.0,39.58,Orgánico
O509138,2025-08-25,C101285,Centro,2025-01-12,Moda,Jeans slim,29.04,1,0.0,29.04,Directo
O512900,2025-08-26,C101766,Norte,2025-06-01,Deportes,Yoga mat,41.49,2,0.1,82.98,Orgánico
O505946,2025-08-26,C100108,Sur,2025-02-03,Belleza,Shampoo reparador,9.61,1,0.1,9.61,Orgánico
O516070,2025-08-26,C101511,Este,2025-05-30,Belleza,Protector solar,10.84,2,0.0,21.68,Directo
O507009,2025-08-26,C102547,Oeste,2025-07-27,Hogar,Cortina blackout,29.37,1,0.0,29.37,Redes sociales
O500941,2025-08-26,C103210,Este,2025-06-01,Belleza,Set de brochas,17.05,1,0.0,17.05,Orgánico
O506071,2025-08-26,C100508,Norte,2025-02-16,Electrónica,Audífonos BT,73.05,2,0.0,146.1,Email
O512918,2025-08-26,C101392,Centro,2025-06-13,Deportes,Banda resistencia,35.09,2,0.0,70.18,Orgánico
O514431,2025-08-26,C101186,Este,2025-06-05,Deportes,Botella térmica,17.07,1,0.0,17.07,Orgánico
O510745,2025-08-26,C100702,Centro,2025-08-13,Hogar,Difusor aromas,46.47,2,0.1,92.94,Email
O514254,2025-08-26,C100141,Sur,2025-03-07,Belleza,Protector solar,10.84,1,0.0,10.84,Pauta pagada
O510909,2025-08-26,C101504,Centro,2025-08-17,Moda,Camiseta básica,37.12,1,0.0,37.12,Pauta pagada
O512345,2025-08-26,C101208,Centro,2025-04-07,Belleza,Perfume,9.42,3,0.0,28.26,Orgánico
O505460,2025-08-26,C100834,Oeste,2025-03-15,Deportes,Guantes gym,11.66,1,0.0,11.66,Pauta pagada
O514788,2025-08-26,C102288,Sur,2025-07-13,Hogar,Organizador closet,16.5,3,0.0,49.5,Directo
O515955,2025-08-26,C102818,Centro,2025-02-24,Deportes,Yoga mat,46.1,1,0.0,46.1,Orgánico
O509157,2025-08-26,C100815,Centro,2025-05-22,Hogar,Difusor aromas,51.63,2,0.0,103.26,Pauta pagada
O512377,2025-08-26,C102670,Sur,2025-04-29,Electrónica,Cargador rápido,42.81,1,0.0,42.81,Email
O515632,2025-08-26,C100147,Norte,2025-03-13,Electrónica,Power bank,71.86,2,0.0,143.72,Redes sociales
O503189,2025-08-26,C101983,Centro,2025-02-20,Electrónica,Audífonos BT,58.44,1,0.2,58.44,Pauta pagada
O500427,2025-08-26,C103220,Oeste,2025-03-23,Belleza,Protector solar,10.84,2,0.0,21.68,Orgánico
O515168,2025-08-26,C100678,Centro,2025-06-02,Moda,Mochila urbana,19.25,3,0.0,57.75,Directo
O505855,2025-08-26,C102080,Oeste,2025-01-24,Deportes,Yoga mat,46.1,2,0.0,92.2,Orgánico
O511729,2025-08-26,C102094,Norte,2025-08-03,Hogar,Lámpara LED,58.38,2,0.0,116.76,Orgánico
O502686,2025-08-26,C103340,Este,2025-02-10,Belleza,Shampoo reparador,10.68,1,0.0,10.68,Directo
O513886,2025-08-26,C103021,Sur,2025-05-31,Electrónica,Power bank,71.86,2,0.0,143.72,Redes sociales
O505522,2025-08-26,C100548,Norte,2025-04-26,Electrónica,Parlante portátil,32.04,1,0.0,32.04,Directo
O515977,2025-08-27,C102058,Norte,2025-04-23,Deportes,Guantes gym,11.66,1,0.0,11.66,Redes sociales
O510249,2025-08-27,C102356,Norte,2025-07-14,Belleza,Serum facial,22.15,1,0.0,22.15,Redes sociales
O505276,2025-08-27,C100484,Norte,2025-03-18,Belleza,Protector solar,10.84,3,0.0,32.52,Pauta pagada
O515532,2025-08-27,C103447,Centro,2025-05-31,Belleza,Set de brochas,17.05,2,0.0,34.1,Redes sociales
O516144,2025-08-27,C103279,Norte,2025-02-13,Hogar,Difusor aromas,51.63,2,0.0,103.26,Orgánico
O512747,2025-08-27,C101741,Sur,2025-06-09,Moda,Mochila urbana,19.25,1,0.0,19.25,Orgánico
O515735,2025-08-27,C102465,Norte,2025-06-19,Belleza,Protector solar,10.84,1,0.0,10.84,Email
O509968,2025-08-27,C100551,Norte,2025-04-21,Belleza,Shampoo reparador,10.68,1,0.0,10.68,Directo
O508785,2025-08-27,C102020,Oeste,2025-04-27,Moda,Mochila urbana,19.25,3,0.0,57.75,Email
O512014,2025-08-27,C102122,Este,2025-01-23,Hogar,Lámpara LED,58.38,2,0.0,116.76,Directo
O501886,2025-08-27,C102470,Centro,2025-08-17,Belleza,Protector solar,10.84,3,0.0,32.52,Orgánico
O508759,2025-08-27,C100112,Oeste,2025-03-23,Belleza,Shampoo reparador,9.08,1,0.15,9.08,Redes sociales
O513926,2025-08-27,C101104,Centro,2025-03-22,Moda,Jeans slim,29.04,2,0.0,58.08,Orgánico
O514910,2025-08-27,C100414,Sur,2025-08-07,Electrónica,Audífonos BT,73.05,1,0.0,73.05,Email
O514906,2025-08-27,C101731,Norte,2025-08-16,Hogar,Organizador closet,16.5,1,0.0,16.5,Pauta pagada
O505271,2025-08-27,C101782,Este,2025-02-03,Deportes,Botella térmica,17.07,2,0.0,34.14,Pauta pagada
O513143,2025-08-27,C100595,Este,2025-01-02,Electrónica,Cargador rápido,42.81,2,0.0,85.62,Orgánico
O507657,2025-08-27,C100838,Norte,2025-08-26,Moda,Jeans slim,29.04,1,0.0,29.04,Orgánico
O501357,2025-08-27,C102895,Oeste,2025-07-21,Electrónica,Cargador rápido,42.81,2,0.0,85.62,Directo
O504075,2025-08-27,C102811,Sur,2025-04-23,Hogar,Organizador closet,16.5,1,0.0,16.5,Redes sociales
O509381,2025-08-27,C101364,Sur,2025-01-22,Deportes,Guantes gym,11.66,1,0.0,11.66,Directo
O515093,2025-08-27,C100222,Este,2025-06-07,Deportes,Mancuernas ajustables,41.15,1,0.0,41.15,Orgánico
O515212,2025-08-27,C102064,Norte,2025-03-24,Moda,Camiseta básica,31.55,2,0.15,63.1,Pauta pagada
O515804,2025-08-27,C100911,Oeste,2025-07-02,Deportes,Guantes gym,11.66,1,0.0,11.66,Orgánico
O508572,2025-08-27,C100938,Norte,2025-07-26,Deportes,Banda resistencia,35.09,1,0.0,35.09,Pauta pagada
O504946,2025-08-27,C100854,Centro,2025-04-22,Belleza,Serum facial,22.15,1,0.0,22.15,Orgánico
O502460,2025-08-28,C102685,Centro,2025-03-25,Deportes,Guantes gym,11.66,1,0.0,11.66,Orgánico
O503841,2025-08-28,C101958,Este,2025-03-27,Belleza,Serum facial,18.83,1,0.15,18.83,Email
O505654,2025-08-28,C100979,Centro,2025-04-16,Moda,Camiseta básica,37.12,3,0.0,111.36,Pauta pagada
O512452,2025-08-28,C102496,Norte,2025-03-23,Belleza,Serum facial,18.83,1,0.15,18.83,Orgánico
O515406,2025-08-28,C102616,Centro,2025-04-26,Belleza,Serum facial,22.15,3,0.0,66.45,Pauta pagada
O503318,2025-08-28,C103076,Centro,2025-02-28,Hogar,Set de sábanas,33.34,2,0.0,66.68,Directo
O505682,2025-08-28,C100090,Norte,2025-08-20,Moda,Camiseta básica,37.12,1,0.0,37.12,Orgánico
O512154,2025-08-28,C102610,Sur,2025-03-12,Belleza,Protector solar,10.84,1,0.0,10.84,Email
O512642,2025-08-28,C103410,Norte,2025-07-23,Deportes,Botella térmica,17.07,1,0.0,17.07,Redes sociales
O509888,2025-08-28,C103401,Oeste,2025-01-27,Belleza,Shampoo reparador,10.68,3,0.0,32.04,Redes sociales
O500760,2025-08-28,C100732,Sur,2025-07-19,Hogar,Lámpara LED,58.38,1,0.0,58.38,Pauta pagada
O502951,2025-08-28,C101595,Este,2025-08-14,Hogar,Cortina blackout,29.37,1,0.0,29.37,Orgánico
O504148,2025-08-28,C101464,Este,2025-08-24,Deportes,Banda resistencia,35.09,1,0.0,35.09,Pauta pagada
O506547,2025-08-28,C102609,Centro,2025-06-12,Belleza,Protector solar,9.76,2,0.1,19.52,Directo
O508461,2025-08-28,C100180,Este,2025-01-31,Belleza,Protector solar,10.84,3,0.0,32.52,Directo
O516117,2025-08-28,C100659,Centro,2025-02-03,Moda,Camiseta básica,37.12,1,0.0,37.12,Orgánico
O511501,2025-08-28,C102455,Norte,2025-04-14,Moda,Jeans slim,26.14,1,0.1,26.14,Pauta pagada
O516121,2025-08-28,C101226,Norte,2025-06-29,Moda,Jeans slim,29.04,3,0.0,87.12,Redes sociales
O509186,2025-08-28,C103367,Sur,2025-05-30,Deportes,Botella térmica,17.07,2,0.0,34.14,Pauta pagada
O510363,2025-08-28,C101409,Norte,2025-04-03,Hogar,Cortina blackout,26.43,1,0.1,26.43,Pauta pagada
O511017,2025-08-28,C102696,Centro,2025-08-03,Hogar,Set de sábanas,28.34,2,0.15,56.68,Redes sociales
O503137,2025-08-28,C103024,Centro,2025-03-30,Belleza,Set de brochas,17.05,3,0.0,51.15,Redes sociales
O509384,2025-08-28,C101512,Centro,2025-01-04,Moda,Mochila urbana,19.25,1,0.0,19.25,Directo
O505922,2025-08-28,C101868,Este,2025-07-19,Electrónica,Power bank,71.86,1,0.0,71.86,Email
O501097,2025-08-28,C101506,Centro,2025-05-08,Deportes,Guantes gym,9.91,1,0.15,9.91,Pauta pagada
O508698,2025-08-28,C100648,Oeste,2025-01-26,Moda,Mochila urbana,17.32,1,0.1,17.32,Email
O513156,2025-08-28,C101277,Sur,2025-02-20,Belleza,Protector solar,10.84,1,0.0,10.84,Orgánico
O507484,2025-08-28,C102614,Este,2025-02-01,Moda,Camiseta básica,37.12,3,0.0,111.36,Email
O516360,2025-08-28,C102208,Sur,2025-06-23,Hogar,Cortina blackout,29.37,2,0.0,58.74,Directo
O509235,2025-08-28,C100162,Norte,2025-04-12,Hogar,Lámpara LED,58.38,2,0.0,116.76,Directo
O511863,2025-08-28,C101334,Norte,2025-08-21,Moda,Gorra,39.58,2,0.0,79.16,Pauta pagada
O509232,2025-08-28,C101502,Centro,2025-08-18,Deportes,Mancuernas ajustables,41.15,1,0.0,41.15,Orgánico
O514833,2025-08-29,C102859,Centro,2025-03-28,Electrónica,Cargador rápido,42.81,1,0.0,42.81,Directo
O511407,2025-08-29,C101335,Sur,2025-04-26,Belleza,Set de brochas,14.49,1,0.15,14.49,Orgánico
O515176,2025-08-29,C102336,Sur,2025-05-15,Hogar,Organizador closet,16.5,3,0.0,49.5,Redes sociales
O500831,2025-08-29,C100282,Sur,2025-02-26,Moda,Mochila urbana,19.25,1,0.0,19.25,Orgánico
O514423,2025-08-29,C102739,Sur,2025-06-06,Hogar,Set de sábanas,33.34,2,0.0,66.68,Directo
O513841,2025-08-29,C102977,Centro,2025-05-19,Hogar,Difusor aromas,51.63,2,0.0,103.26,Redes sociales
O501696,2025-08-29,C103275,Oeste,2025-03-19,Electrónica,Power bank,64.67,1,0.1,64.67,Pauta pagada
O511820,2025-08-29,C102025,Norte,2025-06-05,Belleza,Perfume,9.42,2,0.0,18.84,Email
O512726,2025-08-29,C100895,Norte,2025-06-26,Deportes,Banda resistencia,35.09,1,0.0,35.09,Email
O504135,2025-08-29,C100128,Oeste,2025-05-19,Belleza,Set de brochas,17.05,1,0.0,17.05,Orgánico
O505884,2025-08-29,C101250,Norte,2025-07-13,Deportes,Yoga mat,46.1,2,0.0,92.2,Email
O502393,2025-08-29,C100445,Norte,2025-04-03,Electrónica,Power bank,71.86,3,0.0,215.58,Orgánico
O503887,2025-08-29,C102205,Sur,2025-06-23,Belleza,Serum facial,22.15,1,0.0,22.15,Pauta pagada
O502531,2025-08-29,C103007,Oeste,2025-03-13,Deportes,Yoga mat,46.1,1,0.0,46.1,Orgánico
O512232,2025-08-29,C102509,Centro,2025-06-06,Deportes,Mancuernas ajustables,41.15,2,0.0,82.3,Pauta pagada
O510683,2025-08-29,C100427,Este,2025-01-31,Electrónica,Cargador rápido,42.81,1,0.0,42.81,Redes sociales
O504869,2025-08-29,C101709,Centro,2025-03-10,Hogar,Lámpara LED,52.54,2,0.1,105.08,Orgánico
O503143,2025-08-29,C100227,Centro,2025-01-07,Moda,Tenis running,28.91,3,0.0,86.73,Orgánico
O500069,2025-08-29,C101106,Sur,2025-05-06,Belleza,Shampoo reparador,9.08,3,0.15,27.24,Directo
O501230,2025-08-29,C100780,Centro,2025-06-27,Moda,Tenis running,24.57,1,0.15,24.57,Orgánico
O509055,2025-08-29,C100665,Este,2025-06-17,Moda,Jeans slim,23.23,1,0.2,23.23,Redes sociales
O500231,2025-08-30,C101906,Centro,2025-06-11,Belleza,Shampoo reparador,10.68,2,0.0,21.36,Orgánico
O509338,2025-08-30,C102790,Este,2025-05-25,Belleza,Perfume,8.01,3,0.15,24.03,Email
O505080,2025-08-30,C101193,Centro,2025-06-08,Deportes,Yoga mat,46.1,2,0.0,92.2,Pauta pagada
O504070,2025-08-30,C101187,Sur,2025-08-27,Hogar,Difusor aromas,51.63,2,0.0,103.26,Redes sociales
O513060,2025-08-30,C101302,Sur,2025-07-14,Deportes,Mancuernas ajustables,41.15,3,0.0,123.45,Redes sociales
O503648,2025-08-30,C102447,Oeste,2025-06-02,Hogar,Lámpara LED,46.7,2,0.2,93.4,Directo
O509692,2025-08-30,C100412,Centro,2025-01-13,Moda,Camiseta básica,37.12,2,0.0,74.24,Directo
O505541,2025-08-30,C101554,Centro,2025-02-16,Belleza,Shampoo reparador,10.68,2,0.0,21.36,Redes sociales
O503659,2025-08-30,C100021,Oeste,2025-01-09,Hogar,Organizador closet,14.85,1,0.1,14.85,Orgánico
O502629,2025-08-30,C101453,Este,2025-03-14,Deportes,Botella térmica,14.51,1,0.15,14.51,Orgánico
O506449,2025-08-30,C100366,Norte,2025-04-02,Moda,Gorra,39.58,2,0.0,79.16,Pauta pagada
O506845,2025-08-30,C100662,Sur,2025-05-18,Belleza,Protector solar,9.76,1,0.1,9.76,Email
O505359,2025-08-30,C100802,Centro,2025-07-03,Deportes,Yoga mat,46.1,1,0.0,46.1,Orgánico
O515230,2025-08-30,C101159,Centro,2025-04-14,Belleza,Shampoo reparador,10.68,1,0.0,10.68,Pauta pagada
O505785,2025-08-30,C103360,Oeste,2025-07-24,Electrónica,Power bank,71.86,2,0.0,143.72,Pauta pagada
O504489,2025-08-30,C100196,Este,2025-04-25,Electrónica,Parlante portátil,32.04,1,0.0,32.04,Orgánico
O503276,2025-08-30,C103050,Sur,2025-08-21,Hogar,Lámpara LED,58.38,1,0.0,58.38,Orgánico
O501732,2025-08-30,C101426,Sur,2025-02-24,Belleza,Perfume,9.42,1,0.0,9.42,Email
O506048,2025-08-30,C100792,Norte,2025-06-01,Belleza,Protector solar,10.84,1,0.0,10.84,Pauta pagada
O512285,2025-08-30,C100780,Centro,2025-06-27,Moda,Mochila urbana,19.25,1,0.0,19.25,Orgánico
O501528,2025-08-30,C101548,Este,2025-06-24,Electrónica,Audífonos BT,73.05,1,0.0,73.05,Email
O511181,2025-08-30,C101320,Sur,2025-01-29,Deportes,Botella térmica,15.36,1,0.1,15.36,Email
O513401,2025-08-30,C103162,Norte,2025-03-23,Deportes,Guantes gym,11.66,1,0.0,11.66,Orgánico
O514648,2025-08-31,C102562,Sur,2025-03-14,Belleza,Set de brochas,17.05,2,0.0,34.1,Redes sociales
O514390,2025-08-31,C100316,Oeste,2025-03-25,Deportes,Banda resistencia,31.58,1,0.1,31.58,Pauta pagada
O511505,2025-08-31,C102747,Oeste,2025-05-07,Belleza,Protector solar,9.76,1,0.1,9.76,Orgánico
O503789,2025-08-31,C100028,Norte,2025-01-24,Belleza,Shampoo reparador,10.68,2,0.0,21.36,Orgánico
O514634,2025-08-31,C102745,Norte,2025-08-19,Moda,Mochila urbana,19.25,1,0.0,19.25,Redes sociales
O511992,2025-08-31,C101584,Centro,2025-05-30,Moda,Camiseta básica,31.55,1,0.15,31.55,Pauta pagada
O502760,2025-08-31,C101990,Sur,2025-03-23,Electrónica,Parlante portátil,28.84,3,0.1,86.52,Redes sociales
O511751,2025-08-31,C103444,Sur,2025-05-25,Belleza,Perfume,9.42,3,0.0,28.26,Redes sociales
O511584,2025-08-31,C102015,Norte,2025-02-04,Deportes,Guantes gym,11.66,1,0.0,11.66,Pauta pagada
O511798,2025-08-31,C101676,Oeste,2025-05-12,Moda,Gorra,39.58,3,0.0,118.74,Email
O502885,2025-08-31,C102110,Norte,2025-08-25,Deportes,Yoga mat,41.49,1,0.1,41.49,Orgánico
O500199,2025-08-31,C100298,Norte,2025-07-08,Belleza,Shampoo reparador,9.61,1,0.1,9.61,Pauta pagada
O501743,2025-08-31,C101439,Sur,2025-02-04,Hogar,Cortina blackout,24.96,2,0.15,49.92,Directo
O514943,2025-08-31,C100318,Norte,2025-08-23,Deportes,Mancuernas ajustables,41.15,1,0.0,41.15,Orgánico
O507445,2025-08-31,C101194,Este,2025-02-20,Hogar,Organizador closet,14.02,3,0.15,42.06,Redes sociales
O510252,2025-08-31,C100887,Norte,2025-05-14,Electrónica,Cargador rápido,42.81,1,0.0,42.81,Pauta pagada
O507903,2025-08-31,C103465,Sur,2025-04-15,Hogar,Set de sábanas,30.01,1,0.1,30.01,Directo
O502907,2025-08-31,C102824,Centro,2025-08-01,Electrónica,Audífonos BT,73.05,2,0.0,146.1,Redes sociales
O513488,2025-08-31,C101019,Centro,2025-01-18,Deportes,Botella térmica,17.07,1,0.0,17.07,Redes sociales
O503290,2025-08-31,C102720,Centro,2025-08-12,Electrónica,Cargador rápido,42.81,2,0.0,85.62,Orgánico
O513239,2025-08-31,C102258,Este,2025-05-29,Moda,Camiseta básica,37.12,2,0.0,74.24,Pauta pagada
O513529,2025-08-31,C102847,Sur,2025-04-25,Moda,Mochila urbana,19.25,2,0.0,38.5,Email
O509160,2025-08-31,C100594,Sur,2025-01-02,Hogar,Organizador closet,16.5,3,0.0,49.5,Redes sociales
O505725,2025-08-31,C100481,Este,2025-06-02,Belleza,Protector solar,10.84,2,0.0,21.68,Pauta pagada
O509850,2025-08-31,C102309,Centro,2025-08-04,Electrónica,Smartwatch,74.94,1,0.15,74.94,Pauta pagada
O501358,2025-08-31,C102177,Este,2025-05-21,Belleza,Set de brochas,17.05,1,0.0,17.05,Pauta pagada
O515197,2025-08-31,C102159,Norte,2025-01-10,Electrónica,Smartwatch,88.17,1,0.0,88.17,Redes sociales
O502778,2025-09-01,C101606,Centro,2025-05-17,Belleza,Perfume,9.42,2,0.0,18.84,Directo
O512904,2025-09-01,C100716,Centro,2025-08-08,Moda,Camiseta básica,33.41,1,0.1,33.41,Orgánico
O508238,2025-09-01,C101601,Centro,2025-04-03,Deportes,Mancuernas ajustables,41.15,2,0.0,82.3,Orgánico
O505190,2025-09-01,C103033,Oeste,2025-02-05,Moda,Gorra,39.58,1,0.0,39.58,Redes sociales
O505975,2025-09-01,C101320,Sur,2025-01-29,Moda,Gorra,39.58,1,0.0,39.58,Redes sociales
O507208,2025-09-01,C102119,Sur,2025-03-06,Moda,Tenis running,26.02,2,0.1,52.04,Pauta pagada
O506245,2025-09-01,C102486,Este,2025-07-29,Electrónica,Audífonos BT,62.09,2,0.15,124.18,Redes sociales
O508701,2025-09-01,C101205,Sur,2025-01-24,Electrónica,Cargador rápido,42.81,3,0.0,128.43,Redes sociales
O512381,2025-09-01,C102595,Centro,2025-06-16,Hogar,Difusor aromas,51.63,1,0.0,51.63,Redes sociales
O500444,2025-09-01,C100186,Sur,2025-07-27,Moda,Mochila urbana,19.25,3,0.0,57.75,Orgánico
O507626,2025-09-01,C101278,Norte,2025-01-08,Moda,Tenis running,26.02,3,0.1,78.06,Redes sociales
O503641,2025-09-01,C100404,Oeste,2025-07-21,Deportes,Banda resistencia,35.09,1,0.0,35.09,Pauta pagada
O516025,2025-09-01,C102707,Centro,2025-06-27,Hogar,Lámpara LED,46.7,1,0.2,46.7,Directo
O515905,2025-09-01,C101248,Este,2025-06-20,Moda,Gorra,39.58,1,0.0,39.58,Orgánico
O503541,2025-09-01,C103455,Centro,2025-07-02,Moda,Gorra,35.62,2,0.1,71.24,Orgánico
O511706,2025-09-01,C102489,Centro,2025-05-06,Moda,Mochila urbana,19.25,1,0.0,19.25,Email
O500392,2025-09-01,C102837,Oeste,2025-03-06,Deportes,Guantes gym,9.91,2,0.15,19.82,Redes sociales
O509945,2025-09-01,C101698,Este,2025-01-01,Hogar,Organizador closet,16.5,1,0.0,16.5,Directo
O503809,2025-09-01,C100222,Este,2025-06-07,Deportes,Yoga mat,46.1,1,0.0,46.1,Pauta pagada
O501880,2025-09-01,C101291,Norte,2025-03-30,Moda,Mochila urbana,19.25,1,0.0,19.25,Orgánico
O508121,2025-09-01,C102253,Centro,2025-02-09,Deportes,Banda resistencia,29.83,3,0.15,89.49,Pauta pagada
O512730,2025-09-01,C103319,Centro,2025-03-31,Electrónica,Cargador rápido,42.81,1,0.0,42.81,Pauta pagada
O500903,2025-09-01,C100400,Norte,2025-06-28,Belleza,Protector solar,10.84,1,0.0,10.84,Pauta pagada
O508356,2025-09-01,C102216,Centro,2025-04-20,Deportes,Mancuernas ajustables,41.15,2,0.0,82.3,Redes sociales
O508372,2025-09-01,C103352,Norte,2025-02-26,Moda,Camiseta básica,37.12,1,0.0,37.12,Pauta pagada
O510811,2025-09-01,C100373,Sur,2025-06-02,Belleza,Protector solar,9.21,1,0.15,9.21,Orgánico
O506590,2025-09-01,C100728,Centro,2025-05-09,Moda,Jeans slim,29.04,2,0.0,58.08,Redes sociales
O504245,2025-09-01,C102991,Sur,2025-03-17,Electrónica,Parlante portátil,28.84,2,0.1,57.68,Directo
O505072,2025-09-02,C101589,Centro,2025-07-21,Electrónica,Smartwatch,88.17,3,0.0,264.51,Pauta pagada
O508046,2025-09-02,C102293,Este,2025-05-19,Moda,Gorra,39.58,1,0.0,39.58,Pauta pagada
O507192,2025-09-02,C101021,Centro,2025-02-09,Moda,Gorra,39.58,1,0.0,39.58,Pauta pagada
O508024,2025-09-02,C102623,Centro,2025-03-21,Deportes,Guantes gym,11.66,1,0.0,11.66,Pauta pagada
O508022,2025-09-02,C102788,Norte,2025-04-14,Deportes,Yoga mat,46.1,2,0.0,92.2,Orgánico
O511732,2025-09-02,C103393,Centro,2025-06-29,Belleza,Set de brochas,17.05,2,0.0,34.1,Pauta pagada
O513417,2025-09-02,C100118,Norte,2025-01-09,Electrónica,Power bank,71.86,3,0.0,215.58,Email
O513427,2025-09-02,C102437,Sur,2025-07-26,Belleza,Set de brochas,17.05,2,0.0,34.1,Orgánico
O504164,2025-09-02,C102368,Este,2025-08-28,Belleza,Protector solar,10.84,1,0.0,10.84,Redes sociales
O502895,2025-09-02,C101815,Norte,2025-07-05,Electrónica,Audífonos BT,73.05,3,0.0,219.15,Email
O505779,2025-09-02,C100657,Oeste,2025-03-05,Belleza,Shampoo reparador,10.68,1,0.0,10.68,Email
O513545,2025-09-02,C103288,Este,2025-07-12,Deportes,Guantes gym,9.91,1,0.15,9.91,Pauta pagada
O504964,2025-09-02,C102461,Norte,2025-01-09,Belleza,Protector solar,10.84,2,0.0,21.68,Pauta pagada
O505160,2025-09-02,C100845,Este,2025-01-30,Belleza,Serum facial,22.15,2,0.0,44.3,Directo
O509578,2025-09-02,C101232,Oeste,2025-04-16,Electrónica,Cargador rápido,42.81,2,0.0,85.62,Pauta pagada
O509908,2025-09-02,C103146,Centro,2025-06-15,Moda,Gorra,39.58,1,0.0,39.58,Orgánico
O502876,2025-09-02,C100366,Norte,2025-04-02,Hogar,Lámpara LED,52.54,1,0.1,52.54,Redes sociales
O506413,2025-09-02,C103196,Sur,2025-04-27,Hogar,Set de sábanas,33.34,3,0.0,100.02,Pauta pagada
O516413,2025-09-02,C102213,Norte,2025-08-02,Belleza,Perfume,9.42,1,0.0,9.42,Pauta pagada
O513857,2025-09-02,C102828,Sur,2025-03-17,Moda,Jeans slim,24.68,1,0.15,24.68,Redes sociales
O505676,2025-09-02,C100743,Centro,2025-06-07,Electrónica,Cargador rápido,36.39,1,0.15,36.39,Email
O511427,2025-09-02,C103087,Este,2025-01-19,Electrónica,Power bank,57.49,2,0.2,114.98,Orgánico
O502652,2025-09-02,C101342,Norte,2025-05-20,Deportes,Banda resistencia,35.09,2,0.0,70.18,Pauta pagada
O503805,2025-09-02,C101641,Oeste,2025-03-31,Hogar,Cortina blackout,29.37,3,0.0,88.11,Orgánico
O504917,2025-09-02,C103249,Oeste,2025-06-14,Deportes,Mancuernas ajustables,41.15,1,0.0,41.15,Redes sociales
O514465,2025-09-02,C103086,Norte,2025-07-10,Deportes,Yoga mat,46.1,3,0.0,138.3,Redes sociales
O508314,2025-09-02,C102698,Sur,2025-07-13,Moda,Camiseta básica,37.12,1,0.0,37.12,Pauta pagada
O515875,2025-09-02,C100382,Centro,2025-06-08,Electrónica,Cargador rápido,42.81,1,0.0,42.81,Redes sociales
O516221,2025-09-02,C101601,Centro,2025-04-03,Electrónica,Smartwatch,88.17,1,0.0,88.17,Pauta pagada
O507137,2025-09-02,C102665,Norte,2025-06-09,Deportes,Yoga mat,46.1,1,0.0,46.1,Pauta pagada
O500220,2025-09-02,C103441,Norte,2025-08-17,Deportes,Botella térmica,17.07,1,0.0,17.07,Pauta pagada
O507091,2025-09-02,C101505,Sur,2025-04-27,Hogar,Organizador closet,16.5,1,0.0,16.5,Email
O512875,2025-09-02,C100664,Este,2025-08-05,Belleza,Perfume,9.42,1,0.0,9.42,Pauta pagada
O504511,2025-09-03,C103170,Centro,2025-07-08,Belleza,Serum facial,18.83,2,0.15,37.66,Directo
O512203,2025-09-03,C102425,Este,2025-08-05,Moda,Tenis running,28.91,1,0.0,28.91,Pauta pagada
O503564,2025-09-03,C102598,Norte,2025-04-13,Moda,Tenis running,23.13,1,0.2,23.13,Orgánico
O513929,2025-09-03,C103036,Este,2025-02-17,Moda,Mochila urbana,19.25,2,0.0,38.5,Redes sociales
O507653,2025-09-03,C102642,Sur,2025-05-13,Moda,Jeans slim,26.14,1,0.1,26.14,Pauta pagada
O512813,2025-09-03,C101215,Centro,2025-02-10,Moda,Tenis running,28.91,2,0.0,57.82,Redes sociales
O508852,2025-09-03,C101776,Norte,2025-08-13,Electrónica,Audífonos BT,73.05,2,0.0,146.1,Redes sociales
O512849,2025-09-03,C101839,Centro,2025-01-08,Electrónica,Audífonos BT,73.05,2,0.0,146.1,Orgánico
O500177,2025-09-03,C102073,Centro,2025-08-27,Belleza,Set de brochas,17.05,1,0.0,17.05,Pauta pagada
O511411,2025-09-03,C102486,Este,2025-07-29,Hogar,Lámpara LED,58.38,2,0.0,116.76,Directo
O501369,2025-09-03,C100175,Centro,2025-03-14,Deportes,Yoga mat,39.18,1,0.15,39.18,Email
O506175,2025-09-03,C100052,Centro,2025-01-04,Moda,Tenis running,23.13,1,0.2,23.13,Email
O501223,2025-09-03,C101293,Norte,2025-07-27,Electrónica,Smartwatch,88.17,2,0.0,176.34,Directo
O508649,2025-09-03,C101194,Este,2025-02-20,Moda,Camiseta básica,37.12,1,0.0,37.12,Pauta pagada
O508093,2025-09-03,C103080,Sur,2025-08-13,Hogar,Lámpara LED,49.62,1,0.15,49.62,Email
O511842,2025-09-03,C100072,Centro,2025-08-13,Electrónica,Cargador rápido,42.81,2,0.0,85.62,Orgánico
O516080,2025-09-03,C100686,Oeste,2025-02-27,Belleza,Shampoo reparador,10.68,1,0.0,10.68,Pauta pagada
O506631,2025-09-03,C101827,Oeste,2025-06-10,Moda,Camiseta básica,37.12,1,0.0,37.12,Redes sociales
O514061,2025-09-04,C101600,Este,2025-01-30,Moda,Jeans slim,29.04,1,0.0,29.04,Redes sociales
O511876,2025-09-04,C103023,Centro,2025-05-28,Electrónica,Smartwatch,88.17,2,0.0,176.34,Redes sociales
O515548,2025-09-04,C103329,Norte,2025-01-29,Deportes,Guantes gym,9.91,1,0.15,9.91,Pauta pagada
O505436,2025-09-04,C102776,Centro,2025-02-11,Belleza,Shampoo reparador,10.68,1,0.0,10.68,Directo
O512861,2025-09-04,C100030,Este,2025-04-11,Deportes,Yoga mat,46.1,3,0.0,138.3,Directo
O512461,2025-09-04,C101182,Norte,2025-03-04,Deportes,Botella térmica,17.07,2,0.0,34.14,Email
O506887,2025-09-04,C100342,Centro,2025-03-29,Deportes,Yoga mat,46.1,3,0.0,138.3,Directo
O513759,2025-09-04,C100607,Norte,2025-01-21,Belleza,Protector solar,10.84,1,0.0,10.84,Orgánico
O513015,2025-09-04,C102423,Este,2025-03-10,Electrónica,Power bank,71.86,1,0.0,71.86,Email
O508091,2025-09-04,C101525,Norte,2025-02-17,Belleza,Protector solar,9.21,1,0.15,9.21,Pauta pagada
O504656,2025-09-04,C102632,Norte,2025-07-25,Electrónica,Audífonos BT,73.05,3,0.0,219.15,Orgánico
O506902,2025-09-04,C100386,Centro,2025-03-27,Belleza,Shampoo reparador,10.68,2,0.0,21.36,Orgánico
O504224,2025-09-04,C101042,Centro,2025-06-11,Deportes,Botella térmica,17.07,1,0.0,17.07,Email
O506269,2025-09-04,C100582,Norte,2025-06-15,Belleza,Shampoo reparador,8.54,3,0.2,25.62,Email
O514378,2025-09-04,C102184,Centro,2025-06-14,Deportes,Guantes gym,11.66,2,0.0,23.32,Redes sociales
O504219,2025-09-04,C100646,Oeste,2025-07-05,Deportes,Mancuernas ajustables,41.15,2,0.0,82.3,Email
O510794,2025-09-04,C103335,Este,2025-03-21,Hogar,Organizador closet,16.5,2,0.0,33.0,Directo
O502697,2025-09-04,C100752,Sur,2025-07-23,Electrónica,Parlante portátil,32.04,1,0.0,32.04,Redes sociales
O515917,2025-09-04,C101759,Oeste,2025-08-19,Belleza,Shampoo reparador,9.61,3,0.1,28.83,Pauta pagada
O510167,2025-09-04,C100522,Norte,2025-01-02,Deportes,Guantes gym,11.66,1,0.0,11.66,Redes sociales
O508707,2025-09-04,C103116,Centro,2025-08-15,Electrónica,Audífonos BT,65.74,2,0.1,131.48,Redes sociales
O510119,2025-09-04,C100945,Sur,2025-08-20,Deportes,Yoga mat,41.49,2,0.1,82.98,Redes sociales
O504285,2025-09-04,C103487,Norte,2025-07-12,Deportes,Banda resistencia,35.09,1,0.0,35.09,Orgánico
O510675,2025-09-05,C100234,Norte,2025-06-18,Deportes,Guantes gym,11.66,1,0.0,11.66,Redes sociales
O510192,2025-09-05,C101380,Centro,2025-07-29,Belleza,Serum facial,22.15,3,0.0,66.45,Redes sociales
O500266,2025-09-05,C101678,Este,2025-03-08,Moda,Jeans slim,29.04,2,0.0,58.08,Pauta pagada
O503244,2025-09-05,C102323,Norte,2025-05-23,Hogar,Difusor aromas,51.63,3,0.0,154.89,Directo
O510633,2025-09-05,C100719,Sur,2025-01-14,Hogar,Difusor aromas,51.63,1,0.0,51.63,Orgánico
O515008,2025-09-05,C100665,Este,2025-06-17,Deportes,Yoga mat,46.1,1,0.0,46.1,Email
O509063,2025-09-05,C101089,Sur,2025-05-29,Belleza,Shampoo reparador,10.68,1,0.0,10.68,Orgánico
O509670,2025-09-05,C101680,Centro,2025-02-02,Deportes,Banda resistencia,35.09,3,0.0,105.27,Orgánico
O502789,2025-09-05,C102172,Sur,2025-02-07,Belleza,Serum facial,22.15,2,0.0,44.3,Redes sociales
O506606,2025-09-05,C103460,Centro,2025-05-12,Hogar,Organizador closet,16.5,2,0.0,33.0,Pauta pagada
O510486,2025-09-05,C101076,Centro,2025-09-05,Deportes,Mancuernas ajustables,37.03,2,0.1,74.06,Directo
O511223,2025-09-05,C101860,Centro,2025-04-13,Electrónica,Audífonos BT,73.05,3,0.0,219.15,Pauta pagada
O504660,2025-09-05,C102566,Sur,2025-09-03,Hogar,Lámpara LED,58.38,2,0.0,116.76,Orgánico
O501010,2025-09-05,C102904,Oeste,2025-01-26,Electrónica,Smartwatch,88.17,1,0.0,88.17,Pauta pagada
O506510,2025-09-05,C100895,Norte,2025-06-26,Moda,Gorra,39.58,2,0.0,79.16,Redes sociales
O510084,2025-09-05,C102100,Norte,2025-07-16,Deportes,Yoga mat,46.1,1,0.0,46.1,Pauta pagada
O506538,2025-09-05,C102484,Centro,2025-06-13,Hogar,Organizador closet,16.5,1,0.0,16.5,Pauta pagada
O506725,2025-09-05,C100065,Sur,2025-08-29,Deportes,Botella térmica,17.07,3,0.0,51.21,Redes sociales
O506550,2025-09-05,C100312,Oeste,2025-06-29,Moda,Mochila urbana,19.25,1,0.0,19.25,Email
O509527,2025-09-05,C102454,Centro,2025-01-26,Belleza,Set de brochas,17.05,1,0.0,17.05,Orgánico
O514922,2025-09-05,C101242,Oeste,2025-01-11,Belleza,Perfume,9.42,1,0.0,9.42,Email
O510680,2025-09-05,C100861,Norte,2025-03-26,Electrónica,Audífonos BT,73.05,1,0.0,73.05,Redes sociales
O504985,2025-09-05,C101034,Oeste,2025-05-20,Hogar,Set de sábanas,33.34,2,0.0,66.68,Directo
O515452,2025-09-05,C101008,Sur,2025-07-17,Deportes,Banda resistencia,35.09,1,0.0,35.09,Directo
O507433,2025-09-05,C101895,Centro,2025-06-12,Hogar,Lámpara LED,58.38,1,0.0,58.38,Email
O513259,2025-09-05,C100015,Sur,2025-08-01,Deportes,Botella térmica,14.51,1,0.15,14.51,Pauta pagada
O504764,2025-09-05,C103336,Sur,2025-06-15,Belleza,Shampoo reparador,10.68,1,0.0,10.68,Orgánico
O514113,2025-09-05,C101523,Oeste,2025-05-24,Electrónica,Smartwatch,88.17,2,0.0,176.34,Orgánico
O511533,2025-09-05,C102428,Sur,2025-07-31,Moda,Mochila urbana,19.25,1,0.0,19.25,Email
O504776,2025-09-05,C102683,Norte,2025-06-08,Deportes,Guantes gym,10.49,1,0.1,10.49,Orgánico
O501839,2025-09-05,C101212,Este,2025-01-18,Moda,Mochila urbana,19.25,1,0.0,19.25,Email
O503863,2025-09-05,C101229,Oeste,2025-06-02,Hogar,Difusor aromas,51.63,2,0.0,103.26,Pauta pagada
O504282,2025-09-05,C100245,Sur,2025-05-31,Deportes,Guantes gym,11.66,2,0.0,23.32,Pauta pagada
O507538,2025-09-05,C102836,Sur,2025-03-08,Electrónica,Cargador rápido,42.81,1,0.0,42.81,Directo
O502171,2025-09-05,C102695,Sur,2025-02-09,Hogar,Difusor aromas,51.63,1,0.0,51.63,Orgánico
O512060,2025-09-05,C103387,Norte,2025-07-02,Deportes,Mancuernas ajustables,32.92,1,0.2,32.92,Redes sociales
O515484,2025-09-05,C102807,Centro,2025-02-23,Hogar,Lámpara LED,58.38,1,0.0,58.38,Pauta pagada
O504005,2025-09-05,C101159,Centro,2025-04-14,Electrónica,Smartwatch,88.17,1,0.0,88.17,Redes sociales
O512506,2025-09-05,C103245,Oeste,2025-07-14,Deportes,Botella térmica,17.07,1,0.0,17.07,Redes sociales
O507176,2025-09-05,C100037,Centro,2025-07-28,Electrónica,Power bank,71.86,3,0.0,215.58,Email
O506060,2025-09-05,C103435,Este,2025-02-26,Deportes,Mancuernas ajustables,41.15,3,0.0,123.45,Directo
O506279,2025-09-06,C100881,Centro,2025-09-02,Moda,Jeans slim,29.04,3,0.0,87.12,Pauta pagada
O512975,2025-09-06,C101660,Centro,2025-01-28,Hogar,Cortina blackout,29.37,2,0.0,58.74,Pauta pagada
O506266,2025-09-06,C101670,Este,2025-05-24,Hogar,Cortina blackout,26.43,2,0.1,52.86,Redes sociales
O506298,2025-09-06,C101048,Oeste,2025-07-13,Deportes,Yoga mat,46.1,2,0.0,92.2,Pauta pagada
O515650,2025-09-06,C101276,Oeste,2025-04-27,Moda,Tenis running,28.91,1,0.0,28.91,Email
O513017,2025-09-06,C100534,Centro,2025-06-24,Hogar,Difusor aromas,41.3,3,0.2,123.9,Email
O512856,2025-09-06,C100827,Sur,2025-03-02,Belleza,Shampoo reparador,10.68,1,0.0,10.68,Pauta pagada
O510344,2025-09-06,C103426,Oeste,2025-05-14,Belleza,Shampoo reparador,10.68,1,0.0,10.68,Orgánico
O505132,2025-09-06,C100701,Oeste,2025-04-22,Deportes,Guantes gym,11.66,3,0.0,34.98,Redes sociales
O516087,2025-09-06,C100065,Sur,2025-08-29,Moda,Tenis running,24.57,2,0.15,49.14,Orgánico
O508328,2025-09-06,C100913,Centro,2025-07-13,Deportes,Banda resistencia,35.09,3,0.0,105.27,Redes sociales
O503941,2025-09-06,C101263,Centro,2025-05-01,Deportes,Banda resistencia,35.09,3,0.0,105.27,Redes sociales
O513928,2025-09-06,C102650,Oeste,2025-07-05,Deportes,Banda resistencia,35.09,2,0.0,70.18,Directo
O509438,2025-09-06,C101154,Sur,2025-03-06,Belleza,Serum facial,22.15,3,0.0,66.45,Email
O505730,2025-09-06,C101664,Sur,2025-04-30,Deportes,Mancuernas ajustables,41.15,1,0.0,41.15,Orgánico
O510008,2025-09-06,C100366,Norte,2025-04-02,Moda,Mochila urbana,19.25,1,0.0,19.25,Redes sociales
O500720,2025-09-06,C103003,Sur,2025-05-16,Moda,Tenis running,28.91,2,0.0,57.82,Redes sociales
O507574,2025-09-06,C100412,Centro,2025-01-13,Belleza,Serum facial,22.15,2,0.0,44.3,Directo
O506333,2025-09-06,C103051,Norte,2025-04-08,Electrónica,Parlante portátil,27.23,2,0.15,54.46,Pauta pagada
O506565,2025-09-07,C101380,Centro,2025-07-29,Deportes,Guantes gym,11.66,1,0.0,11.66,Pauta pagada
O506111,2025-09-07,C102343,Centro,2025-02-04,Moda,Gorra,39.58,1,0.0,39.58,Directo
O509641,2025-09-07,C101302,Sur,2025-07-14,Moda,Gorra,39.58,1,0.0,39.58,Pauta pagada
O512579,2025-09-07,C103400,Centro,2025-02-13,Electrónica,Smartwatch,88.17,1,0.0,88.17,Email
O509114,2025-09-07,C100934,Norte,2025-06-03,Electrónica,Audífonos BT,73.05,1,0.0,73.05,Pauta pagada
O514607,2025-09-07,C103033,Oeste,2025-02-05,Belleza,Protector solar,10.84,1,0.0,10.84,Redes sociales
O503827,2025-09-07,C101547,Oeste,2025-03-09,Deportes,Mancuernas ajustables,41.15,2,0.0,82.3,Pauta pagada
O511048,2025-09-07,C102511,Sur,2025-06-07,Hogar,Lámpara LED,52.54,2,0.1,105.08,Email
O516115,2025-09-07,C101542,Centro,2025-05-06,Electrónica,Audífonos BT,73.05,2,0.0,146.1,Pauta pagada
O515556,2025-09-07,C101707,Este,2025-07-14,Belleza,Protector solar,10.84,1,0.0,10.84,Pauta pagada
O504369,2025-09-07,C101953,Centro,2025-05-03,Moda,Tenis running,28.91,2,0.0,57.82,Redes sociales
O508868,2025-09-07,C100363,Sur,2025-05-21,Electrónica,Parlante portátil,27.23,1,0.15,27.23,Directo
O505287,2025-09-07,C101596,Este,2025-05-27,Deportes,Mancuernas ajustables,41.15,1,0.0,41.15,Directo
O513342,2025-09-07,C102614,Este,2025-02-01,Hogar,Set de sábanas,33.34,3,0.0,100.02,Email
O504867,2025-09-07,C102815,Este,2025-07-20,Deportes,Mancuernas ajustables,41.15,1,0.0,41.15,Orgánico
O515826,2025-09-07,C102976,Centro,2025-07-31,Deportes,Yoga mat,41.49,3,0.1,124.47,Pauta pagada
O501298,2025-09-07,C102560,Oeste,2025-07-07,Belleza,Set de brochas,17.05,1,0.0,17.05,Directo
O513271,2025-09-07,C103301,Norte,2025-07-10,Electrónica,Cargador rápido,42.81,2,0.0,85.62,Pauta pagada
O515141,2025-09-08,C101723,Centro,2025-05-05,Hogar,Set de sábanas,33.34,3,0.0,100.02,Redes sociales
O500521,2025-09-08,C101260,Centro,2025-05-02,Hogar,Organizador closet,16.5,1,0.0,16.5,Directo
O506901,2025-09-08,C100664,Este,2025-08-05,Moda,Tenis running,28.91,1,0.0,28.91,Email
O513238,2025-09-08,C101233,Norte,2025-02-10,Hogar,Lámpara LED,58.38,1,0.0,58.38,Orgánico
O509790,2025-09-08,C103246,Sur,2025-02-07,Belleza,Protector solar,10.84,1,0.0,10.84,Directo
O513020,2025-09-08,C100694,Centro,2025-02-17,Moda,Mochila urbana,19.25,1,0.0,19.25,Directo
O514364,2025-09-08,C103300,Norte,2025-06-10,Hogar,Cortina blackout,29.37,2,0.0,58.74,Redes sociales
O504095,2025-09-08,C101373,Centro,2025-01-07,Deportes,Yoga mat,46.1,1,0.0,46.1,Email
O510573,2025-09-08,C101389,Sur,2025-04-10,Moda,Tenis running,28.91,1,0.0,28.91,Orgánico
O512665,2025-09-08,C103209,Centro,2025-05-25,Moda,Gorra,39.58,1,0.0,39.58,Orgánico
O500909,2025-09-08,C101596,Este,2025-05-27,Hogar,Cortina blackout,29.37,2,0.0,58.74,Redes sociales
O503524,2025-09-08,C100207,Oeste,2025-08-20,Belleza,Set de brochas,17.05,1,0.0,17.05,Email
O500868,2025-09-08,C103004,Sur,2025-03-28,Electrónica,Audífonos BT,62.09,1,0.15,62.09,Pauta pagada
O500099,2025-09-08,C100719,Sur,2025-01-14,Belleza,Protector solar,10.84,1,0.0,10.84,Redes sociales
O513498,2025-09-08,C100862,Este,2025-03-12,Electrónica,Cargador rápido,42.81,3,0.0,128.43,Directo
O506951,2025-09-08,C101426,Sur,2025-02-24,Moda,Gorra,39.58,2,0.0,79.16,Orgánico
O500045,2025-09-08,C100538,Este,2025-07-18,Belleza,Shampoo reparador,10.68,2,0.0,21.36,Redes sociales
O515751,2025-09-08,C102958,Centro,2025-06-03,Moda,Mochila urbana,19.25,1,0.0,19.25,Orgánico
O503066,2025-09-08,C100222,Este,2025-06-07,Electrónica,Parlante portátil,32.04,1,0.0,32.04,Orgánico
O512293,2025-09-08,C100556,Centro,2025-07-18,Hogar,Cortina blackout,29.37,1,0.0,29.37,Pauta pagada
O500552,2025-09-08,C102148,Centro,2025-04-02,Belleza,Perfume,8.01,3,0.15,24.03,Redes sociales
O504846,2025-09-08,C100003,Este,2025-05-01,Deportes,Guantes gym,9.91,2,0.15,19.82,Email
O511710,2025-09-08,C103056,Oeste,2025-04-11,Moda,Jeans slim,29.04,3,0.0,87.12,Redes sociales
O511526,2025-09-08,C101497,Centro,2025-05-18,Belleza,Perfume,9.42,3,0.0,28.26,Redes sociales
O508672,2025-09-08,C100626,Oeste,2025-07-17,Electrónica,Audífonos BT,73.05,1,0.0,73.05,Redes sociales
O500983,2025-09-08,C102429,Norte,2025-05-17,Hogar,Cortina blackout,29.37,2,0.0,58.74,Redes sociales
O503819,2025-09-08,C102240,Sur,2025-05-05,Electrónica,Audífonos BT,62.09,1,0.15,62.09,Directo
O516269,2025-09-09,C102650,Oeste,2025-07-05,Electrónica,Smartwatch,79.35,1,0.1,79.35,Email
O506499,2025-09-09,C101670,Este,2025-05-24,Deportes,Mancuernas ajustables,41.15,3,0.0,123.45,Email
O503895,2025-09-09,C101971,Centro,2025-02-26,Deportes,Mancuernas ajustables,41.15,2,0.0,82.3,Orgánico
O505607,2025-09-09,C101894,Oeste,2025-05-13,Hogar,Set de sábanas,33.34,1,0.0,33.34,Redes sociales
O511260,2025-09-09,C101867,Centro,2025-07-17,Deportes,Yoga mat,46.1,1,0.0,46.1,Pauta pagada
O505794,2025-09-09,C103368,Sur,2025-06-08,Hogar,Difusor aromas,41.3,1,0.2,41.3,Redes sociales
O512793,2025-09-09,C102832,Este,2025-04-12,Moda,Tenis running,28.91,1,0.0,28.91,Redes sociales
O511319,2025-09-09,C103343,Sur,2025-07-27,Deportes,Guantes gym,11.66,2,0.0,23.32,Orgánico
O508518,2025-09-09,C100299,Sur,2025-09-06,Moda,Mochila urbana,19.25,3,0.0,57.75,Orgánico
O510737,2025-09-09,C100382,Centro,2025-06-08,Hogar,Cortina blackout,26.43,1,0.1,26.43,Redes sociales
O505573,2025-09-09,C102008,Este,2025-01-01,Belleza,Perfume,9.42,1,0.0,9.42,Orgánico
O508183,2025-09-09,C103335,Este,2025-03-21,Moda,Mochila urbana,17.32,3,0.1,51.96,Orgánico
O514071,2025-09-09,C103080,Sur,2025-08-13,Moda,Mochila urbana,16.36,2,0.15,32.72,Directo
O508944,2025-09-09,C103419,Centro,2025-03-21,Belleza,Set de brochas,17.05,2,0.0,34.1,Email
O505567,2025-09-09,C100674,Sur,2025-04-01,Electrónica,Power bank,71.86,1,0.0,71.86,Redes sociales
O514556,2025-09-09,C102585,Este,2025-07-18,Belleza,Shampoo reparador,10.68,2,0.0,21.36,Redes sociales
O500743,2025-09-09,C100724,Centro,2025-02-23,Belleza,Shampoo reparador,10.68,2,0.0,21.36,Orgánico
O506386,2025-09-09,C100639,Sur,2025-04-09,Electrónica,Audífonos BT,73.05,2,0.0,146.1,Directo
O506409,2025-09-09,C100011,Norte,2025-03-04,Belleza,Serum facial,18.83,3,0.15,56.49,Directo
O514394,2025-09-09,C102443,Centro,2025-06-05,Deportes,Yoga mat,39.18,1,0.15,39.18,Redes sociales
O507030,2025-09-09,C101410,Oeste,2025-08-15,Moda,Gorra,39.58,2,0.0,79.16,Directo
O514184,2025-09-09,C102803,Norte,2025-05-11,Electrónica,Cargador rápido,36.39,1,0.15,36.39,Directo
O508210,2025-09-09,C101334,Norte,2025-08-21,Belleza,Perfume,8.48,2,0.1,16.96,Redes sociales
O503682,2025-09-09,C101676,Oeste,2025-05-12,Moda,Jeans slim,24.68,2,0.15,49.36,Redes sociales
O514807,2025-09-09,C102367,Este,2025-01-20,Deportes,Yoga mat,46.1,1,0.0,46.1,Pauta pagada
O511813,2025-09-09,C100021,Oeste,2025-01-09,Deportes,Guantes gym,10.49,3,0.1,31.47,Directo
O512023,2025-09-09,C101264,Sur,2025-04-01,Hogar,Lámpara LED,58.38,2,0.0,116.76,Orgánico
O510992,2025-09-09,C102513,Centro,2025-01-14,Belleza,Perfume,9.42,2,0.0,18.84,Redes sociales
O502773,2025-09-09,C100037,Centro,2025-07-28,Moda,Tenis running,28.91,1,0.0,28.91,Orgánico
O509720,2025-09-09,C101388,Este,2025-03-08,Electrónica,Power bank,71.86,3,0.0,215.58,Email
O502239,2025-09-09,C102670,Sur,2025-04-29,Belleza,Perfume,8.48,1,0.1,8.48,Email
O506054,2025-09-10,C102351,Oeste,2025-03-20,Belleza,Set de brochas,17.05,1,0.0,17.05,Pauta pagada
O516281,2025-09-10,C103442,Centro,2025-03-13,Belleza,Shampoo reparador,10.68,1,0.0,10.68,Redes sociales
O500490,2025-09-10,C101427,Sur,2025-06-03,Hogar,Lámpara LED,49.62,1,0.15,49.62,Pauta pagada
O502990,2025-09-10,C102746,Centro,2025-04-21,Belleza,Shampoo reparador,10.68,2,0.0,21.36,Redes sociales
O510661,2025-09-10,C103292,Centro,2025-02-01,Deportes,Yoga mat,46.1,1,0.0,46.1,Pauta pagada
O501269,2025-09-10,C100871,Norte,2025-01-31,Moda,Tenis running,24.57,1,0.15,24.57,Pauta pagada
O505204,2025-09-10,C100703,Norte,2025-06-06,Belleza,Perfume,9.42,1,0.0,9.42,Pauta pagada
O509210,2025-09-10,C100850,Centro,2025-06-25,Belleza,Serum facial,22.15,2,0.0,44.3,Orgánico
O509212,2025-09-10,C100599,Sur,2025-08-10,Hogar,Set de sábanas,30.01,1,0.1,30.01,Orgánico
O509006,2025-09-10,C103423,Sur,2025-01-01,Hogar,Lámpara LED,58.38,1,0.0,58.38,Orgánico
O508762,2025-09-10,C102829,Norte,2025-06-13,Belleza,Protector solar,10.84,1,0.0,10.84,Orgánico
O505197,2025-09-10,C101378,Este,2025-05-22,Deportes,Mancuernas ajustables,41.15,1,0.0,41.15,Redes sociales
O510760,2025-09-10,C100456,Sur,2025-01-03,Belleza,Protector solar,10.84,2,0.0,21.68,Redes sociales
O514342,2025-09-10,C101756,Centro,2025-06-08,Belleza,Serum facial,22.15,2,0.0,44.3,Directo
O501142,2025-09-10,C103157,Norte,2025-08-21,Moda,Tenis running,23.13,1,0.2,23.13,Pauta pagada
O505660,2025-09-10,C102032,Centro,2025-04-29,Deportes,Guantes gym,11.66,1,0.0,11.66,Pauta pagada
O502546,2025-09-10,C103292,Centro,2025-02-01,Moda,Tenis running,28.91,1,0.0,28.91,Pauta pagada
O509812,2025-09-10,C100518,Norte,2025-02-21,Moda,Camiseta básica,33.41,1,0.1,33.41,Directo
O505023,2025-09-10,C101164,Oeste,2025-08-02,Electrónica,Smartwatch,88.17,1,0.0,88.17,Redes sociales
O506862,2025-09-10,C101035,Centro,2025-01-18,Moda,Gorra,35.62,3,0.1,106.86,Orgánico
O501476,2025-09-10,C100421,Centro,2025-08-13,Belleza,Serum facial,22.15,2,0.0,44.3,Orgánico
O505612,2025-09-10,C100211,Sur,2025-02-21,Belleza,Protector solar,10.84,2,0.0,21.68,Directo
O509146,2025-09-10,C103184,Norte,2025-03-27,Electrónica,Cargador rápido,42.81,2,0.0,85.62,Directo
O503331,2025-09-10,C102118,Sur,2025-03-01,Moda,Camiseta básica,37.12,2,0.0,74.24,Redes sociales
O510828,2025-09-10,C103417,Centro,2025-03-08,Hogar,Lámpara LED,58.38,1,0.0,58.38,Directo
O507794,2025-09-10,C100445,Norte,2025-04-03,Belleza,Perfume,9.42,1,0.0,9.42,Directo
O505989,2025-09-10,C102717,Centro,2025-03-25,Hogar,Organizador closet,16.5,1,0.0,16.5,Redes sociales
O511001,2025-09-10,C100804,Sur,2025-01-28,Hogar,Cortina blackout,23.5,1,0.2,23.5,Directo
O503200,2025-09-10,C101538,Norte,2025-06-22,Electrónica,Smartwatch,88.17,2,0.0,176.34,Redes sociales
O500509,2025-09-10,C100648,Oeste,2025-01-26,Moda,Tenis running,28.91,1,0.0,28.91,Pauta pagada
O500353,2025-09-10,C102082,Centro,2025-04-08,Hogar,Set de sábanas,28.34,3,0.15,85.02,Directo
O507489,2025-09-10,C102131,Este,2025-06-13,Hogar,Lámpara LED,58.38,1,0.0,58.38,Redes sociales
O513190,2025-09-11,C101353,Oeste,2025-04-26,Moda,Gorra,39.58,1,0.0,39.58,Directo
O509416,2025-09-11,C102032,Centro,2025-04-29,Hogar,Cortina blackout,29.37,1,0.0,29.37,Redes sociales
O512888,2025-09-11,C102492,Oeste,2025-07-06,Belleza,Set de brochas,17.05,1,0.0,17.05,Email
O504362,2025-09-11,C102773,Sur,2025-03-14,Electrónica,Power bank,71.86,3,0.0,215.58,Orgánico
O513991,2025-09-11,C100762,Norte,2025-03-31,Deportes,Botella térmica,17.07,1,0.0,17.07,Email
O513066,2025-09-11,C100299,Sur,2025-09-06,Electrónica,Parlante portátil,32.04,3,0.0,96.12,Orgánico
O501272,2025-09-11,C102664,Sur,2025-05-29,Belleza,Set de brochas,17.05,1,0.0,17.05,Redes sociales
O501342,2025-09-11,C103418,Oeste,2025-06-05,Hogar,Organizador closet,16.5,1,0.0,16.5,Redes sociales
O506731,2025-09-11,C100725,Este,2025-03-24,Belleza,Serum facial,22.15,3,0.0,66.45,Pauta pagada
O513082,2025-09-11,C100129,Norte,2025-04-06,Deportes,Botella térmica,17.07,1,0.0,17.07,Email
O511621,2025-09-11,C100572,Este,2025-02-19,Deportes,Botella térmica,15.36,3,0.1,46.08,Redes sociales
O507700,2025-09-11,C100305,Centro,2025-07-04,Electrónica,Audífonos BT,62.09,2,0.15,124.18,Orgánico
O505524,2025-09-11,C102933,Este,2025-01-22,Belleza,Shampoo reparador,10.68,2,0.0,21.36,Orgánico
O500596,2025-09-11,C101801,Sur,2025-04-21,Belleza,Serum facial,22.15,1,0.0,22.15,Orgánico
O504252,2025-09-11,C100461,Centro,2025-07-10,Moda,Jeans slim,29.04,1,0.0,29.04,Pauta pagada
O509244,2025-09-11,C101135,Sur,2025-03-27,Moda,Camiseta básica,37.12,1,0.0,37.12,Directo
O514219,2025-09-11,C101983,Centro,2025-02-20,Electrónica,Power bank,71.86,1,0.0,71.86,Redes sociales
O514726,2025-09-11,C100566,Norte,2025-01-16,Hogar,Cortina blackout,29.37,1,0.0,29.37,Directo
O508710,2025-09-11,C101137,Centro,2025-04-29,Deportes,Guantes gym,10.49,1,0.1,10.49,Email
O515285,2025-09-11,C100935,Norte,2025-04-23,Deportes,Botella térmica,17.07,1,0.0,17.07,Pauta pagada
O506490,2025-09-11,C102267,Norte,2025-07-12,Deportes,Banda resistencia,35.09,1,0.0,35.09,Email
O512329,2025-09-11,C102336,Sur,2025-05-15,Deportes,Guantes gym,11.66,2,0.0,23.32,Orgánico
O502882,2025-09-11,C100141,Sur,2025-03-07,Electrónica,Cargador rápido,42.81,2,0.0,85.62,Pauta pagada
O515564,2025-09-11,C100084,Oeste,2025-06-17,Hogar,Cortina blackout,29.37,1,0.0,29.37,Pauta pagada
O504023,2025-09-11,C101106,Sur,2025-05-06,Hogar,Set de sábanas,33.34,2,0.0,66.68,Email
O510575,2025-09-12,C101664,Sur,2025-04-30,Moda,Camiseta básica,37.12,1,0.0,37.12,Orgánico
O507513,2025-09-12,C103116,Centro,2025-08-15,Belleza,Set de brochas,17.05,1,0.0,17.05,Pauta pagada
O514714,2025-09-12,C101493,Norte,2025-01-09,Belleza,Perfume,9.42,2,0.0,18.84,Directo
O509937,2025-09-12,C103298,Norte,2025-04-23,Moda,Gorra,39.58,2,0.0,79.16,Orgánico
O509171,2025-09-12,C102276,Este,2025-06-20,Belleza,Set de brochas,17.05,1,0.0,17.05,Orgánico
O503463,2025-09-12,C103231,Norte,2025-03-31,Moda,Gorra,31.66,2,0.2,63.32,Email
O510866,2025-09-12,C101346,Centro,2025-08-29,Electrónica,Cargador rápido,38.53,1,0.1,38.53,Redes sociales
O513525,2025-09-12,C101708,Centro,2025-08-30,Moda,Tenis running,28.91,2,0.0,57.82,Redes sociales
O506637,2025-09-12,C100727,Este,2025-07-28,Hogar,Set de sábanas,30.01,2,0.1,60.02,Orgánico
O505597,2025-09-12,C101246,Sur,2025-07-21,Hogar,Cortina blackout,24.96,1,0.15,24.96,Orgánico
O511304,2025-09-12,C102032,Centro,2025-04-29,Belleza,Perfume,9.42,2,0.0,18.84,Directo
O502449,2025-09-12,C103198,Este,2025-08-09,Electrónica,Power bank,64.67,2,0.1,129.34,Email
O513494,2025-09-12,C101294,Oeste,2025-03-26,Electrónica,Audífonos BT,73.05,1,0.0,73.05,Redes sociales
O512011,2025-09-12,C101060,Este,2025-07-11,Moda,Tenis running,28.91,2,0.0,57.82,Pauta pagada
O511619,2025-09-12,C100544,Centro,2025-06-07,Moda,Camiseta básica,33.41,1,0.1,33.41,Directo
O503147,2025-09-12,C101334,Norte,2025-08-21,Electrónica,Audífonos BT,65.74,1,0.1,65.74,Directo
O508657,2025-09-12,C101477,Norte,2025-07-28,Electrónica,Power bank,71.86,3,0.0,215.58,Pauta pagada
O504582,2025-09-12,C101228,Centro,2025-03-26,Hogar,Cortina blackout,29.37,1,0.0,29.37,Orgánico
O501827,2025-09-12,C102544,Este,2025-01-26,Deportes,Yoga mat,46.1,1,0.0,46.1,Orgánico
O512919,2025-09-12,C101691,Centro,2025-04-03,Belleza,Shampoo reparador,8.54,1,0.2,8.54,Email
O506663,2025-09-12,C102233,Centro,2025-04-27,Hogar,Difusor aromas,51.63,1,0.0,51.63,Pauta pagada
O510604,2025-09-12,C101974,Sur,2025-05-27,Deportes,Botella térmica,17.07,2,0.0,34.14,Orgánico
O502810,2025-09-12,C100117,Sur,2025-04-26,Belleza,Shampoo reparador,10.68,1,0.0,10.68,Redes sociales
O505018,2025-09-12,C101264,Sur,2025-04-01,Electrónica,Parlante portátil,28.84,1,0.1,28.84,Orgánico
O500965,2025-09-12,C101032,Norte,2025-05-24,Moda,Mochila urbana,19.25,3,0.0,57.75,Directo
O506160,2025-09-12,C103336,Sur,2025-06-15,Moda,Jeans slim,29.04,2,0.0,58.08,Pauta pagada
O501100,2025-09-12,C102570,Este,2025-07-17,Hogar,Lámpara LED,52.54,1,0.1,52.54,Directo
O511429,2025-09-12,C100716,Centro,2025-08-08,Moda,Tenis running,26.02,3,0.1,78.06,Directo
O511466,2025-09-12,C102976,Centro,2025-07-31,Deportes,Banda resistencia,35.09,1,0.0,35.09,Redes sociales
O507685,2025-09-13,C100659,Centro,2025-02-03,Belleza,Perfume,9.42,3,0.0,28.26,Pauta pagada
O502830,2025-09-13,C101629,Centro,2025-02-06,Hogar,Difusor aromas,51.63,1,0.0,51.63,Redes sociales
O513492,2025-09-13,C103064,Norte,2025-05-28,Electrónica,Audífonos BT,73.05,1,0.0,73.05,Pauta pagada
O502542,2025-09-13,C100783,Norte,2025-04-25,Electrónica,Power bank,64.67,1,0.1,64.67,Orgánico
O511531,2025-09-13,C101211,Norte,2025-04-25,Electrónica,Audífonos BT,73.05,1,0.0,73.05,Pauta pagada
O505595,2025-09-13,C101431,Norte,2025-01-05,Moda,Tenis running,28.91,2,0.0,57.82,Email
O501437,2025-09-13,C102544,Este,2025-01-26,Deportes,Botella térmica,17.07,3,0.0,51.21,Directo
O515775,2025-09-13,C101261,Centro,2025-03-25,Belleza,Serum facial,22.15,1,0.0,22.15,Orgánico
O514323,2025-09-13,C100669,Este,2025-08-21,Deportes,Yoga mat,46.1,1,0.0,46.1,Redes sociales
O509147,2025-09-13,C102367,Este,2025-01-20,Electrónica,Power bank,71.86,1,0.0,71.86,Directo
O512385,2025-09-13,C100000,Centro,2025-03-07,Hogar,Set de sábanas,33.34,1,0.0,33.34,Redes sociales
O503432,2025-09-13,C102641,Este,2025-07-27,Belleza,Set de brochas,17.05,1,0.0,17.05,Redes sociales
O513712,2025-09-13,C103470,Norte,2025-08-22,Moda,Tenis running,28.91,3,0.0,86.73,Pauta pagada
O505726,2025-09-13,C102838,Centro,2025-03-26,Belleza,Serum facial,22.15,1,0.0,22.15,Pauta pagada
O513468,2025-09-13,C103474,Norte,2025-01-04,Deportes,Guantes gym,9.91,2,0.15,19.82,Email
O506473,2025-09-13,C103172,Centro,2025-08-08,Belleza,Set de brochas,17.05,1,0.0,17.05,Pauta pagada
O508637,2025-09-13,C100911,Oeste,2025-07-02,Moda,Camiseta básica,37.12,1,0.0,37.12,Redes sociales
O515625,2025-09-13,C100881,Centro,2025-09-02,Hogar,Difusor aromas,43.89,1,0.15,43.89,Redes sociales
O514186,2025-09-13,C101291,Norte,2025-03-30,Belleza,Set de brochas,17.05,1,0.0,17.05,Directo
O515651,2025-09-13,C101275,Norte,2025-01-18,Belleza,Set de brochas,17.05,1,0.0,17.05,Directo
O514863,2025-09-13,C101443,Norte,2025-05-25,Hogar,Set de sábanas,33.34,2,0.0,66.68,Orgánico
O505416,2025-09-13,C101597,Oeste,2025-07-17,Moda,Tenis running,28.91,2,0.0,57.82,Orgánico
O506610,2025-09-13,C101615,Oeste,2025-05-28,Electrónica,Power bank,61.08,2,0.15,122.16,Redes sociales
O508213,2025-09-13,C102270,Sur,2025-06-11,Moda,Camiseta básica,37.12,1,0.0,37.12,Orgánico
O503108,2025-09-13,C100986,Este,2025-01-02,Moda,Camiseta básica,37.12,3,0.0,111.36,Orgánico
O507302,2025-09-13,C102862,Norte,2025-01-22,Belleza,Perfume,8.48,2,0.1,16.96,Redes sociales
O508065,2025-09-13,C101451,Este,2025-03-07,Belleza,Shampoo reparador,9.08,1,0.15,9.08,Redes sociales
O512620,2025-09-13,C100447,Este,2025-08-04,Moda,Gorra,39.58,1,0.0,39.58,Redes sociales
O511796,2025-09-13,C102908,Oeste,2025-09-01,Hogar,Difusor aromas,46.47,1,0.1,46.47,Email
O504189,2025-09-13,C103404,Centro,2025-09-02,Hogar,Difusor aromas,51.63,1,0.0,51.63,Email
O501219,2025-09-14,C102405,Norte,2025-07-26,Moda,Jeans slim,29.04,2,0.0,58.08,Orgánico
O509610,2025-09-14,C100059,Centro,2025-02-09,Belleza,Protector solar,10.84,2,0.0,21.68,Orgánico
O510626,2025-09-14,C103228,Oeste,2025-05-30,Deportes,Mancuernas ajustables,32.92,1,0.2,32.92,Redes sociales
O507179,2025-09-14,C103074,Oeste,2025-06-08,Electrónica,Parlante portátil,32.04,1,0.0,32.04,Orgánico
O512600,2025-09-14,C102140,Este,2025-06-15,Moda,Gorra,33.64,1,0.15,33.64,Redes sociales
O514121,2025-09-14,C102910,Centro,2025-02-13,Deportes,Mancuernas ajustables,37.03,1,0.1,37.03,Orgánico
O503159,2025-09-14,C102490,Norte,2025-03-09,Deportes,Mancuernas ajustables,41.15,2,0.0,82.3,Orgánico
O509811,2025-09-14,C100674,Sur,2025-04-01,Belleza,Serum facial,22.15,1,0.0,22.15,Orgánico
O506210,2025-09-14,C102213,Norte,2025-08-02,Deportes,Yoga mat,46.1,2,0.0,92.2,Orgánico
O512266,2025-09-14,C100705,Norte,2025-08-12,Hogar,Lámpara LED,58.38,2,0.0,116.76,Orgánico
O513783,2025-09-14,C103316,Oeste,2025-06-04,Hogar,Lámpara LED,58.38,1,0.0,58.38,Orgánico
O510921,2025-09-14,C102487,Oeste,2025-03-10,Deportes,Guantes gym,11.66,3,0.0,34.98,Redes sociales
O503042,2025-09-14,C100771,Centro,2025-01-27,Hogar,Difusor aromas,51.63,1,0.0,51.63,Pauta pagada
O515557,2025-09-14,C102528,Sur,2025-05-22,Electrónica,Smartwatch,88.17,1,0.0,88.17,Redes sociales
O514565,2025-09-14,C101861,Sur,2025-09-04,Moda,Camiseta básica,37.12,2,0.0,74.24,Pauta pagada
O508680,2025-09-14,C101276,Oeste,2025-04-27,Deportes,Botella térmica,17.07,1,0.0,17.07,Pauta pagada
O500769,2025-09-14,C100337,Centro,2025-02-06,Electrónica,Smartwatch,88.17,1,0.0,88.17,Email
O503884,2025-09-14,C101172,Oeste,2025-08-03,Moda,Jeans slim,29.04,2,0.0,58.08,Orgánico
O501318,2025-09-14,C102971,Norte,2025-04-03,Moda,Gorra,39.58,2,0.0,79.16,Redes sociales
O501538,2025-09-14,C100325,Norte,2025-05-17,Moda,Tenis running,28.91,1,0.0,28.91,Directo
O510200,2025-09-14,C101228,Centro,2025-03-26,Hogar,Set de sábanas,33.34,1,0.0,33.34,Redes sociales
O504829,2025-09-14,C101494,Este,2025-03-18,Deportes,Guantes gym,11.66,1,0.0,11.66,Redes sociales
O507778,2025-09-14,C100595,Este,2025-01-02,Moda,Camiseta básica,37.12,3,0.0,111.36,Pauta pagada
O503301,2025-09-14,C102617,Centro,2025-02-27,Hogar,Cortina blackout,24.96,2,0.15,49.92,Pauta pagada
O515356,2025-09-14,C101201,Sur,2025-01-15,Deportes,Yoga mat,46.1,2,0.0,92.2,Orgánico
O503559,2025-09-14,C103490,Centro,2025-03-24,Deportes,Guantes gym,11.66,1,0.0,11.66,Orgánico
O508407,2025-09-14,C100434,Centro,2025-03-03,Electrónica,Power bank,71.86,2,0.0,143.72,Directo
O500779,2025-09-14,C101538,Norte,2025-06-22,Belleza,Shampoo reparador,10.68,2,0.0,21.36,Pauta pagada
O503735,2025-09-14,C101834,Centro,2025-02-17,Belleza,Protector solar,9.21,1,0.15,9.21,Directo
O509933,2025-09-14,C100920,Oeste,2025-08-18,Hogar,Organizador closet,16.5,2,0.0,33.0,Redes sociales
O504447,2025-09-14,C100376,Centro,2025-05-04,Hogar,Difusor aromas,51.63,3,0.0,154.89,Redes sociales
O502649,2025-09-14,C100325,Norte,2025-05-17,Deportes,Mancuernas ajustables,34.98,1,0.15,34.98,Orgánico
O509951,2025-09-14,C102991,Sur,2025-03-17,Moda,Gorra,39.58,2,0.0,79.16,Pauta pagada
O504080,2025-09-14,C101861,Sur,2025-09-04,Moda,Tenis running,24.57,2,0.15,49.14,Directo
O502314,2025-09-14,C101445,Norte,2025-09-07,Deportes,Botella térmica,14.51,2,0.15,29.02,Pauta pagada
O510881,2025-09-14,C101832,Oeste,2025-04-29,Belleza,Perfume,9.42,1,0.0,9.42,Email
O508497,2025-09-15,C102254,Centro,2025-01-19,Electrónica,Power bank,71.86,2,0.0,143.72,Redes sociales
O504887,2025-09-15,C102368,Este,2025-08-28,Deportes,Mancuernas ajustables,41.15,2,0.0,82.3,Orgánico
O504520,2025-09-15,C100823,Sur,2025-07-11,Moda,Camiseta básica,37.12,2,0.0,74.24,Pauta pagada
O508538,2025-09-15,C103400,Centro,2025-02-13,Moda,Jeans slim,24.68,1,0.15,24.68,Directo
O504902,2025-09-15,C101596,Este,2025-05-27,Hogar,Difusor aromas,51.63,1,0.0,51.63,Redes sociales
O508985,2025-09-15,C100579,Oeste,2025-01-11,Deportes,Guantes gym,11.66,2,0.0,23.32,Pauta pagada
O504624,2025-09-15,C103217,Sur,2025-04-05,Electrónica,Power bank,61.08,1,0.15,61.08,Orgánico
O507686,2025-09-15,C101949,Centro,2025-03-03,Belleza,Perfume,9.42,3,0.0,28.26,Redes sociales
O504477,2025-09-15,C102788,Norte,2025-04-14,Belleza,Protector solar,9.21,1,0.15,9.21,Pauta pagada
O504576,2025-09-15,C101769,Norte,2025-06-18,Deportes,Banda resistencia,35.09,1,0.0,35.09,Orgánico
O508917,2025-09-15,C101883,Centro,2025-05-26,Moda,Camiseta básica,37.12,1,0.0,37.12,Orgánico
O509697,2025-09-15,C103287,Norte,2025-02-18,Hogar,Difusor aromas,51.63,2,0.0,103.26,Redes sociales
O504459,2025-09-15,C100045,Este,2025-07-10,Belleza,Set de brochas,17.05,1,0.0,17.05,Directo
O507564,2025-09-15,C102489,Centro,2025-05-06,Moda,Gorra,39.58,1,0.0,39.58,Email
O514158,2025-09-15,C103258,Este,2025-01-22,Belleza,Perfume,9.42,1,0.0,9.42,Directo
O515037,2025-09-15,C101010,Sur,2025-04-08,Hogar,Cortina blackout,29.37,2,0.0,58.74,Orgánico
O514210,2025-09-15,C100752,Sur,2025-07-23,Hogar,Cortina blackout,29.37,3,0.0,88.11,Orgánico
O503142,2025-09-15,C101357,Este,2025-08-05,Electrónica,Parlante portátil,32.04,3,0.0,96.12,Orgánico
O505866,2025-09-15,C102512,Norte,2025-05-14,Moda,Tenis running,28.91,1,0.0,28.91,Orgánico
O510817,2025-09-15,C101819,Centro,2025-06-03,Electrónica,Smartwatch,88.17,1,0.0,88.17,Pauta pagada
O501965,2025-09-15,C100944,Centro,2025-07-11,Moda,Gorra,39.58,2,0.0,79.16,Redes sociales
O513654,2025-09-15,C102257,Este,2025-08-15,Deportes,Botella térmica,17.07,3,0.0,51.21,Pauta pagada
O510098,2025-09-15,C100851,Centro,2025-06-21,Electrónica,Audífonos BT,58.44,2,0.2,116.88,Email
O513713,2025-09-15,C101474,Sur,2025-07-14,Moda,Tenis running,23.13,2,0.2,46.26,Orgánico
O510407,2025-09-16,C101516,Oeste,2025-07-04,Electrónica,Parlante portátil,28.84,1,0.1,28.84,Directo
O511470,2025-09-16,C101272,Centro,2025-03-11,Electrónica,Parlante portátil,32.04,1,0.0,32.04,Redes sociales
O513950,2025-09-16,C103360,Oeste,2025-07-24,Hogar,Lámpara LED,46.7,1,0.2,46.7,Orgánico
O505390,2025-09-16,C101140,Centro,2025-04-22,Deportes,Yoga mat,46.1,2,0.0,92.2,Directo
O507291,2025-09-16,C101904,Centro,2025-09-15,Electrónica,Cargador rápido,42.81,1,0.0,42.81,Orgánico
O515629,2025-09-16,C101191,Este,2025-07-07,Belleza,Shampoo reparador,10.68,3,0.0,32.04,Orgánico
O503051,2025-09-16,C101276,Oeste,2025-04-27,Belleza,Perfume,9.42,1,0.0,9.42,Pauta pagada
O506096,2025-09-16,C102583,Norte,2025-07-19,Moda,Tenis running,28.91,1,0.0,28.91,Redes sociales
O511230,2025-09-16,C101154,Sur,2025-03-06,Electrónica,Audífonos BT,58.44,2,0.2,116.88,Pauta pagada
O510246,2025-09-16,C101304,Este,2025-06-17,Hogar,Cortina blackout,29.37,1,0.0,29.37,Directo
O510840,2025-09-16,C100258,Centro,2025-04-09,Deportes,Botella térmica,17.07,3,0.0,51.21,Orgánico
O502808,2025-09-16,C103387,Norte,2025-07-02,Moda,Tenis running,28.91,2,0.0,57.82,Directo
O507802,2025-09-16,C103280,Norte,2025-05-19,Deportes,Guantes gym,10.49,2,0.1,20.98,Pauta pagada
O503920,2025-09-16,C101343,Sur,2025-01-07,Belleza,Perfume,9.42,2,0.0,18.84,Email
O500207,2025-09-16,C102061,Sur,2025-01-25,Electrónica,Smartwatch,88.17,2,0.0,176.34,Orgánico
O502456,2025-09-16,C102793,Centro,2025-07-13,Belleza,Set de brochas,17.05,3,0.0,51.15,Orgánico
O508627,2025-09-16,C102214,Norte,2025-06-19,Deportes,Botella térmica,14.51,2,0.15,29.02,Directo
O505647,2025-09-16,C101300,Norte,2025-04-13,Belleza,Serum facial,22.15,1,0.0,22.15,Redes sociales
O505695,2025-09-16,C100937,Oeste,2025-08-07,Deportes,Guantes gym,11.66,1,0.0,11.66,Directo
O511884,2025-09-16,C102530,Oeste,2025-04-24,Moda,Mochila urbana,19.25,2,0.0,38.5,Pauta pagada
O506271,2025-09-16,C100466,Norte,2025-07-08,Belleza,Shampoo reparador,8.54,2,0.2,17.08,Orgánico
O509870,2025-09-16,C103252,Norte,2025-04-24,Belleza,Set de brochas,17.05,3,0.0,51.15,Orgánico
O511886,2025-09-16,C101809,Norte,2025-05-28,Hogar,Cortina blackout,29.37,1,0.0,29.37,Redes sociales
O511999,2025-09-16,C100933,Norte,2025-06-13,Electrónica,Cargador rápido,42.81,2,0.0,85.62,Directo
O507182,2025-09-16,C100305,Centro,2025-07-04,Hogar,Set de sábanas,26.67,2,0.2,53.34,Directo
O513660,2025-09-16,C101266,Norte,2025-06-26,Moda,Mochila urbana,19.25,3,0.0,57.75,Directo
O511819,2025-09-16,C100538,Este,2025-07-18,Electrónica,Smartwatch,88.17,1,0.0,88.17,Redes sociales
O507092,2025-09-17,C102852,Sur,2025-01-06,Deportes,Yoga mat,46.1,1,0.0,46.1,Pauta pagada
O500615,2025-09-17,C100348,Norte,2025-08-18,Moda,Jeans slim,29.04,1,0.0,29.04,Pauta pagada
O515126,2025-09-17,C101712,Este,2025-02-22,Belleza,Set de brochas,15.34,2,0.1,30.68,Orgánico
O514030,2025-09-17,C100243,Norte,2025-08-09,Hogar,Lámpara LED,58.38,2,0.0,116.76,Directo
O510923,2025-09-17,C102029,Sur,2025-09-03,Hogar,Set de sábanas,26.67,1,0.2,26.67,Redes sociales
O514947,2025-09-17,C101966,Oeste,2025-06-14,Moda,Jeans slim,29.04,2,0.0,58.08,Redes sociales
O504001,2025-09-17,C102943,Este,2025-03-12,Electrónica,Parlante portátil,32.04,1,0.0,32.04,Redes sociales
O503459,2025-09-17,C102681,Centro,2025-09-03,Belleza,Protector solar,9.21,1,0.15,9.21,Pauta pagada
O506741,2025-09-17,C101034,Oeste,2025-05-20,Belleza,Perfume,7.54,1,0.2,7.54,Redes sociales
O513938,2025-09-17,C103292,Centro,2025-02-01,Electrónica,Cargador rápido,42.81,1,0.0,42.81,Redes sociales
O507877,2025-09-17,C102805,Centro,2025-06-24,Belleza,Set de brochas,17.05,2,0.0,34.1,Directo
O509417,2025-09-17,C100321,Norte,2025-06-01,Moda,Mochila urbana,19.25,3,0.0,57.75,Orgánico
O512485,2025-09-17,C100125,Centro,2025-02-04,Hogar,Organizador closet,16.5,2,0.0,33.0,Redes sociales
O506305,2025-09-17,C102175,Centro,2025-07-24,Hogar,Cortina blackout,29.37,1,0.0,29.37,Redes sociales
O508096,2025-09-17,C103389,Sur,2025-08-15,Electrónica,Smartwatch,88.17,3,0.0,264.51,Pauta pagada
O511689,2025-09-17,C103070,Centro,2025-02-01,Moda,Camiseta básica,37.12,1,0.0,37.12,Redes sociales
O503366,2025-09-17,C100196,Este,2025-04-25,Electrónica,Parlante portátil,32.04,2,0.0,64.08,Redes sociales
O515984,2025-09-17,C103124,Oeste,2025-09-03,Moda,Mochila urbana,17.32,1,0.1,17.32,Email
O505615,2025-09-17,C102346,Norte,2025-07-02,Belleza,Set de brochas,17.05,2,0.0,34.1,Redes sociales
O507052,2025-09-17,C102191,Sur,2025-01-01,Electrónica,Audífonos BT,73.05,2,0.0,146.1,Redes sociales
O511602,2025-09-17,C101259,Centro,2025-09-07,Hogar,Organizador closet,16.5,1,0.0,16.5,Email
O514608,2025-09-17,C103388,Centro,2025-01-31,Hogar,Difusor aromas,41.3,1,0.2,41.3,Orgánico
O512127,2025-09-17,C102840,Norte,2025-05-06,Electrónica,Cargador rápido,42.81,2,0.0,85.62,Directo
O503018,2025-09-18,C101664,Sur,2025-04-30,Belleza,Serum facial,22.15,1,0.0,22.15,Orgánico
O505914,2025-09-18,C100492,Este,2025-08-20,Belleza,Set de brochas,17.05,3,0.0,51.15,Orgánico
O506911,2025-09-18,C103157,Norte,2025-08-21,Deportes,Yoga mat,41.49,2,0.1,82.98,Pauta pagada
O514754,2025-09-18,C103346,Oeste,2025-05-04,Deportes,Banda resistencia,35.09,1,0.0,35.09,Pauta pagada
O509013,2025-09-18,C102774,Este,2025-05-17,Electrónica,Audífonos BT,73.05,1,0.0,73.05,Redes sociales
O500608,2025-09-18,C100659,Centro,2025-02-03,Belleza,Serum facial,22.15,3,0.0,66.45,Redes sociales
O512668,2025-09-18,C100752,Sur,2025-07-23,Electrónica,Power bank,71.86,3,0.0,215.58,Orgánico
O508900,2025-09-18,C101635,Centro,2025-03-07,Moda,Mochila urbana,19.25,2,0.0,38.5,Directo
O508606,2025-09-18,C101924,Sur,2025-03-27,Electrónica,Cargador rápido,42.81,2,0.0,85.62,Orgánico
O502114,2025-09-18,C101886,Sur,2025-07-18,Belleza,Perfume,9.42,1,0.0,9.42,Directo
O511705,2025-09-18,C102331,Norte,2025-06-18,Belleza,Set de brochas,17.05,1,0.0,17.05,Email
O512049,2025-09-18,C100759,Este,2025-07-09,Belleza,Perfume,9.42,2,0.0,18.84,Redes sociales
O508222,2025-09-18,C101680,Centro,2025-02-02,Hogar,Difusor aromas,51.63,2,0.0,103.26,Redes sociales
O511416,2025-09-18,C102762,Oeste,2025-01-17,Deportes,Yoga mat,41.49,3,0.1,124.47,Redes sociales
O516097,2025-09-18,C101631,Este,2025-04-07,Belleza,Protector solar,10.84,1,0.0,10.84,Email
O513042,2025-09-18,C101937,Oeste,2025-04-05,Deportes,Mancuernas ajustables,37.03,1,0.1,37.03,Email
O505011,2025-09-18,C101986,Norte,2025-04-02,Moda,Gorra,39.58,1,0.0,39.58,Pauta pagada
O505085,2025-09-18,C101331,Norte,2025-03-20,Belleza,Protector solar,9.76,1,0.1,9.76,Pauta pagada
O513131,2025-09-18,C102099,Norte,2025-07-04,Electrónica,Cargador rápido,42.81,1,0.0,42.81,Orgánico
O510567,2025-09-18,C102841,Sur,2025-05-24,Deportes,Yoga mat,41.49,2,0.1,82.98,Pauta pagada
O501726,2025-09-18,C103173,Norte,2025-05-20,Moda,Camiseta básica,37.12,3,0.0,111.36,Orgánico
O513413,2025-09-18,C100547,Centro,2025-06-17,Moda,Tenis running,28.91,1,0.0,28.91,Redes sociales
O505691,2025-09-18,C102061,Sur,2025-01-25,Electrónica,Power bank,57.49,1,0.2,57.49,Redes sociales
O504655,2025-09-18,C103199,Centro,2025-06-30,Moda,Tenis running,28.91,1,0.0,28.91,Directo
O508772,2025-09-19,C101565,Sur,2025-02-10,Deportes,Mancuernas ajustables,34.98,2,0.15,69.96,Pauta pagada
O512676,2025-09-19,C100289,Centro,2025-01-08,Electrónica,Cargador rápido,42.81,2,0.0,85.62,Directo
O506495,2025-09-19,C101762,Norte,2025-02-25,Electrónica,Audífonos BT,73.05,1,0.0,73.05,Directo
O512264,2025-09-19,C100648,Oeste,2025-01-26,Hogar,Organizador closet,16.5,2,0.0,33.0,Email
O507104,2025-09-19,C100736,Centro,2025-08-14,Electrónica,Parlante portátil,32.04,2,0.0,64.08,Orgánico
O514689,2025-09-19,C100945,Sur,2025-08-20,Deportes,Banda resistencia,35.09,1,0.0,35.09,Orgánico
O504204,2025-09-19,C100167,Oeste,2025-02-14,Deportes,Guantes gym,11.66,2,0.0,23.32,Orgánico
O501317,2025-09-19,C100355,Sur,2025-07-15,Moda,Gorra,39.58,2,0.0,79.16,Directo
O506159,2025-09-19,C101370,Oeste,2025-04-07,Electrónica,Parlante portátil,32.04,1,0.0,32.04,Redes sociales
O509364,2025-09-19,C101325,Centro,2025-04-27,Hogar,Difusor aromas,41.3,3,0.2,123.9,Redes sociales
O515395,2025-09-19,C102065,Norte,2025-01-01,Moda,Gorra,39.58,2,0.0,79.16,Pauta pagada
O501931,2025-09-19,C102739,Sur,2025-06-06,Hogar,Organizador closet,16.5,1,0.0,16.5,Pauta pagada
O506818,2025-09-19,C100894,Centro,2025-05-01,Moda,Jeans slim,29.04,1,0.0,29.04,Directo
O508431,2025-09-19,C103341,Sur,2025-04-18,Electrónica,Audífonos BT,65.74,3,0.1,197.22,Orgánico
O516163,2025-09-19,C101716,Sur,2025-05-16,Moda,Mochila urbana,19.25,1,0.0,19.25,Redes sociales
O511258,2025-09-19,C100855,Norte,2025-03-08,Moda,Mochila urbana,19.25,1,0.0,19.25,Pauta pagada
O504543,2025-09-19,C101670,Este,2025-05-24,Deportes,Yoga mat,41.49,2,0.1,82.98,Orgánico
O507256,2025-09-19,C100356,Oeste,2025-04-28,Hogar,Organizador closet,16.5,2,0.0,33.0,Redes sociales
O512218,2025-09-19,C103335,Este,2025-03-21,Deportes,Banda resistencia,29.83,1,0.15,29.83,Redes sociales
O515777,2025-09-19,C102365,Centro,2025-09-02,Moda,Camiseta básica,29.7,3,0.2,89.1,Redes sociales
O508729,2025-09-19,C101039,Este,2025-08-15,Moda,Mochila urbana,19.25,1,0.0,19.25,Orgánico
O512871,2025-09-19,C100792,Norte,2025-06-01,Deportes,Banda resistencia,35.09,1,0.0,35.09,Redes sociales
O503348,2025-09-19,C101943,Oeste,2025-03-21,Hogar,Cortina blackout,26.43,1,0.1,26.43,Directo
O508712,2025-09-19,C102089,Sur,2025-02-03,Moda,Gorra,35.62,1,0.1,35.62,Orgánico
O501867,2025-09-19,C101299,Oeste,2025-01-02,Moda,Tenis running,28.91,3,0.0,86.73,Directo
O507362,2025-09-19,C103139,Norte,2025-09-05,Belleza,Set de brochas,17.05,1,0.0,17.05,Orgánico
O508073,2025-09-19,C102029,Sur,2025-09-03,Belleza,Shampoo reparador,10.68,3,0.0,32.04,Pauta pagada
O507578,2025-09-19,C100188,Norte,2025-01-30,Deportes,Mancuernas ajustables,34.98,1,0.15,34.98,Pauta pagada
O504691,2025-09-19,C101367,Centro,2025-07-05,Moda,Tenis running,28.91,3,0.0,86.73,Directo
O509068,2025-09-19,C100223,Norte,2025-06-20,Moda,Gorra,39.58,1,0.0,39.58,Orgánico
O503656,2025-09-19,C101618,Oeste,2025-01-12,Hogar,Lámpara LED,58.38,1,0.0,58.38,Directo
O501922,2025-09-19,C103424,Norte,2025-08-24,Moda,Jeans slim,29.04,2,0.0,58.08,Pauta pagada
O503082,2025-09-19,C103381,Oeste,2025-07-19,Moda,Mochila urbana,16.36,1,0.15,16.36,Email
O509733,2025-09-20,C101759,Oeste,2025-08-19,Electrónica,Cargador rápido,36.39,2,0.15,72.78,Redes sociales
O513803,2025-09-20,C103203,Sur,2025-05-08,Deportes,Mancuernas ajustables,37.03,1,0.1,37.03,Pauta pagada
O508549,2025-09-20,C101959,Sur,2025-02-20,Electrónica,Power bank,64.67,1,0.1,64.67,Redes sociales
O515756,2025-09-20,C103467,Centro,2025-04-02,Electrónica,Parlante portátil,27.23,2,0.15,54.46,Redes sociales
O516240,2025-09-20,C100769,Sur,2025-02-12,Electrónica,Cargador rápido,42.81,1,0.0,42.81,Email
O511773,2025-09-20,C103395,Centro,2025-07-12,Electrónica,Power bank,71.86,2,0.0,143.72,Orgánico
O503324,2025-09-20,C102773,Sur,2025-03-14,Hogar,Lámpara LED,58.38,2,0.0,116.76,Redes sociales
O515046,2025-09-20,C100139,Este,2025-02-25,Deportes,Guantes gym,11.66,2,0.0,23.32,Pauta pagada
O501448,2025-09-20,C103144,Este,2025-05-03,Deportes,Banda resistencia,31.58,1,0.1,31.58,Orgánico
O505720,2025-09-20,C102793,Centro,2025-07-13,Electrónica,Smartwatch,88.17,1,0.0,88.17,Redes sociales
O502364,2025-09-20,C101505,Sur,2025-04-27,Deportes,Botella térmica,17.07,1,0.0,17.07,Orgánico
O502082,2025-09-20,C102122,Este,2025-01-23,Hogar,Set de sábanas,33.34,1,0.0,33.34,Directo
O516141,2025-09-20,C101578,Norte,2025-08-13,Moda,Tenis running,28.91,1,0.0,28.91,Pauta pagada
O502215,2025-09-20,C101137,Centro,2025-04-29,Hogar,Organizador closet,16.5,1,0.0,16.5,Email
O516300,2025-09-20,C102724,Sur,2025-01-07,Electrónica,Parlante portátil,32.04,1,0.0,32.04,Redes sociales
O508301,2025-09-20,C102719,Norte,2025-08-21,Electrónica,Cargador rápido,42.81,1,0.0,42.81,Orgánico
O509301,2025-09-20,C101787,Centro,2025-01-15,Electrónica,Power bank,61.08,2,0.15,122.16,Redes sociales
O514775,2025-09-20,C101335,Sur,2025-04-26,Deportes,Guantes gym,11.66,1,0.0,11.66,Redes sociales
O507277,2025-09-20,C100928,Oeste,2025-04-05,Belleza,Set de brochas,14.49,2,0.15,28.98,Email
O510990,2025-09-20,C103329,Norte,2025-01-29,Belleza,Set de brochas,17.05,2,0.0,34.1,Directo
O504740,2025-09-20,C101162,Norte,2025-04-02,Hogar,Cortina blackout,29.37,1,0.0,29.37,Pauta pagada
O512948,2025-09-20,C101253,Oeste,2025-04-28,Belleza,Serum facial,18.83,2,0.15,37.66,Orgánico
O506746,2025-09-20,C100284,Norte,2025-07-30,Deportes,Yoga mat,46.1,1,0.0,46.1,Directo
O513179,2025-09-20,C100618,Centro,2025-06-12,Deportes,Guantes gym,11.66,1,0.0,11.66,Orgánico
O501725,2025-09-20,C101930,Norte,2025-09-13,Moda,Mochila urbana,19.25,1,0.0,19.25,Redes sociales
O504200,2025-09-20,C103138,Centro,2025-04-16,Electrónica,Audífonos BT,73.05,1,0.0,73.05,Pauta pagada
O510702,2025-09-20,C100661,Centro,2025-03-08,Belleza,Protector solar,10.84,3,0.0,32.52,Email
O513330,2025-09-20,C100251,Sur,2025-08-26,Deportes,Guantes gym,11.66,3,0.0,34.98,Directo
O510645,2025-09-20,C103054,Sur,2025-02-13,Hogar,Organizador closet,16.5,2,0.0,33.0,Orgánico
O513347,2025-09-20,C100537,Este,2025-09-08,Belleza,Perfume,9.42,1,0.0,9.42,Pauta pagada
O506780,2025-09-20,C101394,Norte,2025-02-18,Hogar,Lámpara LED,58.38,3,0.0,175.14,Redes sociales
O502014,2025-09-20,C100120,Centro,2025-05-03,Moda,Tenis running,23.13,1,0.2,23.13,Orgánico
O513123,2025-09-20,C102086,Norte,2025-06-15,Belleza,Serum facial,22.15,2,0.0,44.3,Pauta pagada
O507051,2025-09-20,C101001,Sur,2025-05-31,Electrónica,Cargador rápido,36.39,1,0.15,36.39,Directo
O513142,2025-09-20,C100323,Sur,2025-01-18,Moda,Tenis running,26.02,3,0.1,78.06,Pauta pagada
O504602,2025-09-21,C101823,Norte,2025-05-05,Moda,Camiseta básica,37.12,1,0.0,37.12,Orgánico
O501425,2025-09-21,C102687,Sur,2025-09-21,Moda,Tenis running,28.91,3,0.0,86.73,Orgánico
O513993,2025-09-21,C101657,Este,2025-02-28,Moda,Tenis running,28.91,1,0.0,28.91,Orgánico
O501717,2025-09-21,C100393,Centro,2025-06-25,Deportes,Mancuernas ajustables,32.92,1,0.2,32.92,Pauta pagada
O501901,2025-09-21,C102574,Norte,2025-08-14,Belleza,Serum facial,22.15,1,0.0,22.15,Orgánico
O515538,2025-09-21,C101386,Oeste,2025-03-02,Hogar,Difusor aromas,51.63,2,0.0,103.26,Orgánico
O508390,2025-09-21,C100677,Oeste,2025-04-20,Deportes,Guantes gym,11.66,1,0.0,11.66,Directo
O501504,2025-09-21,C102821,Este,2025-06-25,Electrónica,Power bank,64.67,1,0.1,64.67,Orgánico
O501612,2025-09-21,C103193,Sur,2025-03-22,Moda,Mochila urbana,15.4,3,0.2,46.2,Pauta pagada
O512310,2025-09-21,C103301,Norte,2025-07-10,Electrónica,Cargador rápido,42.81,1,0.0,42.81,Orgánico
O504508,2025-09-21,C100295,Este,2025-01-20,Deportes,Botella térmica,13.66,2,0.2,27.32,Orgánico
O505824,2025-09-21,C101674,Centro,2025-05-12,Electrónica,Audífonos BT,73.05,1,0.0,73.05,Directo
O512868,2025-09-21,C101526,Centro,2025-05-02,Deportes,Mancuernas ajustables,41.15,2,0.0,82.3,Orgánico
O514067,2025-09-21,C101686,Este,2025-05-16,Belleza,Protector solar,10.84,2,0.0,21.68,Redes sociales
O500002,2025-09-21,C101167,Centro,2025-06-10,Moda,Mochila urbana,16.36,3,0.15,49.08,Orgánico
O509701,2025-09-21,C102070,Centro,2025-02-06,Belleza,Shampoo reparador,10.68,2,0.0,21.36,Email
O505205,2025-09-21,C101701,Centro,2025-08-10,Hogar,Organizador closet,16.5,2,0.0,33.0,Pauta pagada
O503783,2025-09-21,C100583,Sur,2025-02-22,Belleza,Serum facial,22.15,1,0.0,22.15,Orgánico
O515193,2025-09-21,C102078,Centro,2025-01-10,Electrónica,Audífonos BT,73.05,2,0.0,146.1,Redes sociales
O500545,2025-09-21,C102600,Oeste,2025-03-13,Belleza,Set de brochas,17.05,2,0.0,34.1,Pauta pagada
O515967,2025-09-21,C103369,Este,2025-02-01,Moda,Camiseta básica,33.41,2,0.1,66.82,Orgánico
O500249,2025-09-21,C102007,Centro,2025-08-27,Belleza,Serum facial,19.93,3,0.1,59.79,Directo
O511723,2025-09-21,C102985,Este,2025-07-28,Hogar,Lámpara LED,58.38,1,0.0,58.38,Pauta pagada
O514560,2025-09-21,C100117,Sur,2025-04-26,Deportes,Yoga mat,46.1,1,0.0,46.1,Pauta pagada
O505345,2025-09-22,C102677,Norte,2025-04-28,Hogar,Organizador closet,16.5,3,0.0,49.5,Orgánico
O515587,2025-09-22,C100246,Norte,2025-02-13,Moda,Gorra,33.64,1,0.15,33.64,Redes sociales
O500924,2025-09-22,C101723,Centro,2025-05-05,Belleza,Protector solar,10.84,3,0.0,32.52,Directo
O510890,2025-09-22,C102148,Centro,2025-04-02,Moda,Tenis running,28.91,2,0.0,57.82,Redes sociales
O504913,2025-09-22,C103021,Sur,2025-05-31,Hogar,Difusor aromas,43.89,1,0.15,43.89,Orgánico
O516083,2025-09-22,C102792,Sur,2025-04-30,Hogar,Organizador closet,16.5,1,0.0,16.5,Directo
O500493,2025-09-22,C100496,Sur,2025-07-14,Hogar,Organizador closet,14.85,1,0.1,14.85,Directo
O501920,2025-09-22,C100811,Sur,2025-09-08,Electrónica,Smartwatch,88.17,1,0.0,88.17,Directo
O514241,2025-09-22,C103077,Sur,2025-03-18,Deportes,Botella térmica,17.07,1,0.0,17.07,Email
O508263,2025-09-22,C101588,Sur,2025-03-23,Moda,Camiseta básica,37.12,1,0.0,37.12,Orgánico
O508170,2025-09-22,C101781,Norte,2025-03-06,Deportes,Banda resistencia,35.09,2,0.0,70.18,Email
O515272,2025-09-22,C103299,Norte,2025-08-22,Belleza,Shampoo reparador,10.68,1,0.0,10.68,Email
O514887,2025-09-22,C102508,Este,2025-05-12,Deportes,Mancuernas ajustables,34.98,1,0.15,34.98,Directo
O512532,2025-09-22,C101821,Sur,2025-08-25,Belleza,Perfume,9.42,2,0.0,18.84,Directo
O504350,2025-09-22,C101657,Este,2025-02-28,Belleza,Shampoo reparador,10.68,3,0.0,32.04,Pauta pagada
O505858,2025-09-22,C102388,Centro,2025-02-25,Hogar,Cortina blackout,29.37,1,0.0,29.37,Redes sociales
O504473,2025-09-22,C102884,Centro,2025-09-17,Moda,Gorra,39.58,1,0.0,39.58,Directo
O505843,2025-09-22,C102468,Sur,2025-07-31,Belleza,Set de brochas,17.05,2,0.0,34.1,Directo
O501312,2025-09-22,C100191,Este,2025-04-20,Moda,Mochila urbana,19.25,1,0.0,19.25,Redes sociales
O513385,2025-09-22,C103440,Sur,2025-05-27,Hogar,Difusor aromas,51.63,2,0.0,103.26,Redes sociales
O503547,2025-09-22,C102917,Sur,2025-04-08,Electrónica,Power bank,71.86,3,0.0,215.58,Directo
O506847,2025-09-22,C101363,Sur,2025-09-10,Moda,Gorra,39.58,1,0.0,39.58,Orgánico
O506895,2025-09-22,C103388,Centro,2025-01-31,Hogar,Cortina blackout,23.5,2,0.2,47.0,Redes sociales
O503430,2025-09-22,C102205,Sur,2025-06-23,Electrónica,Smartwatch,74.94,1,0.15,74.94,Orgánico
O500891,2025-09-22,C101314,Sur,2025-07-23,Belleza,Serum facial,17.72,3,0.2,53.16,Redes sociales
O512529,2025-09-22,C100384,Este,2025-03-08,Belleza,Shampoo reparador,10.68,1,0.0,10.68,Pauta pagada
O502183,2025-09-22,C103426,Oeste,2025-05-14,Electrónica,Smartwatch,88.17,1,0.0,88.17,Orgánico
O507258,2025-09-22,C101606,Centro,2025-05-17,Belleza,Protector solar,10.84,2,0.0,21.68,Redes sociales
O507205,2025-09-22,C102363,Este,2025-08-07,Belleza,Perfume,8.01,1,0.15,8.01,Orgánico
O506345,2025-09-22,C102755,Sur,2025-05-16,Deportes,Yoga mat,46.1,2,0.0,92.2,Redes sociales
O507286,2025-09-23,C100580,Este,2025-03-31,Deportes,Mancuernas ajustables,41.15,1,0.0,41.15,Email
O501801,2025-09-23,C101274,Norte,2025-08-09,Electrónica,Audífonos BT,73.05,1,0.0,73.05,Email
O502984,2025-09-23,C100802,Centro,2025-07-03,Hogar,Difusor aromas,51.63,2,0.0,103.26,Orgánico
O501782,2025-09-23,C101136,Centro,2025-07-24,Electrónica,Parlante portátil,32.04,2,0.0,64.08,Email
O502443,2025-09-23,C100143,Oeste,2025-08-07,Hogar,Set de sábanas,33.34,1,0.0,33.34,Email
O513164,2025-09-23,C102124,Norte,2025-09-13,Hogar,Organizador closet,16.5,2,0.0,33.0,Directo
O502412,2025-09-23,C101865,Norte,2025-03-15,Belleza,Perfume,8.01,1,0.15,8.01,Email
O507958,2025-09-23,C103027,Norte,2025-03-31,Belleza,Serum facial,22.15,2,0.0,44.3,Orgánico
O505364,2025-09-23,C100607,Norte,2025-01-21,Hogar,Difusor aromas,51.63,3,0.0,154.89,Orgánico
O507881,2025-09-23,C102883,Norte,2025-01-30,Electrónica,Parlante portátil,27.23,2,0.15,54.46,Redes sociales
O516020,2025-09-23,C101756,Centro,2025-06-08,Hogar,Difusor aromas,51.63,1,0.0,51.63,Orgánico
O500792,2025-09-23,C102859,Centro,2025-03-28,Moda,Gorra,39.58,3,0.0,118.74,Directo
O503578,2025-09-23,C102172,Sur,2025-02-07,Deportes,Banda resistencia,35.09,1,0.0,35.09,Orgánico
O504571,2025-09-23,C102891,Oeste,2025-05-29,Electrónica,Cargador rápido,42.81,1,0.0,42.81,Orgánico
O506853,2025-09-23,C103406,Sur,2025-07-07,Deportes,Mancuernas ajustables,41.15,2,0.0,82.3,Orgánico
O505024,2025-09-23,C100467,Centro,2025-06-29,Hogar,Difusor aromas,51.63,2,0.0,103.26,Orgánico
O513757,2025-09-23,C100100,Norte,2025-07-14,Moda,Jeans slim,29.04,2,0.0,58.08,Redes sociales
O503446,2025-09-23,C101365,Centro,2025-03-05,Deportes,Banda resistencia,35.09,2,0.0,70.18,Orgánico
O509437,2025-09-23,C102582,Oeste,2025-04-20,Electrónica,Cargador rápido,42.81,1,0.0,42.81,Redes sociales
O508860,2025-09-23,C101535,Oeste,2025-03-30,Deportes,Botella térmica,15.36,2,0.1,30.72,Email
O511589,2025-09-23,C100677,Oeste,2025-04-20,Moda,Jeans slim,29.04,3,0.0,87.12,Directo
O504089,2025-09-23,C101212,Este,2025-01-18,Electrónica,Parlante portátil,32.04,3,0.0,96.12,Directo
O504216,2025-09-23,C103214,Sur,2025-05-12,Electrónica,Power bank,71.86,1,0.0,71.86,Orgánico
O505198,2025-09-23,C102734,Centro,2025-09-20,Deportes,Botella térmica,15.36,2,0.1,30.72,Orgánico
O511163,2025-09-23,C100932,Centro,2025-09-10,Hogar,Organizador closet,16.5,1,0.0,16.5,Orgánico
O501184,2025-09-23,C101933,Centro,2025-08-24,Moda,Gorra,39.58,1,0.0,39.58,Redes sociales
O514034,2025-09-24,C101365,Centro,2025-03-05,Hogar,Organizador closet,16.5,1,0.0,16.5,Orgánico
O512323,2025-09-24,C100915,Centro,2025-02-08,Hogar,Set de sábanas,33.34,1,0.0,33.34,Directo
O500183,2025-09-24,C101553,Centro,2025-04-05,Belleza,Protector solar,10.84,2,0.0,21.68,Orgánico
O510199,2025-09-24,C101616,Norte,2025-02-10,Belleza,Serum facial,18.83,1,0.15,18.83,Orgánico
O512120,2025-09-24,C103174,Centro,2025-08-11,Hogar,Set de sábanas,33.34,1,0.0,33.34,Directo
O507970,2025-09-24,C100776,Este,2025-01-29,Electrónica,Smartwatch,88.17,1,0.0,88.17,Orgánico
O504752,2025-09-24,C102164,Centro,2025-05-16,Electrónica,Audífonos BT,73.05,3,0.0,219.15,Orgánico
O507449,2025-09-24,C101075,Norte,2025-03-10,Deportes,Guantes gym,11.66,3,0.0,34.98,Redes sociales
O502678,2025-09-24,C100906,Norte,2025-02-13,Hogar,Cortina blackout,29.37,1,0.0,29.37,Directo
O511624,2025-09-24,C101599,Oeste,2025-03-02,Hogar,Organizador closet,14.85,1,0.1,14.85,Redes sociales
O503649,2025-09-24,C102542,Norte,2025-09-21,Hogar,Difusor aromas,51.63,1,0.0,51.63,Orgánico
O502419,2025-09-24,C100603,Sur,2025-03-29,Moda,Tenis running,28.91,1,0.0,28.91,Orgánico
O502107,2025-09-24,C100060,Norte,2025-09-01,Electrónica,Audífonos BT,73.05,1,0.0,73.05,Orgánico
O506480,2025-09-24,C100387,Este,2025-04-19,Moda,Mochila urbana,16.36,3,0.15,49.08,Orgánico
O505818,2025-09-24,C102052,Centro,2025-07-28,Moda,Mochila urbana,16.36,3,0.15,49.08,Pauta pagada
O501849,2025-09-24,C102514,Oeste,2025-03-16,Electrónica,Audífonos BT,73.05,1,0.0,73.05,Orgánico
O507796,2025-09-24,C103057,Centro,2025-02-19,Deportes,Yoga mat,46.1,1,0.0,46.1,Pauta pagada
O516284,2025-09-24,C102535,Sur,2025-02-12,Belleza,Protector solar,10.84,3,0.0,32.52,Orgánico
O510932,2025-09-24,C100531,Oeste,2025-08-21,Electrónica,Audífonos BT,58.44,2,0.2,116.88,Redes sociales
O509846,2025-09-24,C102695,Sur,2025-02-09,Deportes,Botella térmica,17.07,2,0.0,34.14,Pauta pagada
O511821,2025-09-24,C102866,Sur,2025-08-18,Moda,Camiseta básica,37.12,1,0.0,37.12,Directo
O504246,2025-09-24,C101568,Sur,2025-02-19,Hogar,Difusor aromas,51.63,2,0.0,103.26,Orgánico
O500036,2025-09-24,C101613,Norte,2025-05-16,Belleza,Serum facial,22.15,2,0.0,44.3,Redes sociales
O504694,2025-09-24,C101240,Oeste,2025-04-11,Hogar,Set de sábanas,33.34,1,0.0,33.34,Directo
O515195,2025-09-24,C102142,Este,2025-08-14,Belleza,Set de brochas,17.05,1,0.0,17.05,Orgánico
O500874,2025-09-24,C101675,Centro,2025-02-18,Electrónica,Cargador rápido,38.53,1,0.1,38.53,Pauta pagada
O515811,2025-09-25,C103067,Oeste,2025-05-26,Hogar,Set de sábanas,28.34,2,0.15,56.68,Email
O514989,2025-09-25,C102308,Este,2025-01-12,Electrónica,Power bank,71.86,1,0.0,71.86,Orgánico
O500334,2025-09-25,C100070,Centro,2025-04-28,Moda,Gorra,39.58,1,0.0,39.58,Orgánico
O512561,2025-09-25,C100690,Sur,2025-09-10,Hogar,Lámpara LED,58.38,3,0.0,175.14,Pauta pagada
O502635,2025-09-25,C102933,Este,2025-01-22,Deportes,Mancuernas ajustables,41.15,3,0.0,123.45,Email
O500784,2025-09-25,C100780,Centro,2025-06-27,Hogar,Cortina blackout,29.37,1,0.0,29.37,Orgánico
O504725,2025-09-25,C102469,Centro,2025-03-01,Hogar,Difusor aromas,51.63,1,0.0,51.63,Orgánico
O515812,2025-09-25,C103259,Centro,2025-05-08,Moda,Camiseta básica,37.12,1,0.0,37.12,Orgánico
O511928,2025-09-25,C102881,Este,2025-06-18,Belleza,Shampoo reparador,10.68,2,0.0,21.36,Pauta pagada
O504375,2025-09-25,C100082,Norte,2025-04-24,Deportes,Banda resistencia,29.83,1,0.15,29.83,Pauta pagada
O501388,2025-09-25,C100606,Sur,2025-03-31,Moda,Mochila urbana,19.25,2,0.0,38.5,Directo
O512464,2025-09-25,C103381,Oeste,2025-07-19,Moda,Gorra,39.58,1,0.0,39.58,Pauta pagada
O516019,2025-09-25,C101964,Sur,2025-02-12,Hogar,Difusor aromas,51.63,2,0.0,103.26,Pauta pagada
O500945,2025-09-25,C102378,Este,2025-08-14,Moda,Camiseta básica,33.41,3,0.1,100.23,Email
O513001,2025-09-25,C102659,Este,2025-05-07,Deportes,Mancuernas ajustables,37.03,1,0.1,37.03,Directo
O510897,2025-09-25,C101253,Oeste,2025-04-28,Electrónica,Smartwatch,88.17,1,0.0,88.17,Directo
O510914,2025-09-25,C101384,Norte,2025-06-01,Moda,Tenis running,28.91,2,0.0,57.82,Email
O512331,2025-09-25,C102696,Centro,2025-08-03,Deportes,Banda resistencia,29.83,1,0.15,29.83,Orgánico
O500071,2025-09-25,C101527,Este,2025-03-01,Hogar,Lámpara LED,58.38,3,0.0,175.14,Pauta pagada
O503743,2025-09-25,C102847,Sur,2025-04-25,Deportes,Botella térmica,17.07,2,0.0,34.14,Redes sociales
O515321,2025-09-25,C103063,Oeste,2025-03-24,Hogar,Cortina blackout,29.37,1,0.0,29.37,Redes sociales
O514867,2025-09-25,C102937,Este,2025-05-28,Electrónica,Audífonos BT,65.74,1,0.1,65.74,Orgánico
O516287,2025-09-25,C100729,Norte,2025-07-26,Belleza,Perfume,9.42,3,0.0,28.26,Orgánico
O506046,2025-09-25,C100164,Centro,2025-01-07,Belleza,Serum facial,22.15,3,0.0,66.45,Pauta pagada
O509240,2025-09-25,C101907,Centro,2025-08-19,Belleza,Protector solar,10.84,1,0.0,10.84,Pauta pagada
O515369,2025-09-25,C102015,Norte,2025-02-04,Electrónica,Audífonos BT,73.05,1,0.0,73.05,Orgánico
O509863,2025-09-26,C100706,Centro,2025-05-27,Belleza,Set de brochas,17.05,1,0.0,17.05,Redes sociales
O500084,2025-09-26,C103466,Norte,2025-05-08,Hogar,Organizador closet,16.5,2,0.0,33.0,Pauta pagada
O505888,2025-09-26,C102698,Sur,2025-07-13,Electrónica,Smartwatch,88.17,2,0.0,176.34,Redes sociales
O515295,2025-09-26,C101598,Este,2025-07-10,Hogar,Difusor aromas,51.63,1,0.0,51.63,Orgánico
O513440,2025-09-26,C101809,Norte,2025-05-28,Belleza,Set de brochas,17.05,3,0.0,51.15,Redes sociales
O512453,2025-09-26,C100332,Este,2025-02-08,Electrónica,Smartwatch,88.17,3,0.0,264.51,Redes sociales
O514559,2025-09-26,C100648,Oeste,2025-01-26,Belleza,Shampoo reparador,10.68,1,0.0,10.68,Orgánico
O509760,2025-09-26,C101670,Este,2025-05-24,Hogar,Cortina blackout,29.37,2,0.0,58.74,Email
O512832,2025-09-26,C101550,Este,2025-01-21,Electrónica,Smartwatch,88.17,2,0.0,176.34,Orgánico
O500306,2025-09-26,C103053,Centro,2025-04-11,Hogar,Organizador closet,14.85,1,0.1,14.85,Pauta pagada
O502192,2025-09-26,C101293,Norte,2025-07-27,Hogar,Set de sábanas,33.34,1,0.0,33.34,Pauta pagada
O501348,2025-09-26,C102130,Norte,2025-03-07,Electrónica,Power bank,71.86,1,0.0,71.86,Orgánico
O507219,2025-09-26,C102113,Centro,2025-02-13,Belleza,Protector solar,10.84,2,0.0,21.68,Redes sociales
O514144,2025-09-26,C102431,Oeste,2025-02-06,Hogar,Lámpara LED,58.38,2,0.0,116.76,Orgánico
O503425,2025-09-26,C100794,Este,2025-09-16,Moda,Jeans slim,29.04,2,0.0,58.08,Email
O516165,2025-09-26,C100446,Norte,2025-09-21,Deportes,Guantes gym,11.66,1,0.0,11.66,Orgánico
O508481,2025-09-26,C102347,Sur,2025-09-21,Moda,Camiseta básica,37.12,1,0.0,37.12,Orgánico
O515170,2025-09-26,C101685,Centro,2025-03-01,Deportes,Mancuernas ajustables,41.15,2,0.0,82.3,Email
O507660,2025-09-26,C102642,Sur,2025-05-13,Hogar,Difusor aromas,41.3,2,0.2,82.6,Orgánico
O515472,2025-09-26,C100547,Centro,2025-06-17,Moda,Tenis running,28.91,3,0.0,86.73,Redes sociales
O509135,2025-09-26,C100049,Sur,2025-01-08,Belleza,Perfume,9.42,1,0.0,9.42,Orgánico
O507873,2025-09-26,C100776,Este,2025-01-29,Moda,Tenis running,26.02,2,0.1,52.04,Orgánico
O501150,2025-09-26,C101288,Centro,2025-09-15,Belleza,Perfume,9.42,1,0.0,9.42,Email
O504171,2025-09-26,C100364,Este,2025-09-08,Moda,Jeans slim,29.04,2,0.0,58.08,Directo
O508692,2025-09-26,C100751,Oeste,2025-09-26,Electrónica,Power bank,71.86,1,0.0,71.86,Redes sociales
O501779,2025-09-26,C103479,Centro,2025-08-22,Electrónica,Cargador rápido,42.81,3,0.0,128.43,Redes sociales
O505515,2025-09-26,C103253,Centro,2025-03-15,Hogar,Lámpara LED,49.62,1,0.15,49.62,Orgánico
O510280,2025-09-26,C100845,Este,2025-01-30,Hogar,Lámpara LED,52.54,1,0.1,52.54,Orgánico
O509330,2025-09-26,C100254,Norte,2025-04-11,Deportes,Guantes gym,11.66,2,0.0,23.32,Orgánico
O505512,2025-09-26,C100272,Centro,2025-03-12,Belleza,Set de brochas,17.05,1,0.0,17.05,Directo
O511677,2025-09-26,C102358,Centro,2025-07-12,Electrónica,Cargador rápido,42.81,2,0.0,85.62,Redes sociales
O502642,2025-09-26,C100887,Norte,2025-05-14,Deportes,Banda resistencia,35.09,1,0.0,35.09,Orgánico
O513148,2025-09-26,C103468,Oeste,2025-09-07,Deportes,Banda resistencia,29.83,1,0.15,29.83,Directo
O503674,2025-09-26,C103173,Norte,2025-05-20,Hogar,Set de sábanas,33.34,1,0.0,33.34,Email
O508079,2025-09-26,C100927,Norte,2025-03-11,Hogar,Cortina blackout,29.37,1,0.0,29.37,Email
O515514,2025-09-26,C101896,Centro,2025-03-06,Hogar,Set de sábanas,33.34,2,0.0,66.68,Redes sociales
O503024,2025-09-26,C100175,Centro,2025-03-14,Deportes,Mancuernas ajustables,41.15,3,0.0,123.45,Pauta pagada
O502568,2025-09-27,C102763,Norte,2025-09-26,Belleza,Serum facial,22.15,1,0.0,22.15,Redes sociales
O509695,2025-09-27,C102966,Este,2025-01-02,Hogar,Difusor aromas,46.47,1,0.1,46.47,Redes sociales
O509799,2025-09-27,C100337,Centro,2025-02-06,Moda,Tenis running,28.91,1,0.0,28.91,Redes sociales
O503134,2025-09-27,C101104,Centro,2025-03-22,Hogar,Cortina blackout,29.37,1,0.0,29.37,Orgánico
O511412,2025-09-27,C101944,Centro,2025-08-28,Deportes,Guantes gym,9.33,1,0.2,9.33,Pauta pagada
O508585,2025-09-27,C102600,Oeste,2025-03-13,Moda,Mochila urbana,19.25,1,0.0,19.25,Directo
O511228,2025-09-27,C101490,Sur,2025-06-07,Moda,Jeans slim,29.04,2,0.0,58.08,Email
O509596,2025-09-27,C103218,Sur,2025-07-11,Belleza,Set de brochas,17.05,1,0.0,17.05,Email
O502526,2025-09-27,C100234,Norte,2025-06-18,Deportes,Botella térmica,17.07,3,0.0,51.21,Email
O515485,2025-09-27,C101067,Centro,2025-08-04,Electrónica,Power bank,57.49,1,0.2,57.49,Pauta pagada
O502045,2025-09-27,C100636,Este,2025-01-20,Belleza,Perfume,8.01,1,0.15,8.01,Orgánico
O504323,2025-09-27,C101530,Centro,2025-01-18,Hogar,Cortina blackout,29.37,1,0.0,29.37,Directo
O510129,2025-09-27,C101394,Norte,2025-02-18,Electrónica,Power bank,61.08,1,0.15,61.08,Orgánico
O508757,2025-09-27,C100884,Este,2025-08-13,Moda,Tenis running,28.91,1,0.0,28.91,Orgánico
O514177,2025-09-27,C103446,Oeste,2025-04-23,Moda,Camiseta básica,37.12,1,0.0,37.12,Redes sociales
O514978,2025-09-27,C100735,Centro,2025-08-27,Electrónica,Parlante portátil,32.04,2,0.0,64.08,Redes sociales
O509446,2025-09-27,C102322,Centro,2025-09-24,Hogar,Difusor aromas,51.63,2,0.0,103.26,Pauta pagada
O513424,2025-09-27,C102077,Centro,2025-03-03,Electrónica,Audífonos BT,58.44,1,0.2,58.44,Directo
O512628,2025-09-27,C102295,Centro,2025-05-26,Deportes,Botella térmica,14.51,2,0.15,29.02,Email
O501309,2025-09-27,C101743,Sur,2025-08-22,Belleza,Set de brochas,17.05,2,0.0,34.1,Pauta pagada
O500501,2025-09-27,C101493,Norte,2025-01-09,Deportes,Botella térmica,17.07,2,0.0,34.14,Pauta pagada
O512812,2025-09-27,C102958,Centro,2025-06-03,Deportes,Guantes gym,11.66,3,0.0,34.98,Redes sociales
O510334,2025-09-27,C103436,Sur,2025-02-08,Electrónica,Cargador rápido,42.81,2,0.0,85.62,Orgánico
O504007,2025-09-27,C100619,Centro,2025-01-15,Deportes,Mancuernas ajustables,37.03,1,0.1,37.03,Pauta pagada
O513599,2025-09-27,C100570,Oeste,2025-01-09,Hogar,Difusor aromas,51.63,1,0.0,51.63,Redes sociales
O501185,2025-09-27,C102485,Sur,2025-02-20,Hogar,Difusor aromas,51.63,1,0.0,51.63,Redes sociales
O513617,2025-09-27,C103220,Oeste,2025-03-23,Deportes,Guantes gym,11.66,2,0.0,23.32,Orgánico
O503222,2025-09-27,C100978,Sur,2025-02-26,Electrónica,Parlante portátil,32.04,1,0.0,32.04,Pauta pagada
O510437,2025-09-27,C102023,Norte,2025-06-18,Hogar,Lámpara LED,58.38,1,0.0,58.38,Directo
O503449,2025-09-27,C101896,Centro,2025-03-06,Belleza,Set de brochas,17.05,2,0.0,34.1,Directo
O504810,2025-09-27,C102213,Norte,2025-08-02,Deportes,Yoga mat,39.18,2,0.15,78.36,Redes sociales
O506555,2025-09-27,C102454,Centro,2025-01-26,Electrónica,Power bank,71.86,2,0.0,143.72,Orgánico
O505476,2025-09-27,C102148,Centro,2025-04-02,Hogar,Cortina blackout,29.37,1,0.0,29.37,Orgánico
O506195,2025-09-27,C102463,Este,2025-07-09,Hogar,Set de sábanas,33.34,2,0.0,66.68,Orgánico
O506098,2025-09-27,C103301,Norte,2025-07-10,Moda,Camiseta básica,37.12,2,0.0,74.24,Email
O505591,2025-09-28,C102221,Oeste,2025-02-06,Hogar,Set de sábanas,30.01,1,0.1,30.01,Directo
O503076,2025-09-28,C102052,Centro,2025-07-28,Electrónica,Audífonos BT,73.05,2,0.0,146.1,Redes sociales
O503102,2025-09-28,C102164,Centro,2025-05-16,Moda,Mochila urbana,19.25,3,0.0,57.75,Redes sociales
O503104,2025-09-28,C100798,Este,2025-09-01,Deportes,Mancuernas ajustables,41.15,1,0.0,41.15,Orgánico
O507080,2025-09-28,C103447,Centro,2025-05-31,Moda,Tenis running,26.02,1,0.1,26.02,Directo
O505071,2025-09-28,C101219,Este,2025-01-23,Deportes,Yoga mat,46.1,3,0.0,138.3,Pauta pagada
O512770,2025-09-28,C103051,Norte,2025-04-08,Belleza,Perfume,9.42,1,0.0,9.42,Pauta pagada
O509902,2025-09-28,C101906,Centro,2025-06-11,Deportes,Yoga mat,46.1,1,0.0,46.1,Orgánico
O515803,2025-09-28,C100920,Oeste,2025-08-18,Electrónica,Cargador rápido,38.53,1,0.1,38.53,Redes sociales
O508467,2025-09-28,C100024,Norte,2025-06-02,Belleza,Perfume,9.42,2,0.0,18.84,Redes sociales
O500102,2025-09-28,C101244,Sur,2025-05-30,Moda,Camiseta básica,31.55,1,0.15,31.55,Orgánico
O509528,2025-09-28,C101298,Centro,2025-06-30,Hogar,Set de sábanas,33.34,1,0.0,33.34,Email
O507267,2025-09-28,C101809,Norte,2025-05-28,Electrónica,Smartwatch,88.17,2,0.0,176.34,Redes sociales
O512934,2025-09-28,C103231,Norte,2025-03-31,Hogar,Organizador closet,16.5,1,0.0,16.5,Email
O512167,2025-09-28,C103033,Oeste,2025-02-05,Electrónica,Power bank,71.86,3,0.0,215.58,Redes sociales
O508242,2025-09-28,C103399,Sur,2025-09-27,Deportes,Yoga mat,46.1,2,0.0,92.2,Redes sociales
O514336,2025-09-28,C102241,Oeste,2025-04-07,Belleza,Set de brochas,17.05,1,0.0,17.05,Orgánico
O511665,2025-09-28,C102403,Sur,2025-05-17,Deportes,Botella térmica,17.07,2,0.0,34.14,Directo
O512135,2025-09-28,C101431,Norte,2025-01-05,Electrónica,Parlante portátil,32.04,1,0.0,32.04,Orgánico
O508090,2025-09-28,C100128,Oeste,2025-05-19,Electrónica,Cargador rápido,38.53,1,0.1,38.53,Directo
O511613,2025-09-28,C100384,Este,2025-03-08,Electrónica,Power bank,57.49,2,0.2,114.98,Directo
O510988,2025-09-29,C100478,Este,2025-06-28,Belleza,Protector solar,10.84,2,0.0,21.68,Redes sociales
O510091,2025-09-29,C101752,Oeste,2025-05-26,Belleza,Serum facial,22.15,1,0.0,22.15,Directo
O511982,2025-09-29,C100099,Norte,2025-03-02,Deportes,Banda resistencia,35.09,1,0.0,35.09,Orgánico
O501997,2025-09-29,C100661,Centro,2025-03-08,Deportes,Yoga mat,46.1,1,0.0,46.1,Directo
O516012,2025-09-29,C101812,Centro,2025-02-24,Deportes,Botella térmica,17.07,2,0.0,34.14,Orgánico
O502625,2025-09-29,C101827,Oeste,2025-06-10,Hogar,Organizador closet,16.5,2,0.0,33.0,Directo
O513610,2025-09-29,C103455,Centro,2025-07-02,Moda,Mochila urbana,19.25,2,0.0,38.5,Orgánico
O513334,2025-09-29,C102986,Centro,2025-05-13,Deportes,Mancuernas ajustables,41.15,3,0.0,123.45,Pauta pagada
O505280,2025-09-29,C100781,Sur,2025-03-05,Moda,Tenis running,28.91,2,0.0,57.82,Orgánico
O515143,2025-09-29,C102674,Sur,2025-06-04,Electrónica,Parlante portátil,32.04,2,0.0,64.08,Redes sociales
O501468,2025-09-29,C100367,Sur,2025-04-08,Moda,Camiseta básica,37.12,1,0.0,37.12,Redes sociales
O515480,2025-09-29,C100581,Oeste,2025-03-29,Electrónica,Smartwatch,74.94,3,0.15,224.82,Pauta pagada
O506021,2025-09-29,C100519,Oeste,2025-05-18,Deportes,Yoga mat,46.1,2,0.0,92.2,Pauta pagada
O509391,2025-09-29,C100476,Centro,2025-09-21,Belleza,Shampoo reparador,10.68,1,0.0,10.68,Orgánico
O515248,2025-09-29,C101362,Sur,2025-09-02,Belleza,Perfume,7.54,3,0.2,22.62,Directo
O503995,2025-09-29,C101241,Norte,2025-06-28,Deportes,Guantes gym,11.66,1,0.0,11.66,Redes sociales
O503981,2025-09-29,C101644,Centro,2025-02-18,Moda,Gorra,31.66,1,0.2,31.66,Redes sociales
O503676,2025-09-29,C102773,Sur,2025-03-14,Deportes,Yoga mat,46.1,1,0.0,46.1,Redes sociales
O509199,2025-09-29,C102930,Centro,2025-03-23,Belleza,Perfume,7.54,1,0.2,7.54,Redes sociales
O514983,2025-09-29,C103180,Sur,2025-04-02,Deportes,Guantes gym,9.91,1,0.15,9.91,Email
O512449,2025-09-29,C100797,Sur,2025-08-08,Belleza,Set de brochas,15.34,2,0.1,30.68,Pauta pagada
O515054,2025-09-29,C100777,Centro,2025-04-13,Moda,Tenis running,28.91,3,0.0,86.73,Redes sociales
O503750,2025-09-29,C101873,Sur,2025-08-11,Belleza,Set de brochas,15.34,2,0.1,30.68,Directo
O511096,2025-09-29,C101884,Norte,2025-06-10,Belleza,Protector solar,9.76,1,0.1,9.76,Pauta pagada
O516059,2025-09-29,C102669,Sur,2025-05-19,Electrónica,Smartwatch,74.94,1,0.15,74.94,Orgánico
O514780,2025-09-29,C100596,Centro,2025-02-27,Electrónica,Audífonos BT,73.05,1,0.0,73.05,Directo
O506170,2025-09-29,C101344,Sur,2025-09-14,Hogar,Lámpara LED,49.62,1,0.15,49.62,Orgánico
O505759,2025-09-29,C100889,Norte,2025-07-16,Deportes,Mancuernas ajustables,41.15,1,0.0,41.15,Directo
O512291,2025-09-29,C102769,Sur,2025-09-29,Moda,Gorra,39.58,3,0.0,118.74,Orgánico
O502197,2025-09-29,C101494,Este,2025-03-18,Hogar,Lámpara LED,58.38,1,0.0,58.38,Orgánico
O514877,2025-09-29,C102216,Centro,2025-04-20,Electrónica,Power bank,71.86,2,0.0,143.72,Redes sociales
O514395,2025-09-29,C100419,Sur,2025-02-18,Electrónica,Audífonos BT,73.05,3,0.0,219.15,Orgánico
O500473,2025-09-29,C103336,Sur,2025-06-15,Belleza,Perfume,9.42,1,0.0,9.42,Pauta pagada
O505350,2025-09-29,C100922,Sur,2025-05-23,Moda,Gorra,39.58,1,0.0,39.58,Email
O508173,2025-09-29,C101658,Norte,2025-01-14,Moda,Gorra,39.58,3,0.0,118.74,Pauta pagada
O504233,2025-09-29,C103029,Centro,2025-09-24,Moda,Camiseta básica,37.12,1,0.0,37.12,Pauta pagada
O513960,2025-09-29,C102365,Centro,2025-09-02,Deportes,Yoga mat,46.1,2,0.0,92.2,Pauta pagada
O504273,2025-09-29,C100834,Oeste,2025-03-15,Hogar,Set de sábanas,28.34,1,0.15,28.34,Pauta pagada
O500195,2025-09-29,C102240,Sur,2025-05-05,Belleza,Protector solar,10.84,1,0.0,10.84,Pauta pagada
O515969,2025-09-30,C101069,Sur,2025-05-25,Electrónica,Smartwatch,88.17,3,0.0,264.51,Redes sociales
O514697,2025-09-30,C101012,Centro,2025-06-12,Deportes,Yoga mat,46.1,1,0.0,46.1,Redes sociales
O500662,2025-09-30,C101199,Centro,2025-02-07,Hogar,Set de sábanas,33.34,2,0.0,66.68,Pauta pagada
O513242,2025-09-30,C102172,Sur,2025-02-07,Moda,Mochila urbana,19.25,1,0.0,19.25,Pauta pagada
O509202,2025-09-30,C100531,Oeste,2025-08-21,Belleza,Perfume,9.42,1,0.0,9.42,Email
O512847,2025-09-30,C100315,Norte,2025-03-28,Hogar,Lámpara LED,58.38,3,0.0,175.14,Orgánico
O501878,2025-09-30,C102632,Norte,2025-07-25,Moda,Gorra,33.64,2,0.15,67.28,Directo
O509053,2025-09-30,C100002,Sur,2025-03-10,Moda,Camiseta básica,37.12,2,0.0,74.24,Orgánico
O509597,2025-09-30,C101956,Oeste,2025-02-19,Electrónica,Power bank,61.08,1,0.15,61.08,Pauta pagada
O510706,2025-09-30,C100627,Centro,2025-09-29,Hogar,Organizador closet,16.5,1,0.0,16.5,Redes sociales
O504074,2025-09-30,C101771,Sur,2025-08-29,Deportes,Mancuernas ajustables,32.92,1,0.2,32.92,Orgánico
O502108,2025-09-30,C103180,Sur,2025-04-02,Belleza,Set de brochas,17.05,1,0.0,17.05,Email
O501308,2025-09-30,C102683,Norte,2025-06-08,Moda,Tenis running,28.91,1,0.0,28.91,Email
O514944,2025-09-30,C103491,Este,2025-04-21,Deportes,Banda resistencia,35.09,2,0.0,70.18,Email
O509875,2025-09-30,C102606,Oeste,2025-07-27,Electrónica,Smartwatch,88.17,3,0.0,264.51,Directo
O506097,2025-09-30,C101489,Sur,2025-03-16,Belleza,Shampoo reparador,9.61,3,0.1,28.83,Orgánico
O504465,2025-09-30,C101453,Este,2025-03-14,Hogar,Difusor aromas,46.47,1,0.1,46.47,Redes sociales
O500887,2025-09-30,C102680,Centro,2025-03-05,Deportes,Guantes gym,11.66,1,0.0,11.66,Redes sociales
O500138,2025-09-30,C102810,Sur,2025-04-01,Electrónica,Power bank,71.86,1,0.0,71.86,Email
O504454,2025-09-30,C101774,Centro,2025-01-27,Deportes,Banda resistencia,35.09,2,0.0,70.18,Email
O504815,2025-09-30,C100451,Norte,2025-08-13,Belleza,Shampoo reparador,10.68,3,0.0,32.04,Directo
O513422,2025-09-30,C101542,Centro,2025-05-06,Deportes,Mancuernas ajustables,41.15,1,0.0,41.15,Pauta pagada
O501167,2025-09-30,C100971,Sur,2025-07-21,Moda,Tenis running,28.91,1,0.0,28.91,Orgánico
O500386,2025-10-01,C100658,Norte,2025-05-16,Electrónica,Audífonos BT,73.05,2,0.0,146.1,Orgánico
O513400,2025-10-01,C102870,Norte,2025-08-16,Belleza,Set de brochas,15.34,1,0.1,15.34,Redes sociales
O507799,2025-10-01,C100641,Norte,2025-09-17,Deportes,Botella térmica,17.07,3,0.0,51.21,Orgánico
O504472,2025-10-01,C100580,Este,2025-03-31,Hogar,Difusor aromas,51.63,2,0.0,103.26,Pauta pagada
O504731,2025-10-01,C102353,Oeste,2025-07-25,Moda,Gorra,33.64,1,0.15,33.64,Email
O507223,2025-10-01,C101310,Norte,2025-04-17,Belleza,Serum facial,22.15,1,0.0,22.15,Orgánico
O503970,2025-10-01,C101994,Este,2025-09-17,Deportes,Guantes gym,9.91,2,0.15,19.82,Pauta pagada
O513406,2025-10-01,C100868,Centro,2025-09-21,Belleza,Shampoo reparador,10.68,1,0.0,10.68,Orgánico
O504665,2025-10-01,C102341,Oeste,2025-05-19,Moda,Camiseta básica,37.12,2,0.0,74.24,Redes sociales
O512430,2025-10-01,C100103,Centro,2025-06-08,Hogar,Organizador closet,16.5,2,0.0,33.0,Redes sociales
O511465,2025-10-01,C100823,Sur,2025-07-11,Hogar,Lámpara LED,58.38,1,0.0,58.38,Directo
O501018,2025-10-01,C103122,Este,2025-04-23,Hogar,Cortina blackout,29.37,2,0.0,58.74,Pauta pagada
O502646,2025-10-01,C100070,Centro,2025-04-28,Hogar,Lámpara LED,58.38,1,0.0,58.38,Pauta pagada
O511126,2025-10-01,C101418,Este,2025-07-14,Belleza,Shampoo reparador,10.68,1,0.0,10.68,Directo
O505351,2025-10-01,C100141,Sur,2025-03-07,Belleza,Perfume,8.01,3,0.15,24.03,Redes sociales
O506477,2025-10-01,C100898,Norte,2025-09-09,Deportes,Botella térmica,17.07,1,0.0,17.07,Pauta pagada
O516246,2025-10-01,C102120,Norte,2025-01-17,Electrónica,Power bank,71.86,1,0.0,71.86,Orgánico
O512144,2025-10-01,C102152,Oeste,2025-09-30,Deportes,Botella térmica,17.07,2,0.0,34.14,Redes sociales
O510951,2025-10-01,C103144,Este,2025-05-03,Moda,Jeans slim,26.14,1,0.1,26.14,Directo
O505180,2025-10-01,C100933,Norte,2025-06-13,Belleza,Set de brochas,17.05,1,0.0,17.05,Pauta pagada
O502979,2025-10-01,C102764,Sur,2025-06-28,Electrónica,Smartwatch,88.17,3,0.0,264.51,Email
O505061,2025-10-01,C100504,Oeste,2025-07-22,Moda,Camiseta básica,29.7,1,0.2,29.7,Email
O502003,2025-10-01,C103468,Oeste,2025-09-07,Belleza,Protector solar,10.84,1,0.0,10.84,Orgánico
O513650,2025-10-01,C100618,Centro,2025-06-12,Deportes,Yoga mat,46.1,2,0.0,92.2,Pauta pagada
O509743,2025-10-01,C102340,Norte,2025-01-26,Electrónica,Parlante portátil,32.04,3,0.0,96.12,Orgánico
O509587,2025-10-01,C100098,Sur,2025-03-07,Electrónica,Power bank,71.86,3,0.0,215.58,Orgánico
O509842,2025-10-02,C103248,Oeste,2025-02-14,Belleza,Serum facial,22.15,2,0.0,44.3,Email
O513623,2025-10-02,C100962,Sur,2025-06-18,Deportes,Mancuernas ajustables,37.03,1,0.1,37.03,Orgánico
O514507,2025-10-02,C101796,Oeste,2025-06-15,Moda,Gorra,39.58,1,0.0,39.58,Pauta pagada
O505305,2025-10-02,C101519,Centro,2025-03-13,Electrónica,Parlante portátil,32.04,2,0.0,64.08,Orgánico
O508842,2025-10-02,C100034,Centro,2025-06-11,Electrónica,Cargador rápido,38.53,3,0.1,115.59,Redes sociales
O505937,2025-10-02,C100479,Este,2025-08-29,Electrónica,Smartwatch,88.17,2,0.0,176.34,Orgánico
O509214,2025-10-02,C100100,Norte,2025-07-14,Moda,Jeans slim,29.04,1,0.0,29.04,Pauta pagada
O503698,2025-10-02,C102801,Norte,2025-03-05,Deportes,Botella térmica,17.07,1,0.0,17.07,Directo
O507984,2025-10-02,C102966,Este,2025-01-02,Moda,Jeans slim,24.68,3,0.15,74.04,Orgánico
O504344,2025-10-02,C101909,Este,2025-05-02,Belleza,Shampoo reparador,10.68,1,0.0,10.68,Email
O500250,2025-10-02,C102180,Centro,2025-02-18,Moda,Camiseta básica,37.12,2,0.0,74.24,Orgánico
O509343,2025-10-02,C102703,Este,2025-06-09,Electrónica,Audífonos BT,73.05,3,0.0,219.15,Orgánico
O501231,2025-10-02,C102891,Oeste,2025-05-29,Moda,Gorra,35.62,2,0.1,71.24,Orgánico
O514402,2025-10-02,C101751,Centro,2025-01-23,Hogar,Difusor aromas,51.63,2,0.0,103.26,Redes sociales
O501651,2025-10-02,C102297,Centro,2025-08-02,Hogar,Lámpara LED,46.7,2,0.2,93.4,Email
O504284,2025-10-02,C103202,Norte,2025-06-15,Deportes,Botella térmica,17.07,1,0.0,17.07,Directo
O508595,2025-10-02,C100533,Sur,2025-02-14,Hogar,Difusor aromas,51.63,1,0.0,51.63,Orgánico
O512879,2025-10-02,C102437,Sur,2025-07-26,Belleza,Perfume,9.42,1,0.0,9.42,Directo
O510427,2025-10-02,C100095,Sur,2025-04-04,Electrónica,Parlante portátil,32.04,1,0.0,32.04,Redes sociales
O512411,2025-10-02,C100722,Este,2025-06-24,Belleza,Set de brochas,17.05,2,0.0,34.1,Redes sociales
O509077,2025-10-02,C102406,Sur,2025-01-22,Hogar,Lámpara LED,58.38,2,0.0,116.76,Orgánico
O504218,2025-10-02,C102791,Centro,2025-04-17,Hogar,Set de sábanas,33.34,3,0.0,100.02,Redes sociales
O509630,2025-10-02,C101225,Centro,2025-04-21,Belleza,Protector solar,9.76,1,0.1,9.76,Directo
O510005,2025-10-02,C103184,Norte,2025-03-27,Deportes,Yoga mat,46.1,2,0.0,92.2,Email
O503359,2025-10-02,C100936,Centro,2025-02-21,Electrónica,Cargador rápido,42.81,2,0.0,85.62,Orgánico
O508516,2025-10-02,C103381,Oeste,2025-07-19,Deportes,Banda resistencia,35.09,2,0.0,70.18,Orgánico
O509093,2025-10-02,C101628,Oeste,2025-09-23,Hogar,Difusor aromas,51.63,2,0.0,103.26,Orgánico
O500101,2025-10-02,C102466,Norte,2025-06-08,Deportes,Yoga mat,41.49,1,0.1,41.49,Redes sociales
O505634,2025-10-02,C102052,Centro,2025-07-28,Belleza,Protector solar,10.84,1,0.0,10.84,Redes sociales
O505673,2025-10-02,C101276,Oeste,2025-04-27,Belleza,Shampoo reparador,9.61,1,0.1,9.61,Redes sociales
O500721,2025-10-03,C103446,Oeste,2025-04-23,Hogar,Set de sábanas,28.34,2,0.15,56.68,Pauta pagada
O508045,2025-10-03,C101983,Centro,2025-02-20,Moda,Mochila urbana,19.25,2,0.0,38.5,Orgánico
O507430,2025-10-03,C102780,Centro,2025-09-25,Belleza,Serum facial,22.15,2,0.0,44.3,Pauta pagada
O515806,2025-10-03,C101354,Este,2025-02-15,Hogar,Lámpara LED,49.62,1,0.15,49.62,Redes sociales
O504236,2025-10-03,C102084,Sur,2025-07-21,Deportes,Guantes gym,11.66,3,0.0,34.98,Email
O508813,2025-10-03,C103380,Centro,2025-06-19,Belleza,Shampoo reparador,9.08,1,0.15,9.08,Directo
O512946,2025-10-03,C102446,Oeste,2025-02-16,Belleza,Perfume,9.42,3,0.0,28.26,Orgánico
O512047,2025-10-03,C102475,Norte,2025-08-14,Belleza,Shampoo reparador,8.54,2,0.2,17.08,Pauta pagada
O513775,2025-10-03,C103426,Oeste,2025-05-14,Electrónica,Power bank,71.86,1,0.0,71.86,Orgánico
O505799,2025-10-03,C101052,Oeste,2025-09-13,Belleza,Set de brochas,17.05,1,0.0,17.05,Pauta pagada
O504790,2025-10-03,C101499,Este,2025-09-20,Deportes,Yoga mat,46.1,1,0.0,46.1,Email
O510211,2025-10-03,C100719,Sur,2025-01-14,Hogar,Lámpara LED,58.38,1,0.0,58.38,Orgánico
O503272,2025-10-03,C101241,Norte,2025-06-28,Moda,Gorra,39.58,2,0.0,79.16,Directo
O512841,2025-10-03,C102953,Centro,2025-02-21,Hogar,Set de sábanas,33.34,1,0.0,33.34,Redes sociales
O511109,2025-10-03,C100431,Este,2025-02-20,Belleza,Shampoo reparador,10.68,3,0.0,32.04,Orgánico
O512339,2025-10-03,C100596,Centro,2025-02-27,Hogar,Lámpara LED,49.62,1,0.15,49.62,Redes sociales
O503571,2025-10-03,C103280,Norte,2025-05-19,Electrónica,Smartwatch,88.17,2,0.0,176.34,Email
O510666,2025-10-03,C101271,Centro,2025-09-17,Electrónica,Parlante portátil,28.84,2,0.1,57.68,Email
O514656,2025-10-03,C100101,Este,2025-01-17,Moda,Camiseta básica,37.12,1,0.0,37.12,Redes sociales
O515322,2025-10-03,C102468,Sur,2025-07-31,Moda,Mochila urbana,19.25,3,0.0,57.75,Orgánico
O509108,2025-10-03,C100448,Norte,2025-01-19,Deportes,Yoga mat,46.1,2,0.0,92.2,Orgánico
O504797,2025-10-03,C102896,Sur,2025-08-23,Hogar,Cortina blackout,24.96,1,0.15,24.96,Redes sociales
O510775,2025-10-03,C101245,Norte,2025-06-07,Hogar,Cortina blackout,24.96,2,0.15,49.92,Pauta pagada
O514106,2025-10-03,C102215,Norte,2025-03-13,Electrónica,Audífonos BT,73.05,1,0.0,73.05,Directo
O513023,2025-10-03,C102428,Sur,2025-07-31,Belleza,Perfume,9.42,1,0.0,9.42,Email
O510800,2025-10-03,C101786,Centro,2025-08-02,Electrónica,Audífonos BT,65.74,1,0.1,65.74,Orgánico
O513571,2025-10-04,C103139,Norte,2025-09-05,Electrónica,Power bank,64.67,2,0.1,129.34,Pauta pagada
O506936,2025-10-04,C103463,Centro,2025-03-23,Hogar,Lámpara LED,52.54,1,0.1,52.54,Pauta pagada
O500379,2025-10-04,C102484,Centro,2025-06-13,Deportes,Mancuernas ajustables,37.03,3,0.1,111.09,Email
O513076,2025-10-04,C100545,Norte,2025-04-18,Hogar,Organizador closet,16.5,1,0.0,16.5,Pauta pagada
O501391,2025-10-04,C100843,Norte,2025-05-24,Belleza,Serum facial,22.15,2,0.0,44.3,Redes sociales
O506330,2025-10-04,C100148,Sur,2025-04-13,Electrónica,Audífonos BT,65.74,2,0.1,131.48,Pauta pagada
O508591,2025-10-04,C103243,Norte,2025-09-29,Moda,Camiseta básica,37.12,3,0.0,111.36,Pauta pagada
O501343,2025-10-04,C103278,Norte,2025-03-10,Belleza,Shampoo reparador,9.61,3,0.1,28.83,Redes sociales
O514955,2025-10-04,C101000,Norte,2025-03-30,Belleza,Shampoo reparador,10.68,3,0.0,32.04,Directo
O512197,2025-10-04,C102725,Oeste,2025-06-21,Deportes,Yoga mat,46.1,1,0.0,46.1,Orgánico
O515465,2025-10-04,C100620,Este,2025-06-16,Belleza,Set de brochas,14.49,1,0.15,14.49,Email
O513307,2025-10-04,C101625,Este,2025-02-14,Moda,Jeans slim,24.68,1,0.15,24.68,Directo
O508282,2025-10-04,C100268,Centro,2025-06-23,Deportes,Botella térmica,17.07,1,0.0,17.07,Email
O510446,2025-10-04,C100672,Norte,2025-06-12,Moda,Mochila urbana,19.25,2,0.0,38.5,Email
O514304,2025-10-04,C102887,Centro,2025-06-24,Moda,Jeans slim,29.04,1,0.0,29.04,Redes sociales
O507673,2025-10-04,C101770,Centro,2025-04-21,Hogar,Organizador closet,14.85,2,0.1,29.7,Email
O512110,2025-10-04,C101384,Norte,2025-06-01,Deportes,Guantes gym,10.49,1,0.1,10.49,Directo
O507583,2025-10-04,C102001,Norte,2025-07-21,Deportes,Guantes gym,11.66,1,0.0,11.66,Orgánico
O508284,2025-10-04,C100809,Sur,2025-04-24,Hogar,Organizador closet,16.5,2,0.0,33.0,Redes sociales
O508196,2025-10-04,C100550,Centro,2025-01-05,Deportes,Mancuernas ajustables,41.15,2,0.0,82.3,Directo
O507666,2025-10-04,C101841,Centro,2025-04-30,Electrónica,Power bank,71.86,3,0.0,215.58,Orgánico
O513277,2025-10-04,C102237,Centro,2025-01-21,Hogar,Set de sábanas,33.34,1,0.0,33.34,Orgánico
O514617,2025-10-05,C102154,Centro,2025-05-21,Belleza,Protector solar,10.84,3,0.0,32.52,Email
O513435,2025-10-05,C102645,Norte,2025-07-16,Belleza,Serum facial,22.15,1,0.0,22.15,Orgánico
O501655,2025-10-05,C102862,Norte,2025-01-22,Hogar,Difusor aromas,51.63,1,0.0,51.63,Pauta pagada
O512270,2025-10-05,C103052,Este,2025-08-08,Hogar,Difusor aromas,41.3,2,0.2,82.6,Directo
O514098,2025-10-05,C102774,Este,2025-05-17,Hogar,Difusor aromas,51.63,2,0.0,103.26,Orgánico
O508662,2025-10-05,C103195,Sur,2025-09-17,Belleza,Serum facial,22.15,2,0.0,44.3,Pauta pagada
O509158,2025-10-05,C103456,Centro,2025-02-27,Hogar,Difusor aromas,51.63,3,0.0,154.89,Redes sociales
O515913,2025-10-05,C101164,Oeste,2025-08-02,Electrónica,Parlante portátil,32.04,1,0.0,32.04,Directo
O515425,2025-10-05,C101368,Sur,2025-02-14,Electrónica,Power bank,71.86,2,0.0,143.72,Orgánico
O513216,2025-10-05,C102449,Norte,2025-02-13,Electrónica,Smartwatch,74.94,2,0.15,149.88,Directo
O500121,2025-10-05,C103397,Centro,2025-08-08,Deportes,Yoga mat,36.88,1,0.2,36.88,Orgánico
O501300,2025-10-05,C100518,Norte,2025-02-21,Deportes,Guantes gym,11.66,1,0.0,11.66,Redes sociales
O505395,2025-10-05,C103111,Oeste,2025-09-29,Belleza,Shampoo reparador,9.61,2,0.1,19.22,Redes sociales
O508955,2025-10-05,C100898,Norte,2025-09-09,Deportes,Botella térmica,15.36,3,0.1,46.08,Redes sociales
O508193,2025-10-05,C102923,Centro,2025-05-06,Hogar,Cortina blackout,29.37,1,0.0,29.37,Redes sociales
O506723,2025-10-05,C102228,Sur,2025-01-29,Electrónica,Power bank,61.08,3,0.15,183.24,Pauta pagada
O500076,2025-10-05,C102026,Centro,2025-03-18,Moda,Gorra,39.58,3,0.0,118.74,Redes sociales
O510447,2025-10-05,C102633,Centro,2025-01-18,Electrónica,Smartwatch,79.35,3,0.1,238.05,Directo
O506585,2025-10-05,C101796,Oeste,2025-06-15,Belleza,Shampoo reparador,8.54,1,0.2,8.54,Pauta pagada
O505887,2025-10-05,C101794,Oeste,2025-04-12,Belleza,Serum facial,22.15,1,0.0,22.15,Orgánico
O514330,2025-10-05,C103368,Sur,2025-06-08,Deportes,Banda resistencia,35.09,2,0.0,70.18,Directo
O501380,2025-10-05,C103100,Este,2025-02-28,Hogar,Set de sábanas,33.34,1,0.0,33.34,Orgánico
O506664,2025-10-05,C100475,Norte,2025-02-12,Hogar,Cortina blackout,29.37,3,0.0,88.11,Pauta pagada
O504962,2025-10-05,C101089,Sur,2025-05-29,Hogar,Cortina blackout,29.37,1,0.0,29.37,Redes sociales
O509840,2025-10-05,C102425,Este,2025-08-05,Electrónica,Parlante portátil,32.04,1,0.0,32.04,Orgánico
O513989,2025-10-05,C102837,Oeste,2025-03-06,Deportes,Mancuernas ajustables,41.15,3,0.0,123.45,Directo
O509774,2025-10-05,C102357,Centro,2025-04-04,Moda,Jeans slim,29.04,1,0.0,29.04,Email
O513918,2025-10-05,C102512,Norte,2025-05-14,Electrónica,Cargador rápido,38.53,1,0.1,38.53,Pauta pagada
O507912,2025-10-05,C102530,Oeste,2025-04-24,Moda,Jeans slim,23.23,3,0.2,69.69,Pauta pagada
O510083,2025-10-05,C101844,Este,2025-03-01,Electrónica,Parlante portátil,25.63,1,0.2,25.63,Redes sociales
O510046,2025-10-05,C100604,Centro,2025-04-16,Electrónica,Parlante portátil,25.63,1,0.2,25.63,Redes sociales
O515021,2025-10-05,C100026,Norte,2025-06-20,Deportes,Mancuernas ajustables,41.15,1,0.0,41.15,Orgánico
O506946,2025-10-05,C101609,Oeste,2025-09-26,Deportes,Banda resistencia,35.09,1,0.0,35.09,Directo
O507568,2025-10-05,C100817,Centro,2025-08-22,Belleza,Shampoo reparador,10.68,2,0.0,21.36,Directo
O502153,2025-10-06,C100447,Este,2025-08-04,Belleza,Protector solar,8.67,2,0.2,17.34,Orgánico
O501984,2025-10-06,C103239,Norte,2025-09-17,Deportes,Yoga mat,46.1,2,0.0,92.2,Redes sociales
O505943,2025-10-06,C102080,Oeste,2025-01-24,Deportes,Mancuernas ajustables,41.15,2,0.0,82.3,Redes sociales
O516039,2025-10-06,C101023,Oeste,2025-09-04,Belleza,Perfume,9.42,3,0.0,28.26,Pauta pagada
O502186,2025-10-06,C102460,Norte,2025-01-25,Hogar,Difusor aromas,43.89,3,0.15,131.67,Pauta pagada
O508023,2025-10-06,C101792,Norte,2025-09-30,Deportes,Yoga mat,46.1,1,0.0,46.1,Redes sociales
O514046,2025-10-06,C101151,Sur,2025-03-30,Belleza,Set de brochas,17.05,3,0.0,51.15,Orgánico
O507566,2025-10-06,C102488,Centro,2025-06-29,Moda,Camiseta básica,37.12,2,0.0,74.24,Directo
O513914,2025-10-06,C100203,Sur,2025-01-10,Belleza,Set de brochas,17.05,1,0.0,17.05,Redes sociales
O509713,2025-10-06,C100126,Este,2025-09-26,Deportes,Yoga mat,41.49,2,0.1,82.98,Orgánico
O510823,2025-10-06,C102570,Este,2025-07-17,Hogar,Organizador closet,14.02,1,0.15,14.02,Orgánico
O501189,2025-10-06,C100287,Sur,2025-02-12,Belleza,Perfume,9.42,1,0.0,9.42,Redes sociales
O515663,2025-10-06,C100942,Oeste,2025-03-04,Moda,Camiseta básica,31.55,1,0.15,31.55,Orgánico
O510472,2025-10-06,C101397,Oeste,2025-08-31,Electrónica,Power bank,71.86,1,0.0,71.86,Directo
O505037,2025-10-06,C102363,Este,2025-08-07,Electrónica,Parlante portátil,27.23,2,0.15,54.46,Orgánico
O507071,2025-10-06,C100886,Centro,2025-09-22,Belleza,Set de brochas,17.05,1,0.0,17.05,Directo
O506906,2025-10-06,C100799,Oeste,2025-02-13,Deportes,Mancuernas ajustables,41.15,2,0.0,82.3,Redes sociales
O501752,2025-10-06,C102241,Oeste,2025-04-07,Hogar,Difusor aromas,51.63,1,0.0,51.63,Redes sociales
O511836,2025-10-06,C101996,Norte,2025-07-30,Deportes,Banda resistencia,35.09,1,0.0,35.09,Directo
O514363,2025-10-06,C100863,Centro,2025-04-17,Moda,Tenis running,28.91,1,0.0,28.91,Orgánico
O504064,2025-10-06,C101507,Centro,2025-08-11,Deportes,Banda resistencia,35.09,2,0.0,70.18,Redes sociales
O514481,2025-10-06,C103396,Centro,2025-08-23,Belleza,Shampoo reparador,10.68,2,0.0,21.36,Directo
O505183,2025-10-06,C103218,Sur,2025-07-11,Moda,Gorra,39.58,1,0.0,39.58,Orgánico
O512798,2025-10-06,C102396,Este,2025-07-27,Moda,Tenis running,28.91,2,0.0,57.82,Directo
O500056,2025-10-06,C102298,Sur,2025-06-21,Hogar,Set de sábanas,33.34,1,0.0,33.34,Pauta pagada
O500420,2025-10-06,C101100,Centro,2025-01-23,Electrónica,Power bank,71.86,1,0.0,71.86,Pauta pagada
O509535,2025-10-06,C102325,Norte,2025-05-01,Moda,Gorra,39.58,1,0.0,39.58,Redes sociales
O506106,2025-10-06,C101048,Oeste,2025-07-13,Moda,Tenis running,28.91,1,0.0,28.91,Pauta pagada
O506122,2025-10-06,C100538,Este,2025-07-18,Belleza,Set de brochas,17.05,1,0.0,17.05,Redes sociales
O503004,2025-10-06,C102813,Centro,2025-02-16,Hogar,Lámpara LED,46.7,1,0.2,46.7,Redes sociales
O506923,2025-10-07,C100594,Sur,2025-01-02,Moda,Jeans slim,23.23,1,0.2,23.23,Pauta pagada
O506281,2025-10-07,C102156,Sur,2025-05-16,Electrónica,Power bank,71.86,1,0.0,71.86,Redes sociales
O514865,2025-10-07,C100821,Centro,2025-03-18,Deportes,Yoga mat,46.1,3,0.0,138.3,Pauta pagada
O503632,2025-10-07,C102443,Centro,2025-06-05,Moda,Camiseta básica,37.12,1,0.0,37.12,Orgánico
O501973,2025-10-07,C101994,Este,2025-09-17,Electrónica,Power bank,71.86,3,0.0,215.58,Directo
O505042,2025-10-07,C100477,Sur,2025-02-02,Deportes,Banda resistencia,35.09,1,0.0,35.09,Orgánico
O514358,2025-10-07,C102582,Oeste,2025-04-20,Moda,Camiseta básica,37.12,2,0.0,74.24,Orgánico
O512016,2025-10-07,C100098,Sur,2025-03-07,Moda,Camiseta básica,37.12,1,0.0,37.12,Redes sociales
O514680,2025-10-07,C102271,Norte,2025-01-17,Moda,Mochila urbana,19.25,3,0.0,57.75,Redes sociales
O507663,2025-10-07,C101946,Oeste,2025-04-17,Electrónica,Cargador rápido,42.81,1,0.0,42.81,Email
O515895,2025-10-07,C102279,Oeste,2025-07-30,Moda,Tenis running,24.57,2,0.15,49.14,Directo
O506001,2025-10-07,C100523,Norte,2025-09-19,Moda,Camiseta básica,37.12,1,0.0,37.12,Orgánico
O511891,2025-10-07,C101872,Centro,2025-08-01,Hogar,Lámpara LED,58.38,2,0.0,116.76,Directo
O508616,2025-10-07,C101869,Norte,2025-09-14,Electrónica,Parlante portátil,32.04,1,0.0,32.04,Redes sociales
O509327,2025-10-07,C102537,Centro,2025-01-22,Deportes,Yoga mat,41.49,3,0.1,124.47,Redes sociales
O503154,2025-10-07,C100280,Centro,2025-08-07,Hogar,Lámpara LED,58.38,1,0.0,58.38,Pauta pagada
O504863,2025-10-07,C103311,Norte,2025-03-03,Belleza,Serum facial,22.15,1,0.0,22.15,Pauta pagada
O500648,2025-10-07,C103115,Norte,2025-10-01,Deportes,Yoga mat,46.1,2,0.0,92.2,Pauta pagada
O513465,2025-10-07,C101154,Sur,2025-03-06,Belleza,Perfume,8.48,1,0.1,8.48,Redes sociales
O511540,2025-10-07,C102837,Oeste,2025-03-06,Belleza,Serum facial,18.83,1,0.15,18.83,Redes sociales
O500436,2025-10-07,C102018,Este,2025-02-13,Moda,Mochila urbana,19.25,2,0.0,38.5,Pauta pagada
O508519,2025-10-07,C102845,Este,2025-10-02,Hogar,Lámpara LED,58.38,3,0.0,175.14,Orgánico
O511990,2025-10-07,C101051,Oeste,2025-05-27,Electrónica,Power bank,64.67,1,0.1,64.67,Orgánico
O502305,2025-10-07,C101250,Norte,2025-07-13,Moda,Gorra,39.58,2,0.0,79.16,Directo
O513590,2025-10-07,C102158,Este,2025-06-19,Hogar,Set de sábanas,28.34,3,0.15,85.02,Orgánico
O514047,2025-10-07,C100702,Centro,2025-08-13,Belleza,Shampoo reparador,10.68,1,0.0,10.68,Directo
O515936,2025-10-07,C102002,Centro,2025-03-30,Electrónica,Cargador rápido,36.39,2,0.15,72.78,Orgánico
O502525,2025-10-07,C102077,Centro,2025-03-03,Moda,Camiseta básica,33.41,2,0.1,66.82,Orgánico
O514460,2025-10-07,C102153,Este,2025-07-21,Belleza,Set de brochas,17.05,3,0.0,51.15,Directo
O512019,2025-10-07,C103195,Sur,2025-09-17,Belleza,Perfume,9.42,2,0.0,18.84,Email
O507598,2025-10-08,C103491,Este,2025-04-21,Belleza,Shampoo reparador,10.68,3,0.0,32.04,Redes sociales
O505578,2025-10-08,C100077,Centro,2025-01-14,Hogar,Set de sábanas,30.01,2,0.1,60.02,Orgánico
O506073,2025-10-08,C102637,Centro,2025-01-24,Hogar,Cortina blackout,29.37,1,0.0,29.37,Orgánico
O504530,2025-10-08,C102562,Sur,2025-03-14,Hogar,Cortina blackout,29.37,3,0.0,88.11,Orgánico
O512265,2025-10-08,C102297,Centro,2025-08-02,Moda,Mochila urbana,19.25,3,0.0,57.75,Redes sociales
O508147,2025-10-08,C100781,Sur,2025-03-05,Belleza,Perfume,8.01,1,0.15,8.01,Orgánico
O515836,2025-10-08,C102849,Norte,2025-04-10,Hogar,Organizador closet,13.2,2,0.2,26.4,Pauta pagada
O514528,2025-10-08,C100951,Este,2025-06-24,Moda,Jeans slim,23.23,1,0.2,23.23,Orgánico
O509320,2025-10-08,C102047,Sur,2025-06-29,Electrónica,Parlante portátil,32.04,3,0.0,96.12,Directo
O510832,2025-10-08,C101461,Este,2025-06-21,Moda,Jeans slim,29.04,1,0.0,29.04,Directo
O500308,2025-10-08,C102492,Oeste,2025-07-06,Deportes,Botella térmica,17.07,1,0.0,17.07,Orgánico
O515789,2025-10-08,C100056,Oeste,2025-04-21,Hogar,Organizador closet,14.02,1,0.15,14.02,Pauta pagada
O509978,2025-10-08,C102491,Este,2025-02-05,Belleza,Perfume,9.42,2,0.0,18.84,Redes sociales
O507356,2025-10-08,C101238,Oeste,2025-02-10,Moda,Camiseta básica,37.12,1,0.0,37.12,Redes sociales
O502611,2025-10-08,C101818,Este,2025-05-01,Electrónica,Parlante portátil,32.04,2,0.0,64.08,Redes sociales
O503480,2025-10-08,C102048,Centro,2025-03-23,Hogar,Cortina blackout,29.37,1,0.0,29.37,Redes sociales
O501406,2025-10-08,C101677,Sur,2025-02-15,Electrónica,Parlante portátil,32.04,1,0.0,32.04,Redes sociales
O500993,2025-10-08,C103335,Este,2025-03-21,Electrónica,Power bank,71.86,2,0.0,143.72,Directo
O505740,2025-10-08,C103197,Este,2025-07-25,Moda,Tenis running,24.57,1,0.15,24.57,Orgánico
O512592,2025-10-08,C102435,Este,2025-06-25,Belleza,Serum facial,19.93,1,0.1,19.93,Redes sociales
O501099,2025-10-08,C100960,Oeste,2025-08-16,Deportes,Yoga mat,46.1,1,0.0,46.1,Orgánico
O511503,2025-10-08,C103218,Sur,2025-07-11,Moda,Gorra,39.58,3,0.0,118.74,Directo
O507708,2025-10-08,C101936,Norte,2025-04-22,Electrónica,Power bank,64.67,2,0.1,129.34,Pauta pagada
O503716,2025-10-08,C102061,Sur,2025-01-25,Hogar,Lámpara LED,58.38,2,0.0,116.76,Email
O500512,2025-10-09,C103446,Oeste,2025-04-23,Moda,Mochila urbana,19.25,1,0.0,19.25,Email
O514790,2025-10-09,C102913,Norte,2025-04-25,Electrónica,Parlante portátil,32.04,2,0.0,64.08,Directo
O513165,2025-10-09,C102837,Oeste,2025-03-06,Hogar,Set de sábanas,33.34,2,0.0,66.68,Orgánico
O502854,2025-10-09,C103377,Sur,2025-03-28,Belleza,Shampoo reparador,10.68,1,0.0,10.68,Email
O507252,2025-10-09,C100821,Centro,2025-03-18,Moda,Gorra,39.58,2,0.0,79.16,Email
O507132,2025-10-09,C100306,Centro,2025-09-26,Belleza,Protector solar,10.84,3,0.0,32.52,Pauta pagada
O501678,2025-10-09,C102544,Este,2025-01-26,Belleza,Perfume,9.42,2,0.0,18.84,Pauta pagada
O512162,2025-10-09,C101221,Norte,2025-09-12,Moda,Jeans slim,29.04,1,0.0,29.04,Pauta pagada
O514679,2025-10-09,C101585,Este,2025-02-20,Electrónica,Smartwatch,88.17,1,0.0,88.17,Email
O515753,2025-10-09,C102218,Norte,2025-01-10,Deportes,Mancuernas ajustables,41.15,2,0.0,82.3,Directo
O505944,2025-10-09,C102074,Sur,2025-09-30,Deportes,Guantes gym,11.66,1,0.0,11.66,Directo
O500827,2025-10-09,C102082,Centro,2025-04-08,Moda,Camiseta básica,37.12,1,0.0,37.12,Orgánico
O509373,2025-10-09,C102896,Sur,2025-08-23,Hogar,Set de sábanas,28.34,1,0.15,28.34,Orgánico
O502367,2025-10-09,C101954,Oeste,2025-06-15,Hogar,Lámpara LED,58.38,2,0.0,116.76,Orgánico
O505981,2025-10-09,C101209,Centro,2025-07-08,Hogar,Set de sábanas,33.34,3,0.0,100.02,Pauta pagada
O501187,2025-10-09,C101067,Centro,2025-08-04,Moda,Mochila urbana,19.25,1,0.0,19.25,Pauta pagada
O512611,2025-10-09,C101938,Norte,2025-06-18,Hogar,Lámpara LED,58.38,2,0.0,116.76,Redes sociales
O509216,2025-10-09,C101002,Este,2025-01-28,Electrónica,Smartwatch,88.17,2,0.0,176.34,Orgánico
O506451,2025-10-09,C101978,Sur,2025-04-16,Deportes,Botella térmica,14.51,3,0.15,43.53,Redes sociales
O503729,2025-10-09,C103222,Oeste,2025-09-26,Hogar,Organizador closet,16.5,3,0.0,49.5,Orgánico
O500696,2025-10-09,C100126,Este,2025-09-26,Belleza,Set de brochas,17.05,3,0.0,51.15,Redes sociales
O515108,2025-10-09,C101289,Oeste,2025-08-15,Electrónica,Cargador rápido,42.81,3,0.0,128.43,Pauta pagada
O509084,2025-10-09,C103192,Sur,2025-06-16,Belleza,Perfume,9.42,1,0.0,9.42,Redes sociales
O515798,2025-10-10,C101039,Este,2025-08-15,Deportes,Botella térmica,17.07,1,0.0,17.07,Orgánico
O501988,2025-10-10,C101289,Oeste,2025-08-15,Belleza,Set de brochas,17.05,1,0.0,17.05,Directo
O512122,2025-10-10,C100034,Centro,2025-06-11,Belleza,Serum facial,22.15,3,0.0,66.45,Orgánico
O501918,2025-10-10,C100721,Norte,2025-06-02,Belleza,Serum facial,22.15,2,0.0,44.3,Pauta pagada
O515527,2025-10-10,C100087,Oeste,2025-04-26,Hogar,Difusor aromas,51.63,2,0.0,103.26,Directo
O510884,2025-10-10,C102152,Oeste,2025-09-30,Moda,Tenis running,24.57,1,0.15,24.57,Email
O504970,2025-10-10,C103003,Sur,2025-05-16,Deportes,Yoga mat,46.1,1,0.0,46.1,Orgánico
O506552,2025-10-10,C103439,Sur,2025-03-03,Belleza,Shampoo reparador,10.68,3,0.0,32.04,Pauta pagada
O505302,2025-10-10,C101857,Oeste,2025-02-20,Belleza,Perfume,9.42,1,0.0,9.42,Redes sociales
O504403,2025-10-10,C100571,Norte,2025-08-31,Electrónica,Parlante portátil,32.04,1,0.0,32.04,Orgánico
O510552,2025-10-10,C100257,Centro,2025-04-01,Hogar,Set de sábanas,33.34,1,0.0,33.34,Redes sociales
O516157,2025-10-10,C102974,Centro,2025-08-11,Deportes,Guantes gym,10.49,1,0.1,10.49,Pauta pagada
O505668,2025-10-10,C101588,Sur,2025-03-23,Moda,Jeans slim,29.04,2,0.0,58.08,Orgánico
O508138,2025-10-10,C100078,Centro,2025-02-21,Electrónica,Cargador rápido,42.81,1,0.0,42.81,Directo
O510257,2025-10-10,C100854,Centro,2025-04-22,Belleza,Shampoo reparador,9.61,2,0.1,19.22,Directo
O503400,2025-10-10,C101084,Centro,2025-07-14,Hogar,Set de sábanas,33.34,2,0.0,66.68,Orgánico
O508300,2025-10-10,C102553,Sur,2025-01-24,Belleza,Shampoo reparador,10.68,2,0.0,21.36,Orgánico
O500425,2025-10-10,C101503,Este,2025-05-25,Hogar,Set de sábanas,33.34,2,0.0,66.68,Orgánico
O514725,2025-10-10,C101616,Norte,2025-02-10,Moda,Mochila urbana,16.36,1,0.15,16.36,Directo
O500942,2025-10-10,C102650,Oeste,2025-07-05,Deportes,Botella térmica,17.07,2,0.0,34.14,Pauta pagada
O513193,2025-10-10,C100444,Centro,2025-02-02,Belleza,Perfume,9.42,1,0.0,9.42,Pauta pagada
O506882,2025-10-10,C103432,Sur,2025-03-20,Hogar,Organizador closet,16.5,1,0.0,16.5,Redes sociales
O503867,2025-10-10,C103377,Sur,2025-03-28,Belleza,Set de brochas,13.64,3,0.2,40.92,Directo
O500044,2025-10-10,C102086,Norte,2025-06-15,Electrónica,Cargador rápido,34.25,3,0.2,102.75,Directo
O501751,2025-10-10,C100283,Este,2025-04-14,Hogar,Lámpara LED,58.38,2,0.0,116.76,Pauta pagada
O510522,2025-10-10,C101217,Centro,2025-05-21,Belleza,Set de brochas,17.05,1,0.0,17.05,Redes sociales
O507344,2025-10-10,C102082,Centro,2025-04-08,Hogar,Organizador closet,16.5,3,0.0,49.5,Directo
O511197,2025-10-10,C102669,Sur,2025-05-19,Deportes,Mancuernas ajustables,41.15,2,0.0,82.3,Orgánico
O512976,2025-10-10,C101699,Sur,2025-04-28,Electrónica,Parlante portátil,32.04,1,0.0,32.04,Email
O507396,2025-10-10,C101205,Sur,2025-01-24,Electrónica,Cargador rápido,34.25,1,0.2,34.25,Directo
O500133,2025-10-10,C102325,Norte,2025-05-01,Electrónica,Parlante portátil,32.04,3,0.0,96.12,Orgánico
O509127,2025-10-11,C102771,Centro,2025-02-17,Electrónica,Cargador rápido,42.81,1,0.0,42.81,Orgánico
O516044,2025-10-11,C103163,Centro,2025-02-04,Deportes,Guantes gym,11.66,1,0.0,11.66,Redes sociales
O509801,2025-10-11,C102623,Centro,2025-03-21,Moda,Tenis running,28.91,3,0.0,86.73,Directo
O503300,2025-10-11,C100239,Norte,2025-08-10,Moda,Camiseta básica,29.7,1,0.2,29.7,Orgánico
O514706,2025-10-11,C100681,Norte,2025-09-13,Hogar,Difusor aromas,51.63,3,0.0,154.89,Redes sociales
O505532,2025-10-11,C101497,Centro,2025-05-18,Hogar,Difusor aromas,51.63,2,0.0,103.26,Redes sociales
O510233,2025-10-11,C100991,Este,2025-10-11,Deportes,Guantes gym,11.66,3,0.0,34.98,Orgánico
O504819,2025-10-11,C101384,Norte,2025-06-01,Electrónica,Cargador rápido,42.81,2,0.0,85.62,Redes sociales
O511977,2025-10-11,C100514,Norte,2025-05-12,Hogar,Cortina blackout,23.5,1,0.2,23.5,Orgánico
O512525,2025-10-11,C100860,Este,2025-08-19,Hogar,Lámpara LED,58.38,2,0.0,116.76,Orgánico
O503549,2025-10-11,C103100,Este,2025-02-28,Hogar,Lámpara LED,52.54,1,0.1,52.54,Pauta pagada
O506501,2025-10-11,C101469,Este,2025-07-08,Deportes,Mancuernas ajustables,41.15,3,0.0,123.45,Orgánico
O513605,2025-10-11,C101023,Oeste,2025-09-04,Belleza,Shampoo reparador,10.68,1,0.0,10.68,Directo
O505096,2025-10-11,C101459,Sur,2025-03-19,Deportes,Banda resistencia,35.09,1,0.0,35.09,Email
O500405,2025-10-11,C102240,Sur,2025-05-05,Hogar,Difusor aromas,51.63,1,0.0,51.63,Orgánico
O503721,2025-10-11,C100878,Norte,2025-07-23,Electrónica,Power bank,71.86,3,0.0,215.58,Redes sociales
O511375,2025-10-11,C100116,Oeste,2025-06-21,Hogar,Cortina blackout,29.37,2,0.0,58.74,Pauta pagada
O508832,2025-10-11,C103193,Sur,2025-03-22,Belleza,Shampoo reparador,10.68,1,0.0,10.68,Orgánico
O512937,2025-10-11,C101649,Este,2025-05-04,Electrónica,Audífonos BT,73.05,2,0.0,146.1,Directo
O511112,2025-10-11,C102735,Centro,2025-08-25,Deportes,Yoga mat,46.1,1,0.0,46.1,Orgánico
O511149,2025-10-11,C102235,Sur,2025-05-12,Hogar,Lámpara LED,52.54,3,0.1,157.62,Redes sociales
O506748,2025-10-11,C101435,Centro,2025-07-09,Moda,Gorra,39.58,1,0.0,39.58,Pauta pagada
O509277,2025-10-11,C102080,Oeste,2025-01-24,Electrónica,Parlante portátil,28.84,1,0.1,28.84,Orgánico
O504978,2025-10-11,C101805,Centro,2025-05-14,Deportes,Guantes gym,11.66,2,0.0,23.32,Orgánico
O510810,2025-10-11,C101584,Centro,2025-05-30,Deportes,Banda resistencia,35.09,1,0.0,35.09,Email
O507696,2025-10-11,C103365,Norte,2025-06-13,Belleza,Serum facial,22.15,1,0.0,22.15,Directo
O510012,2025-10-11,C100032,Norte,2025-09-02,Hogar,Organizador closet,14.85,3,0.1,44.55,Pauta pagada
O506558,2025-10-11,C100548,Norte,2025-04-26,Electrónica,Power bank,71.86,1,0.0,71.86,Directo
O512061,2025-10-11,C100793,Oeste,2025-05-16,Electrónica,Audífonos BT,73.05,1,0.0,73.05,Directo
O505021,2025-10-11,C100322,Este,2025-04-14,Moda,Tenis running,28.91,1,0.0,28.91,Redes sociales
O500656,2025-10-11,C100537,Este,2025-09-08,Belleza,Perfume,9.42,1,0.0,9.42,Orgánico
O502495,2025-10-11,C102797,Norte,2025-10-05,Deportes,Guantes gym,11.66,2,0.0,23.32,Orgánico
O502844,2025-10-11,C101812,Centro,2025-02-24,Electrónica,Smartwatch,79.35,1,0.1,79.35,Redes sociales
O501944,2025-10-12,C101098,Centro,2025-09-26,Electrónica,Smartwatch,79.35,3,0.1,238.05,Orgánico
O512089,2025-10-12,C100036,Norte,2025-02-28,Belleza,Serum facial,22.15,3,0.0,66.45,Redes sociales
O510023,2025-10-12,C102830,Sur,2025-06-10,Electrónica,Power bank,71.86,1,0.0,71.86,Email
O509594,2025-10-12,C102542,Norte,2025-09-21,Hogar,Difusor aromas,51.63,3,0.0,154.89,Redes sociales
O500527,2025-10-12,C102590,Norte,2025-06-09,Hogar,Organizador closet,16.5,1,0.0,16.5,Orgánico
O506926,2025-10-12,C100256,Centro,2025-07-13,Moda,Tenis running,28.91,3,0.0,86.73,Redes sociales
O500012,2025-10-12,C102679,Sur,2025-08-27,Electrónica,Cargador rápido,42.81,1,0.0,42.81,Orgánico
O504253,2025-10-12,C101405,Oeste,2025-03-26,Moda,Camiseta básica,37.12,1,0.0,37.12,Email
O501106,2025-10-12,C101596,Este,2025-05-27,Hogar,Set de sábanas,26.67,1,0.2,26.67,Pauta pagada
O510169,2025-10-12,C103400,Centro,2025-02-13,Deportes,Mancuernas ajustables,32.92,3,0.2,98.76,Redes sociales
O512961,2025-10-12,C101956,Oeste,2025-02-19,Moda,Gorra,33.64,1,0.15,33.64,Redes sociales
O510385,2025-10-12,C103222,Oeste,2025-09-26,Hogar,Organizador closet,14.85,1,0.1,14.85,Redes sociales
O511597,2025-10-12,C103124,Oeste,2025-09-03,Moda,Gorra,39.58,1,0.0,39.58,Orgánico
O509258,2025-10-12,C100691,Norte,2025-05-28,Belleza,Perfume,9.42,3,0.0,28.26,Redes sociales
O515274,2025-10-12,C100239,Norte,2025-08-10,Deportes,Mancuernas ajustables,37.03,2,0.1,74.06,Redes sociales
O502847,2025-10-12,C102734,Centro,2025-09-20,Electrónica,Cargador rápido,42.81,1,0.0,42.81,Redes sociales
O509337,2025-10-12,C101180,Este,2025-06-21,Hogar,Lámpara LED,58.38,3,0.0,175.14,Orgánico
O510900,2025-10-12,C100717,Oeste,2025-04-26,Deportes,Guantes gym,9.33,1,0.2,9.33,Pauta pagada
O508826,2025-10-12,C100563,Este,2025-04-14,Moda,Jeans slim,29.04,1,0.0,29.04,Redes sociales
O513816,2025-10-12,C100246,Norte,2025-02-13,Electrónica,Audífonos BT,73.05,1,0.0,73.05,Directo
O508932,2025-10-12,C101207,Oeste,2025-06-16,Belleza,Shampoo reparador,10.68,3,0.0,32.04,Pauta pagada
O515573,2025-10-12,C103069,Este,2025-01-13,Belleza,Serum facial,18.83,1,0.15,18.83,Pauta pagada
O506278,2025-10-12,C101666,Este,2025-04-14,Belleza,Set de brochas,17.05,1,0.0,17.05,Email
O507646,2025-10-12,C102165,Este,2025-06-27,Belleza,Set de brochas,17.05,2,0.0,34.1,Pauta pagada
O501382,2025-10-12,C101101,Oeste,2025-05-24,Belleza,Shampoo reparador,10.68,1,0.0,10.68,Redes sociales
O514981,2025-10-12,C103029,Centro,2025-09-24,Belleza,Protector solar,9.21,3,0.15,27.63,Directo
O511287,2025-10-12,C103387,Norte,2025-07-02,Electrónica,Cargador rápido,42.81,2,0.0,85.62,Redes sociales
O500813,2025-10-12,C102775,Centro,2025-08-17,Belleza,Protector solar,9.76,1,0.1,9.76,Orgánico
O503255,2025-10-12,C101342,Norte,2025-05-20,Moda,Mochila urbana,16.36,2,0.15,32.72,Orgánico
O515338,2025-10-12,C100926,Este,2025-04-26,Deportes,Guantes gym,11.66,2,0.0,23.32,Redes sociales
O512021,2025-10-13,C103004,Sur,2025-03-28,Belleza,Serum facial,22.15,1,0.0,22.15,Redes sociales
O515282,2025-10-13,C103472,Centro,2025-10-02,Electrónica,Parlante portátil,32.04,1,0.0,32.04,Orgánico
O502088,2025-10-13,C101288,Centro,2025-09-15,Moda,Jeans slim,29.04,3,0.0,87.12,Orgánico
O501192,2025-10-13,C103117,Centro,2025-04-16,Deportes,Yoga mat,46.1,1,0.0,46.1,Email
O507087,2025-10-13,C101363,Sur,2025-09-10,Hogar,Lámpara LED,58.38,1,0.0,58.38,Directo
O502947,2025-10-13,C101751,Centro,2025-01-23,Moda,Gorra,33.64,1,0.15,33.64,Orgánico
O506594,2025-10-13,C101218,Centro,2025-10-11,Hogar,Difusor aromas,51.63,2,0.0,103.26,Directo
O509088,2025-10-13,C102052,Centro,2025-07-28,Hogar,Difusor aromas,51.63,2,0.0,103.26,Redes sociales
O506463,2025-10-13,C101875,Norte,2025-04-04,Hogar,Organizador closet,14.02,1,0.15,14.02,Orgánico
O500764,2025-10-13,C103058,Sur,2025-01-09,Moda,Mochila urbana,19.25,1,0.0,19.25,Pauta pagada
O500987,2025-10-13,C100261,Sur,2025-09-30,Moda,Mochila urbana,17.32,2,0.1,34.64,Orgánico
O504174,2025-10-13,C101469,Este,2025-07-08,Belleza,Set de brochas,17.05,2,0.0,34.1,Directo
O502126,2025-10-13,C100924,Centro,2025-01-04,Deportes,Banda resistencia,35.09,1,0.0,35.09,Redes sociales
O516064,2025-10-13,C103440,Sur,2025-05-27,Moda,Mochila urbana,19.25,1,0.0,19.25,Redes sociales
O508808,2025-10-13,C101938,Norte,2025-06-18,Belleza,Perfume,8.01,2,0.15,16.02,Pauta pagada
O506467,2025-10-13,C102233,Centro,2025-04-27,Moda,Jeans slim,29.04,1,0.0,29.04,Email
O506110,2025-10-13,C102780,Centro,2025-09-25,Moda,Camiseta básica,31.55,1,0.15,31.55,Redes sociales
O506811,2025-10-13,C101287,Norte,2025-02-10,Electrónica,Smartwatch,88.17,3,0.0,264.51,Directo
O500816,2025-10-13,C102977,Centro,2025-05-19,Deportes,Mancuernas ajustables,41.15,1,0.0,41.15,Email
O510053,2025-10-13,C103021,Sur,2025-05-31,Electrónica,Cargador rápido,38.53,1,0.1,38.53,Pauta pagada
O515180,2025-10-13,C100002,Sur,2025-03-10,Belleza,Serum facial,22.15,1,0.0,22.15,Orgánico
O501273,2025-10-13,C103234,Centro,2025-05-29,Belleza,Perfume,9.42,1,0.0,9.42,Orgánico
O500008,2025-10-13,C103157,Norte,2025-08-21,Deportes,Mancuernas ajustables,41.15,2,0.0,82.3,Pauta pagada
O504854,2025-10-13,C102690,Oeste,2025-09-19,Deportes,Botella térmica,17.07,2,0.0,34.14,Redes sociales
O513250,2025-10-13,C101991,Oeste,2025-08-31,Deportes,Guantes gym,11.66,1,0.0,11.66,Redes sociales
O503183,2025-10-13,C103261,Norte,2025-07-31,Belleza,Protector solar,10.84,1,0.0,10.84,Pauta pagada
O516245,2025-10-13,C102864,Oeste,2025-05-14,Deportes,Guantes gym,11.66,1,0.0,11.66,Redes sociales
O500936,2025-10-13,C102340,Norte,2025-01-26,Electrónica,Audífonos BT,73.05,2,0.0,146.1,Orgánico
O509689,2025-10-13,C102064,Norte,2025-03-24,Belleza,Perfume,9.42,1,0.0,9.42,Email
O514002,2025-10-13,C103364,Oeste,2025-10-02,Electrónica,Smartwatch,88.17,2,0.0,176.34,Orgánico
O509699,2025-10-13,C102754,Sur,2025-09-15,Belleza,Shampoo reparador,10.68,2,0.0,21.36,Orgánico
O506714,2025-10-13,C102884,Centro,2025-09-17,Deportes,Banda resistencia,35.09,1,0.0,35.09,Pauta pagada
O504955,2025-10-13,C102597,Oeste,2025-05-22,Moda,Tenis running,28.91,1,0.0,28.91,Pauta pagada
O508829,2025-10-13,C101207,Oeste,2025-06-16,Electrónica,Smartwatch,88.17,1,0.0,88.17,Directo
O507956,2025-10-13,C101808,Este,2025-05-24,Electrónica,Audífonos BT,73.05,1,0.0,73.05,Directo
O513666,2025-10-13,C101401,Este,2025-01-07,Belleza,Set de brochas,17.05,2,0.0,34.1,Orgánico
O502306,2025-10-13,C102063,Este,2025-01-20,Hogar,Cortina blackout,29.37,2,0.0,58.74,Pauta pagada
O507392,2025-10-13,C100936,Centro,2025-02-21,Belleza,Shampoo reparador,9.61,3,0.1,28.83,Orgánico
O504326,2025-10-13,C102746,Centro,2025-04-21,Hogar,Organizador closet,16.5,1,0.0,16.5,Redes sociales
O507560,2025-10-13,C103033,Oeste,2025-02-05,Moda,Jeans slim,29.04,2,0.0,58.08,Redes sociales
O504456,2025-10-13,C102900,Norte,2025-09-18,Hogar,Difusor aromas,51.63,1,0.0,51.63,Redes sociales
O515675,2025-10-13,C100122,Sur,2025-05-30,Deportes,Guantes gym,9.33,3,0.2,27.99,Orgánico
O511879,2025-10-13,C101984,Norte,2025-08-03,Hogar,Lámpara LED,58.38,1,0.0,58.38,Orgánico
O511527,2025-10-13,C102298,Sur,2025-06-21,Belleza,Serum facial,22.15,3,0.0,66.45,Pauta pagada
O507417,2025-10-13,C101315,Norte,2025-06-15,Belleza,Perfume,9.42,1,0.0,9.42,Redes sociales
O507422,2025-10-13,C101419,Este,2025-09-22,Deportes,Botella térmica,14.51,1,0.15,14.51,Redes sociales
O502591,2025-10-13,C102647,Centro,2025-08-17,Moda,Tenis running,28.91,1,0.0,28.91,Pauta pagada
O500287,2025-10-14,C100728,Centro,2025-05-09,Deportes,Botella térmica,17.07,1,0.0,17.07,Email
O512559,2025-10-14,C101664,Sur,2025-04-30,Moda,Gorra,35.62,1,0.1,35.62,Redes sociales
O512328,2025-10-14,C100334,Norte,2025-05-28,Belleza,Set de brochas,17.05,3,0.0,51.15,Orgánico
O508941,2025-10-14,C102719,Norte,2025-08-21,Belleza,Perfume,9.42,2,0.0,18.84,Directo
O515294,2025-10-14,C101602,Centro,2025-06-15,Hogar,Lámpara LED,58.38,2,0.0,116.76,Pauta pagada
O507530,2025-10-14,C103460,Centro,2025-05-12,Belleza,Shampoo reparador,10.68,2,0.0,21.36,Pauta pagada
O510945,2025-10-14,C102949,Este,2025-04-07,Hogar,Cortina blackout,29.37,3,0.0,88.11,Email
O504327,2025-10-14,C101060,Este,2025-07-11,Deportes,Yoga mat,46.1,1,0.0,46.1,Redes sociales
O509487,2025-10-14,C102330,Centro,2025-05-21,Moda,Mochila urbana,19.25,2,0.0,38.5,Directo
O509484,2025-10-14,C101230,Oeste,2025-02-25,Electrónica,Cargador rápido,42.81,1,0.0,42.81,Directo
O504240,2025-10-14,C100189,Este,2025-05-26,Deportes,Banda resistencia,31.58,1,0.1,31.58,Pauta pagada
O513088,2025-10-14,C101351,Oeste,2025-09-27,Belleza,Set de brochas,17.05,1,0.0,17.05,Email
O504241,2025-10-14,C101448,Centro,2025-05-12,Electrónica,Smartwatch,88.17,2,0.0,176.34,Directo
O512964,2025-10-14,C102884,Centro,2025-09-17,Belleza,Set de brochas,17.05,1,0.0,17.05,Redes sociales
O506640,2025-10-14,C100236,Este,2025-05-02,Electrónica,Audífonos BT,73.05,1,0.0,73.05,Email
O503585,2025-10-14,C101201,Sur,2025-01-15,Hogar,Lámpara LED,52.54,2,0.1,105.08,Orgánico
O506829,2025-10-14,C100186,Sur,2025-07-27,Moda,Camiseta básica,37.12,2,0.0,74.24,Redes sociales
O506007,2025-10-14,C101385,Norte,2025-07-15,Hogar,Difusor aromas,51.63,3,0.0,154.89,Redes sociales
O506127,2025-10-14,C100998,Sur,2025-04-29,Moda,Mochila urbana,15.4,1,0.2,15.4,Orgánico
O516262,2025-10-14,C102057,Este,2025-02-26,Electrónica,Power bank,71.86,2,0.0,143.72,Orgánico
O504839,2025-10-14,C102640,Sur,2025-02-24,Deportes,Yoga mat,46.1,3,0.0,138.3,Redes sociales
O506995,2025-10-14,C102182,Centro,2025-03-01,Deportes,Botella térmica,17.07,2,0.0,34.14,Redes sociales
O504437,2025-10-14,C100247,Sur,2025-05-17,Hogar,Organizador closet,13.2,2,0.2,26.4,Pauta pagada
O510286,2025-10-14,C102709,Oeste,2025-06-24,Deportes,Banda resistencia,31.58,2,0.1,63.16,Redes sociales
O510551,2025-10-14,C102437,Sur,2025-07-26,Moda,Tenis running,24.57,1,0.15,24.57,Email
O505076,2025-10-14,C100518,Norte,2025-02-21,Deportes,Yoga mat,39.18,3,0.15,117.54,Orgánico
O505352,2025-10-14,C103300,Norte,2025-06-10,Deportes,Botella térmica,17.07,2,0.0,34.14,Directo
O509427,2025-10-14,C103157,Norte,2025-08-21,Deportes,Mancuernas ajustables,41.15,2,0.0,82.3,Pauta pagada
O506355,2025-10-14,C103445,Norte,2025-08-23,Moda,Camiseta básica,37.12,3,0.0,111.36,Pauta pagada
O504494,2025-10-14,C102150,Centro,2025-01-03,Hogar,Lámpara LED,58.38,1,0.0,58.38,Orgánico
O515733,2025-10-14,C101622,Centro,2025-08-09,Deportes,Yoga mat,46.1,1,0.0,46.1,Redes sociales
O503856,2025-10-14,C101865,Norte,2025-03-15,Deportes,Banda resistencia,35.09,2,0.0,70.18,Pauta pagada
O514274,2025-10-14,C101653,Centro,2025-04-01,Belleza,Serum facial,22.15,1,0.0,22.15,Redes sociales
O516159,2025-10-14,C101507,Centro,2025-08-11,Electrónica,Parlante portátil,28.84,2,0.1,57.68,Redes sociales
O514262,2025-10-14,C102830,Sur,2025-06-10,Belleza,Shampoo reparador,10.68,3,0.0,32.04,Email
O504177,2025-10-14,C100730,Norte,2025-08-04,Belleza,Protector solar,10.84,2,0.0,21.68,Orgánico
O514802,2025-10-14,C101005,Norte,2025-01-31,Moda,Camiseta básica,33.41,1,0.1,33.41,Orgánico
O513661,2025-10-14,C100381,Centro,2025-04-30,Moda,Mochila urbana,19.25,2,0.0,38.5,Redes sociales
O500057,2025-10-14,C100280,Centro,2025-08-07,Electrónica,Cargador rápido,36.39,1,0.15,36.39,Redes sociales
O515722,2025-10-14,C100664,Este,2025-08-05,Moda,Jeans slim,29.04,2,0.0,58.08,Pauta pagada
O514222,2025-10-14,C100758,Oeste,2025-09-25,Hogar,Lámpara LED,46.7,1,0.2,46.7,Directo
O512614,2025-10-14,C102163,Sur,2025-08-08,Deportes,Mancuernas ajustables,32.92,1,0.2,32.92,Pauta pagada
O505929,2025-10-15,C100717,Oeste,2025-04-26,Deportes,Botella térmica,17.07,1,0.0,17.07,Redes sociales
O504635,2025-10-15,C102616,Centro,2025-04-26,Deportes,Botella térmica,14.51,1,0.15,14.51,Directo
O508114,2025-10-15,C100312,Oeste,2025-06-29,Deportes,Mancuernas ajustables,41.15,1,0.0,41.15,Email
O510314,2025-10-15,C100763,Centro,2025-04-25,Deportes,Guantes gym,11.66,1,0.0,11.66,Redes sociales
O507639,2025-10-15,C101228,Centro,2025-03-26,Belleza,Perfume,9.42,1,0.0,9.42,Redes sociales
O513410,2025-10-15,C102381,Norte,2025-09-06,Moda,Mochila urbana,19.25,3,0.0,57.75,Pauta pagada
O511424,2025-10-15,C102845,Este,2025-10-02,Electrónica,Cargador rápido,42.81,3,0.0,128.43,Orgánico
O504259,2025-10-15,C101466,Centro,2025-08-24,Electrónica,Smartwatch,88.17,2,0.0,176.34,Directo
O512899,2025-10-15,C102888,Este,2025-06-21,Hogar,Lámpara LED,58.38,2,0.0,116.76,Orgánico
O505361,2025-10-15,C102798,Sur,2025-03-03,Moda,Gorra,39.58,1,0.0,39.58,Redes sociales
O511679,2025-10-15,C102170,Sur,2025-04-05,Electrónica,Audífonos BT,73.05,1,0.0,73.05,Email
O512094,2025-10-15,C101796,Oeste,2025-06-15,Belleza,Shampoo reparador,10.68,2,0.0,21.36,Pauta pagada
O516168,2025-10-15,C101288,Centro,2025-09-15,Deportes,Botella térmica,17.07,1,0.0,17.07,Orgánico
O504563,2025-10-15,C101339,Norte,2025-01-11,Deportes,Guantes gym,11.66,1,0.0,11.66,Email
O515121,2025-10-15,C102230,Norte,2025-08-26,Moda,Mochila urbana,19.25,2,0.0,38.5,Email
O500504,2025-10-15,C101705,Centro,2025-05-27,Electrónica,Power bank,57.49,1,0.2,57.49,Redes sociales
O502401,2025-10-15,C101596,Este,2025-05-27,Moda,Jeans slim,29.04,2,0.0,58.08,Email
O513534,2025-10-15,C102436,Centro,2025-03-31,Deportes,Mancuernas ajustables,41.15,1,0.0,41.15,Redes sociales
O508253,2025-10-15,C100466,Norte,2025-07-08,Electrónica,Smartwatch,74.94,2,0.15,149.88,Redes sociales
O508098,2025-10-15,C100915,Centro,2025-02-08,Hogar,Organizador closet,16.5,2,0.0,33.0,Orgánico
O507288,2025-10-15,C102532,Sur,2025-10-06,Hogar,Cortina blackout,29.37,1,0.0,29.37,Orgánico
O504868,2025-10-15,C100731,Oeste,2025-09-14,Moda,Gorra,39.58,1,0.0,39.58,Email
O513019,2025-10-15,C101535,Oeste,2025-03-30,Hogar,Lámpara LED,49.62,1,0.15,49.62,Orgánico
O504203,2025-10-15,C103017,Este,2025-09-09,Deportes,Banda resistencia,35.09,2,0.0,70.18,Directo
O514733,2025-10-15,C101644,Centro,2025-02-18,Moda,Gorra,39.58,1,0.0,39.58,Redes sociales
O510960,2025-10-15,C103016,Sur,2025-09-27,Hogar,Difusor aromas,46.47,1,0.1,46.47,Pauta pagada
O502954,2025-10-15,C102394,Centro,2025-06-15,Electrónica,Audífonos BT,58.44,1,0.2,58.44,Orgánico
O511528,2025-10-15,C102699,Centro,2025-07-09,Hogar,Cortina blackout,29.37,2,0.0,58.74,Directo
O516339,2025-10-15,C100272,Centro,2025-03-12,Deportes,Botella térmica,17.07,1,0.0,17.07,Orgánico
O509148,2025-10-15,C103163,Centro,2025-02-04,Hogar,Lámpara LED,49.62,2,0.15,99.24,Orgánico
O514744,2025-10-15,C102566,Sur,2025-09-03,Deportes,Banda resistencia,35.09,1,0.0,35.09,Pauta pagada
O506063,2025-10-15,C101893,Oeste,2025-08-11,Deportes,Botella térmica,17.07,1,0.0,17.07,Email
O512564,2025-10-15,C102039,Sur,2025-06-02,Moda,Mochila urbana,19.25,3,0.0,57.75,Orgánico
O502812,2025-10-15,C102585,Este,2025-07-18,Belleza,Set de brochas,17.05,1,0.0,17.05,Orgánico
O514934,2025-10-15,C102867,Centro,2025-08-23,Deportes,Mancuernas ajustables,41.15,1,0.0,41.15,Redes sociales
O514137,2025-10-15,C102091,Este,2025-05-24,Hogar,Lámpara LED,58.38,3,0.0,175.14,Directo
O500451,2025-10-15,C101732,Sur,2025-01-20,Hogar,Lámpara LED,58.38,3,0.0,175.14,Orgánico
O509175,2025-10-16,C102286,Sur,2025-04-30,Moda,Gorra,39.58,2,0.0,79.16,Directo
O507753,2025-10-16,C102683,Norte,2025-06-08,Moda,Mochila urbana,19.25,1,0.0,19.25,Email
O504569,2025-10-16,C100910,Oeste,2025-08-01,Deportes,Botella térmica,17.07,2,0.0,34.14,Email
O502615,2025-10-16,C100312,Oeste,2025-06-29,Hogar,Difusor aromas,51.63,2,0.0,103.26,Pauta pagada
O516301,2025-10-16,C102653,Sur,2025-08-14,Deportes,Banda resistencia,35.09,1,0.0,35.09,Directo
O505164,2025-10-16,C100017,Oeste,2025-05-07,Electrónica,Audífonos BT,58.44,2,0.2,116.88,Redes sociales
O512924,2025-10-16,C100628,Centro,2025-07-20,Deportes,Botella térmica,17.07,1,0.0,17.07,Pauta pagada
O514753,2025-10-16,C101447,Centro,2025-02-24,Hogar,Cortina blackout,29.37,1,0.0,29.37,Orgánico
O507436,2025-10-16,C101241,Norte,2025-06-28,Electrónica,Smartwatch,88.17,3,0.0,264.51,Orgánico
O502746,2025-10-16,C102644,Sur,2025-04-06,Hogar,Set de sábanas,33.34,1,0.0,33.34,Email
O501058,2025-10-16,C102701,Centro,2025-07-05,Moda,Tenis running,28.91,2,0.0,57.82,Directo
O510839,2025-10-16,C102888,Este,2025-06-21,Hogar,Lámpara LED,58.38,2,0.0,116.76,Email
O506762,2025-10-16,C103138,Centro,2025-04-16,Electrónica,Parlante portátil,32.04,2,0.0,64.08,Pauta pagada
O508479,2025-10-16,C102789,Oeste,2025-03-14,Belleza,Perfume,8.01,1,0.15,8.01,Pauta pagada
O510838,2025-10-16,C100953,Centro,2025-10-05,Electrónica,Audífonos BT,73.05,2,0.0,146.1,Email
O508803,2025-10-16,C102748,Centro,2025-06-08,Moda,Mochila urbana,16.36,1,0.15,16.36,Redes sociales
O515690,2025-10-16,C100924,Centro,2025-01-04,Moda,Gorra,39.58,1,0.0,39.58,Directo
O514217,2025-10-16,C102080,Oeste,2025-01-24,Deportes,Mancuernas ajustables,41.15,1,0.0,41.15,Pauta pagada
O506959,2025-10-16,C100364,Este,2025-09-08,Hogar,Organizador closet,14.85,2,0.1,29.7,Redes sociales
O510679,2025-10-16,C102953,Centro,2025-02-21,Deportes,Yoga mat,46.1,1,0.0,46.1,Pauta pagada
O511599,2025-10-16,C100151,Centro,2025-10-11,Electrónica,Parlante portátil,32.04,1,0.0,32.04,Redes sociales
O512302,2025-10-16,C102003,Norte,2025-07-02,Electrónica,Power bank,71.86,1,0.0,71.86,Pauta pagada
O505452,2025-10-16,C102399,Norte,2025-05-01,Electrónica,Smartwatch,88.17,3,0.0,264.51,Email
O501335,2025-10-16,C100232,Centro,2025-04-02,Belleza,Protector solar,10.84,2,0.0,21.68,Redes sociales
O501571,2025-10-16,C101835,Centro,2025-08-28,Deportes,Guantes gym,10.49,1,0.1,10.49,Redes sociales
O503582,2025-10-16,C101787,Centro,2025-01-15,Electrónica,Power bank,71.86,2,0.0,143.72,Directo
O512700,2025-10-16,C100070,Centro,2025-04-28,Belleza,Shampoo reparador,10.68,3,0.0,32.04,Email
O505776,2025-10-16,C103345,Norte,2025-04-16,Belleza,Shampoo reparador,10.68,1,0.0,10.68,Pauta pagada
O511598,2025-10-16,C100792,Norte,2025-06-01,Deportes,Guantes gym,11.66,1,0.0,11.66,Directo
O505792,2025-10-16,C102015,Norte,2025-02-04,Belleza,Protector solar,10.84,2,0.0,21.68,Redes sociales
O508311,2025-10-16,C103137,Norte,2025-09-26,Moda,Mochila urbana,16.36,3,0.15,49.08,Email
O512179,2025-10-16,C103076,Centro,2025-02-28,Deportes,Botella térmica,14.51,2,0.15,29.02,Pauta pagada
O511752,2025-10-16,C101055,Oeste,2025-09-03,Moda,Camiseta básica,37.12,1,0.0,37.12,Orgánico
O505494,2025-10-17,C103012,Oeste,2025-09-28,Belleza,Shampoo reparador,10.68,1,0.0,10.68,Email
O504859,2025-10-17,C103225,Oeste,2025-03-20,Moda,Jeans slim,29.04,2,0.0,58.08,Directo
O504702,2025-10-17,C101435,Centro,2025-07-09,Deportes,Guantes gym,11.66,3,0.0,34.98,Orgánico
O507377,2025-10-17,C100783,Norte,2025-04-25,Moda,Gorra,39.58,1,0.0,39.58,Orgánico
O510963,2025-10-17,C102456,Centro,2025-09-15,Deportes,Yoga mat,36.88,3,0.2,110.64,Email
O502881,2025-10-17,C101354,Este,2025-02-15,Belleza,Set de brochas,14.49,1,0.15,14.49,Orgánico
O511143,2025-10-17,C102476,Norte,2025-02-19,Moda,Jeans slim,29.04,1,0.0,29.04,Orgánico
O501535,2025-10-17,C102962,Norte,2025-05-05,Belleza,Protector solar,10.84,2,0.0,21.68,Redes sociales
O514024,2025-10-17,C101517,Centro,2025-06-20,Hogar,Difusor aromas,51.63,3,0.0,154.89,Orgánico
O513604,2025-10-17,C102719,Norte,2025-08-21,Hogar,Organizador closet,14.85,2,0.1,29.7,Email
O506411,2025-10-17,C100591,Centro,2025-08-28,Hogar,Cortina blackout,24.96,1,0.15,24.96,Directo
O505371,2025-10-17,C103216,Centro,2025-07-16,Electrónica,Cargador rápido,38.53,2,0.1,77.06,Orgánico
O514036,2025-10-17,C100929,Norte,2025-01-10,Belleza,Protector solar,10.84,1,0.0,10.84,Pauta pagada
O513976,2025-10-17,C101330,Este,2025-04-19,Belleza,Shampoo reparador,9.08,2,0.15,18.16,Orgánico
O501540,2025-10-17,C101507,Centro,2025-08-11,Belleza,Perfume,9.42,1,0.0,9.42,Orgánico
O501663,2025-10-17,C102776,Centro,2025-02-11,Electrónica,Audífonos BT,73.05,1,0.0,73.05,Directo
O510092,2025-10-17,C101431,Norte,2025-01-05,Hogar,Lámpara LED,58.38,3,0.0,175.14,Orgánico
O511080,2025-10-17,C101116,Centro,2025-04-21,Moda,Camiseta básica,37.12,3,0.0,111.36,Orgánico
O500556,2025-10-17,C102626,Este,2025-08-31,Electrónica,Audífonos BT,73.05,2,0.0,146.1,Pauta pagada
O511484,2025-10-17,C102937,Este,2025-05-28,Belleza,Serum facial,22.15,1,0.0,22.15,Directo
O502296,2025-10-17,C101057,Oeste,2025-03-28,Hogar,Difusor aromas,51.63,1,0.0,51.63,Orgánico
O503899,2025-10-17,C102266,Este,2025-09-10,Belleza,Shampoo reparador,10.68,2,0.0,21.36,Pauta pagada
O511673,2025-10-17,C103487,Norte,2025-07-12,Electrónica,Smartwatch,88.17,1,0.0,88.17,Orgánico
O514940,2025-10-17,C103447,Centro,2025-05-31,Deportes,Mancuernas ajustables,41.15,3,0.0,123.45,Orgánico
O504024,2025-10-17,C101853,Centro,2025-02-17,Moda,Jeans slim,23.23,1,0.2,23.23,Pauta pagada
O505727,2025-10-17,C102180,Centro,2025-02-18,Belleza,Serum facial,17.72,1,0.2,17.72,Redes sociales
O505610,2025-10-17,C100270,Centro,2025-05-11,Deportes,Banda resistencia,35.09,1,0.0,35.09,Orgánico
O500845,2025-10-17,C102660,Norte,2025-02-10,Electrónica,Audífonos BT,73.05,1,0.0,73.05,Email
O503201,2025-10-17,C102379,Centro,2025-01-15,Deportes,Guantes gym,11.66,3,0.0,34.98,Orgánico
O511170,2025-10-17,C100402,Norte,2025-03-15,Electrónica,Audífonos BT,73.05,1,0.0,73.05,Email
O503938,2025-10-17,C101453,Este,2025-03-14,Belleza,Serum facial,22.15,1,0.0,22.15,Directo
O514919,2025-10-17,C100641,Norte,2025-09-17,Moda,Mochila urbana,19.25,1,0.0,19.25,Directo
O501788,2025-10-17,C102229,Centro,2025-02-19,Hogar,Organizador closet,16.5,3,0.0,49.5,Redes sociales
O513538,2025-10-18,C101764,Este,2025-08-25,Hogar,Lámpara LED,52.54,3,0.1,157.62,Directo
O508236,2025-10-18,C100603,Sur,2025-03-29,Electrónica,Smartwatch,88.17,1,0.0,88.17,Pauta pagada
O500321,2025-10-18,C100362,Sur,2025-10-14,Electrónica,Audífonos BT,73.05,1,0.0,73.05,Pauta pagada
O514858,2025-10-18,C102762,Oeste,2025-01-17,Hogar,Lámpara LED,58.38,1,0.0,58.38,Directo
O502962,2025-10-18,C102423,Este,2025-03-10,Electrónica,Audífonos BT,73.05,1,0.0,73.05,Orgánico
O503759,2025-10-18,C103006,Oeste,2025-03-05,Electrónica,Parlante portátil,32.04,1,0.0,32.04,Redes sociales
O505890,2025-10-18,C101312,Centro,2025-04-01,Moda,Mochila urbana,19.25,1,0.0,19.25,Email
O512187,2025-10-18,C102130,Norte,2025-03-07,Electrónica,Power bank,71.86,3,0.0,215.58,Orgánico
O508923,2025-10-18,C100514,Norte,2025-05-12,Belleza,Perfume,9.42,2,0.0,18.84,Pauta pagada
O502104,2025-10-18,C102893,Norte,2025-07-27,Belleza,Serum facial,19.93,1,0.1,19.93,Pauta pagada
O515370,2025-10-18,C100370,Norte,2025-06-08,Moda,Gorra,39.58,1,0.0,39.58,Redes sociales
O502092,2025-10-18,C100681,Norte,2025-09-13,Belleza,Protector solar,8.67,1,0.2,8.67,Directo
O511204,2025-10-18,C100267,Centro,2025-01-25,Moda,Jeans slim,29.04,1,0.0,29.04,Directo
O503100,2025-10-18,C103338,Centro,2025-08-26,Belleza,Serum facial,22.15,1,0.0,22.15,Email
O514710,2025-10-18,C102074,Sur,2025-09-30,Hogar,Organizador closet,14.85,3,0.1,44.55,Orgánico
O515247,2025-10-18,C101271,Centro,2025-09-17,Deportes,Banda resistencia,35.09,2,0.0,70.18,Redes sociales
O503204,2025-10-18,C100242,Norte,2025-10-02,Electrónica,Cargador rápido,36.39,1,0.15,36.39,Email
O508548,2025-10-18,C102686,Sur,2025-10-08,Hogar,Organizador closet,16.5,2,0.0,33.0,Pauta pagada
O510187,2025-10-18,C103300,Norte,2025-06-10,Belleza,Set de brochas,14.49,1,0.15,14.49,Pauta pagada
O512330,2025-10-18,C101121,Oeste,2025-05-06,Electrónica,Parlante portátil,27.23,3,0.15,81.69,Orgánico
O508607,2025-10-18,C100699,Este,2025-04-12,Deportes,Banda resistencia,35.09,2,0.0,70.18,Orgánico
O506796,2025-10-18,C101873,Sur,2025-08-11,Moda,Tenis running,28.91,2,0.0,57.82,Directo
O501989,2025-10-18,C101111,Norte,2025-01-25,Deportes,Mancuernas ajustables,41.15,2,0.0,82.3,Directo
O505684,2025-10-18,C101353,Oeste,2025-04-26,Belleza,Perfume,9.42,1,0.0,9.42,Orgánico
O507841,2025-10-18,C101929,Norte,2025-06-16,Belleza,Shampoo reparador,9.08,3,0.15,27.24,Directo
O512677,2025-10-18,C101264,Sur,2025-04-01,Belleza,Shampoo reparador,9.61,3,0.1,28.83,Directo
O514266,2025-10-18,C102678,Oeste,2025-03-09,Moda,Camiseta básica,33.41,1,0.1,33.41,Pauta pagada
O515525,2025-10-18,C100361,Norte,2025-06-18,Moda,Camiseta básica,37.12,1,0.0,37.12,Directo
O500104,2025-10-18,C103196,Sur,2025-04-27,Belleza,Protector solar,10.84,1,0.0,10.84,Redes sociales
O506426,2025-10-18,C101652,Norte,2025-09-20,Deportes,Guantes gym,11.66,1,0.0,11.66,Pauta pagada
O504834,2025-10-18,C102681,Centro,2025-09-03,Electrónica,Parlante portátil,32.04,3,0.0,96.12,Orgánico
O502257,2025-10-18,C101259,Centro,2025-09-07,Electrónica,Audífonos BT,73.05,1,0.0,73.05,Pauta pagada
O512408,2025-10-18,C100202,Norte,2025-07-02,Belleza,Serum facial,22.15,1,0.0,22.15,Pauta pagada
O511538,2025-10-18,C100725,Este,2025-03-24,Electrónica,Audífonos BT,73.05,1,0.0,73.05,Orgánico
O514476,2025-10-18,C101873,Sur,2025-08-11,Electrónica,Audífonos BT,73.05,2,0.0,146.1,Pauta pagada
O511519,2025-10-18,C102598,Norte,2025-04-13,Hogar,Difusor aromas,51.63,3,0.0,154.89,Redes sociales
O501816,2025-10-18,C100840,Sur,2025-07-03,Hogar,Set de sábanas,33.34,1,0.0,33.34,Orgánico
O510444,2025-10-18,C101857,Oeste,2025-02-20,Moda,Mochila urbana,19.25,2,0.0,38.5,Email
O501657,2025-10-18,C100721,Norte,2025-06-02,Deportes,Mancuernas ajustables,41.15,2,0.0,82.3,Orgánico
O502864,2025-10-19,C103290,Centro,2025-09-26,Hogar,Organizador closet,16.5,1,0.0,16.5,Directo
O500520,2025-10-19,C101477,Norte,2025-07-28,Moda,Camiseta básica,37.12,1,0.0,37.12,Redes sociales
O508207,2025-10-19,C102094,Norte,2025-08-03,Deportes,Guantes gym,9.91,2,0.15,19.82,Email
O508161,2025-10-19,C101037,Este,2025-03-27,Belleza,Serum facial,22.15,2,0.0,44.3,Redes sociales
O502925,2025-10-19,C100173,Norte,2025-08-01,Moda,Mochila urbana,19.25,1,0.0,19.25,Pauta pagada
O500716,2025-10-19,C102857,Sur,2025-05-15,Electrónica,Smartwatch,88.17,3,0.0,264.51,Orgánico
O509987,2025-10-19,C102205,Sur,2025-06-23,Deportes,Guantes gym,11.66,1,0.0,11.66,Redes sociales
O507678,2025-10-19,C101749,Oeste,2025-04-13,Moda,Tenis running,28.91,2,0.0,57.82,Directo
O516384,2025-10-19,C101113,Norte,2025-03-15,Hogar,Cortina blackout,29.37,1,0.0,29.37,Pauta pagada
O511232,2025-10-19,C102028,Este,2025-05-15,Hogar,Set de sábanas,33.34,1,0.0,33.34,Pauta pagada
O513181,2025-10-19,C101554,Centro,2025-02-16,Belleza,Set de brochas,17.05,1,0.0,17.05,Directo
O512986,2025-10-19,C101761,Centro,2025-05-24,Deportes,Yoga mat,46.1,2,0.0,92.2,Orgánico
O502134,2025-10-19,C102473,Este,2025-05-18,Belleza,Protector solar,10.84,3,0.0,32.52,Email
O506889,2025-10-19,C101414,Este,2025-07-11,Hogar,Organizador closet,14.85,2,0.1,29.7,Redes sociales
O503387,2025-10-19,C101310,Norte,2025-04-17,Belleza,Shampoo reparador,9.61,2,0.1,19.22,Orgánico
O507395,2025-10-19,C101232,Oeste,2025-04-16,Moda,Tenis running,28.91,2,0.0,57.82,Directo
O512222,2025-10-19,C100136,Sur,2025-01-25,Belleza,Perfume,9.42,2,0.0,18.84,Pauta pagada
O508157,2025-10-19,C101835,Centro,2025-08-28,Belleza,Perfume,9.42,3,0.0,28.26,Orgánico
O500339,2025-10-19,C101271,Centro,2025-09-17,Deportes,Guantes gym,11.66,1,0.0,11.66,Redes sociales
O502853,2025-10-19,C103095,Oeste,2025-10-05,Belleza,Set de brochas,17.05,1,0.0,17.05,Pauta pagada
O502373,2025-10-19,C102050,Oeste,2025-04-08,Deportes,Guantes gym,11.66,1,0.0,11.66,Pauta pagada
O504276,2025-10-19,C102600,Oeste,2025-03-13,Belleza,Perfume,9.42,1,0.0,9.42,Orgánico
O501688,2025-10-19,C100633,Este,2025-02-26,Deportes,Botella térmica,17.07,2,0.0,34.14,Orgánico
O515844,2025-10-19,C100760,Este,2025-04-09,Electrónica,Smartwatch,88.17,3,0.0,264.51,Pauta pagada
O512125,2025-10-19,C101631,Este,2025-04-07,Electrónica,Power bank,71.86,3,0.0,215.58,Orgánico
O515933,2025-10-19,C102133,Norte,2025-05-24,Belleza,Perfume,9.42,1,0.0,9.42,Orgánico
O513070,2025-10-19,C100029,Oeste,2025-01-31,Belleza,Perfume,9.42,3,0.0,28.26,Orgánico
O501326,2025-10-19,C101933,Centro,2025-08-24,Belleza,Serum facial,22.15,2,0.0,44.3,Redes sociales
O516106,2025-10-19,C100928,Oeste,2025-04-05,Deportes,Banda resistencia,35.09,1,0.0,35.09,Directo
O505458,2025-10-19,C102311,Norte,2025-05-11,Moda,Mochila urbana,19.25,1,0.0,19.25,Orgánico
O509453,2025-10-19,C100167,Oeste,2025-02-14,Moda,Camiseta básica,33.41,2,0.1,66.82,Pauta pagada
O510663,2025-10-19,C101759,Oeste,2025-08-19,Moda,Tenis running,28.91,2,0.0,57.82,Redes sociales
O512817,2025-10-19,C101345,Sur,2025-03-02,Hogar,Lámpara LED,58.38,3,0.0,175.14,Redes sociales
O509290,2025-10-19,C100287,Sur,2025-02-12,Hogar,Difusor aromas,51.63,2,0.0,103.26,Redes sociales
O504290,2025-10-19,C101548,Este,2025-06-24,Hogar,Cortina blackout,29.37,1,0.0,29.37,Orgánico
O512893,2025-10-19,C102387,Sur,2025-09-29,Belleza,Serum facial,22.15,1,0.0,22.15,Orgánico
O511450,2025-10-20,C100298,Norte,2025-07-08,Electrónica,Smartwatch,88.17,1,0.0,88.17,Redes sociales
O509742,2025-10-20,C103390,Norte,2025-09-21,Moda,Mochila urbana,19.25,1,0.0,19.25,Pauta pagada
O513007,2025-10-20,C101761,Centro,2025-05-24,Electrónica,Power bank,71.86,1,0.0,71.86,Redes sociales
O502397,2025-10-20,C100741,Norte,2025-07-20,Belleza,Protector solar,8.67,2,0.2,17.34,Pauta pagada
O514477,2025-10-20,C101423,Este,2025-10-04,Hogar,Cortina blackout,24.96,2,0.15,49.92,Orgánico
O509089,2025-10-20,C102212,Oeste,2025-06-23,Moda,Tenis running,28.91,1,0.0,28.91,Directo
O513544,2025-10-20,C103026,Sur,2025-01-27,Deportes,Yoga mat,39.18,2,0.15,78.36,Redes sociales
O500424,2025-10-20,C100904,Norte,2025-04-22,Deportes,Banda resistencia,35.09,2,0.0,70.18,Directo
O503471,2025-10-20,C101973,Sur,2025-06-04,Belleza,Shampoo reparador,10.68,3,0.0,32.04,Redes sociales
O515636,2025-10-20,C103298,Norte,2025-04-23,Hogar,Set de sábanas,33.34,1,0.0,33.34,Redes sociales
O515155,2025-10-20,C102003,Norte,2025-07-02,Electrónica,Parlante portátil,32.04,1,0.0,32.04,Email
O509992,2025-10-20,C102332,Norte,2025-04-17,Deportes,Yoga mat,46.1,3,0.0,138.3,Orgánico
O511579,2025-10-20,C101326,Centro,2025-07-20,Deportes,Yoga mat,46.1,1,0.0,46.1,Redes sociales
O503299,2025-10-20,C103007,Oeste,2025-03-13,Moda,Gorra,39.58,2,0.0,79.16,Directo
O507542,2025-10-20,C103306,Sur,2025-09-15,Electrónica,Smartwatch,88.17,1,0.0,88.17,Pauta pagada
O503539,2025-10-20,C100891,Este,2025-05-04,Belleza,Protector solar,9.21,1,0.15,9.21,Redes sociales
O500700,2025-10-20,C100929,Norte,2025-01-10,Moda,Jeans slim,29.04,1,0.0,29.04,Orgánico
O505907,2025-10-20,C102904,Oeste,2025-01-26,Deportes,Banda resistencia,35.09,2,0.0,70.18,Orgánico
O511809,2025-10-20,C103313,Centro,2025-10-18,Deportes,Banda resistencia,35.09,1,0.0,35.09,Pauta pagada
O507712,2025-10-20,C102646,Este,2025-08-29,Moda,Mochila urbana,16.36,1,0.15,16.36,Orgánico
O513356,2025-10-20,C101813,Oeste,2025-09-20,Belleza,Set de brochas,17.05,1,0.0,17.05,Pauta pagada
O514666,2025-10-20,C102583,Norte,2025-07-19,Electrónica,Parlante portátil,32.04,1,0.0,32.04,Pauta pagada
O501293,2025-10-20,C103318,Oeste,2025-10-03,Hogar,Cortina blackout,24.96,2,0.15,49.92,Orgánico
O508780,2025-10-20,C102161,Sur,2025-01-19,Deportes,Banda resistencia,35.09,1,0.0,35.09,Orgánico
O516236,2025-10-20,C100797,Sur,2025-08-08,Electrónica,Power bank,71.86,3,0.0,215.58,Directo
O514650,2025-10-20,C102090,Norte,2025-06-04,Belleza,Perfume,9.42,1,0.0,9.42,Directo
O508509,2025-10-20,C102117,Norte,2025-03-06,Electrónica,Parlante portátil,32.04,1,0.0,32.04,Orgánico
O513430,2025-10-20,C101674,Centro,2025-05-12,Moda,Gorra,39.58,2,0.0,79.16,Orgánico
O510869,2025-10-20,C101393,Centro,2025-08-06,Moda,Camiseta básica,37.12,3,0.0,111.36,Orgánico
O503898,2025-10-20,C101568,Sur,2025-02-19,Belleza,Protector solar,10.84,1,0.0,10.84,Orgánico
O510060,2025-10-21,C101845,Oeste,2025-10-12,Electrónica,Power bank,71.86,2,0.0,143.72,Orgánico
O516361,2025-10-21,C100856,Sur,2025-03-31,Hogar,Lámpara LED,49.62,1,0.15,49.62,Redes sociales
O507131,2025-10-21,C100270,Centro,2025-05-11,Electrónica,Smartwatch,74.94,2,0.15,149.88,Email
O508742,2025-10-21,C102984,Sur,2025-07-28,Belleza,Shampoo reparador,10.68,1,0.0,10.68,Redes sociales
O515136,2025-10-21,C102310,Centro,2025-07-30,Electrónica,Power bank,57.49,2,0.2,114.98,Email
O503626,2025-10-21,C101772,Sur,2025-08-29,Deportes,Banda resistencia,35.09,2,0.0,70.18,Pauta pagada
O508169,2025-10-21,C101339,Norte,2025-01-11,Belleza,Protector solar,10.84,1,0.0,10.84,Orgánico
O501600,2025-10-21,C102557,Centro,2025-04-24,Electrónica,Smartwatch,88.17,1,0.0,88.17,Redes sociales
O513997,2025-10-21,C100120,Centro,2025-05-03,Belleza,Set de brochas,17.05,3,0.0,51.15,Redes sociales
O503764,2025-10-21,C101996,Norte,2025-07-30,Moda,Tenis running,28.91,1,0.0,28.91,Orgánico
O509246,2025-10-21,C102436,Centro,2025-03-31,Belleza,Protector solar,10.84,1,0.0,10.84,Email
O506834,2025-10-21,C102016,Oeste,2025-09-07,Deportes,Yoga mat,46.1,3,0.0,138.3,Orgánico
O507293,2025-10-21,C100171,Este,2025-09-11,Belleza,Serum facial,22.15,2,0.0,44.3,Orgánico
O501478,2025-10-21,C102559,Oeste,2025-03-11,Electrónica,Parlante portátil,32.04,3,0.0,96.12,Email
O508336,2025-10-21,C101857,Oeste,2025-02-20,Moda,Mochila urbana,19.25,2,0.0,38.5,Pauta pagada
O513776,2025-10-21,C100473,Norte,2025-02-13,Hogar,Organizador closet,16.5,2,0.0,33.0,Orgánico
O513210,2025-10-21,C101278,Norte,2025-01-08,Deportes,Botella térmica,17.07,1,0.0,17.07,Pauta pagada
O514142,2025-10-21,C103323,Centro,2025-05-01,Electrónica,Power bank,71.86,2,0.0,143.72,Directo
O506095,2025-10-21,C101246,Sur,2025-07-21,Electrónica,Power bank,71.86,3,0.0,215.58,Directo
O506883,2025-10-21,C100164,Centro,2025-01-07,Moda,Mochila urbana,19.25,1,0.0,19.25,Pauta pagada
O514069,2025-10-21,C102809,Centro,2025-04-10,Moda,Camiseta básica,37.12,1,0.0,37.12,Orgánico
O511089,2025-10-21,C100384,Este,2025-03-08,Hogar,Difusor aromas,51.63,1,0.0,51.63,Pauta pagada
O512870,2025-10-21,C101781,Norte,2025-03-06,Electrónica,Power bank,64.67,1,0.1,64.67,Email
O508396,2025-10-21,C100064,Norte,2025-03-31,Belleza,Serum facial,22.15,3,0.0,66.45,Pauta pagada
O516098,2025-10-21,C102174,Centro,2025-05-08,Deportes,Yoga mat,46.1,2,0.0,92.2,Redes sociales
O514485,2025-10-21,C100025,Oeste,2025-06-26,Moda,Camiseta básica,31.55,1,0.15,31.55,Orgánico
O506448,2025-10-21,C100848,Este,2025-01-16,Belleza,Serum facial,22.15,3,0.0,66.45,Redes sociales
O511878,2025-10-21,C102403,Sur,2025-05-17,Belleza,Set de brochas,17.05,2,0.0,34.1,Email
O506317,2025-10-21,C102050,Oeste,2025-04-08,Moda,Camiseta básica,37.12,1,0.0,37.12,Email
O512516,2025-10-21,C102159,Norte,2025-01-10,Deportes,Banda resistencia,29.83,1,0.15,29.83,Pauta pagada
O505097,2025-10-21,C101272,Centro,2025-03-11,Electrónica,Parlante portátil,32.04,1,0.0,32.04,Email
O506530,2025-10-21,C101583,Norte,2025-01-27,Hogar,Cortina blackout,29.37,1,0.0,29.37,Pauta pagada
O511458,2025-10-21,C102967,Sur,2025-06-06,Belleza,Shampoo reparador,10.68,2,0.0,21.36,Pauta pagada
O513754,2025-10-22,C100494,Este,2025-10-18,Belleza,Perfume,9.42,1,0.0,9.42,Redes sociales
O503590,2025-10-22,C101855,Centro,2025-04-11,Hogar,Cortina blackout,26.43,1,0.1,26.43,Redes sociales
O514965,2025-10-22,C101601,Centro,2025-04-03,Deportes,Botella térmica,17.07,2,0.0,34.14,Redes sociales
O514403,2025-10-22,C102903,Sur,2025-10-17,Moda,Camiseta básica,37.12,1,0.0,37.12,Directo
O509583,2025-10-22,C103361,Norte,2025-09-07,Hogar,Set de sábanas,33.34,1,0.0,33.34,Orgánico
O502025,2025-10-22,C100103,Centro,2025-06-08,Hogar,Set de sábanas,33.34,2,0.0,66.68,Redes sociales
O505505,2025-10-22,C100269,Sur,2025-08-05,Deportes,Guantes gym,11.66,3,0.0,34.98,Pauta pagada
O502044,2025-10-22,C103102,Norte,2025-02-08,Hogar,Set de sábanas,33.34,2,0.0,66.68,Email
O507279,2025-10-22,C102810,Sur,2025-04-01,Belleza,Shampoo reparador,10.68,2,0.0,21.36,Directo
O515544,2025-10-22,C101950,Este,2025-05-14,Hogar,Set de sábanas,33.34,1,0.0,33.34,Directo
O512478,2025-10-22,C100796,Este,2025-03-29,Moda,Mochila urbana,17.32,1,0.1,17.32,Redes sociales
O507755,2025-10-22,C100261,Sur,2025-09-30,Hogar,Difusor aromas,43.89,2,0.15,87.78,Directo
O508924,2025-10-22,C100368,Sur,2025-01-23,Electrónica,Cargador rápido,38.53,1,0.1,38.53,Pauta pagada
O512619,2025-10-22,C100494,Este,2025-10-18,Belleza,Serum facial,22.15,1,0.0,22.15,Orgánico
O509852,2025-10-22,C101035,Centro,2025-01-18,Hogar,Set de sábanas,26.67,1,0.2,26.67,Pauta pagada
O507805,2025-10-22,C102692,Norte,2025-10-06,Hogar,Cortina blackout,26.43,1,0.1,26.43,Email
O501572,2025-10-22,C100333,Norte,2025-01-19,Hogar,Lámpara LED,46.7,2,0.2,93.4,Redes sociales
O502580,2025-10-22,C100960,Oeste,2025-08-16,Electrónica,Power bank,64.67,1,0.1,64.67,Orgánico
O503757,2025-10-22,C101725,Sur,2025-01-19,Moda,Mochila urbana,19.25,2,0.0,38.5,Pauta pagada
O513722,2025-10-22,C100142,Norte,2025-05-15,Deportes,Botella térmica,15.36,1,0.1,15.36,Orgánico
O510778,2025-10-22,C102603,Centro,2025-02-02,Deportes,Guantes gym,11.66,1,0.0,11.66,Redes sociales
O506225,2025-10-22,C100295,Este,2025-01-20,Belleza,Protector solar,10.84,1,0.0,10.84,Orgánico
O513150,2025-10-22,C103294,Sur,2025-01-14,Electrónica,Power bank,71.86,3,0.0,215.58,Orgánico
O502130,2025-10-22,C100133,Norte,2025-03-29,Belleza,Protector solar,9.76,1,0.1,9.76,Redes sociales
O507609,2025-10-22,C100076,Norte,2025-03-28,Hogar,Lámpara LED,58.38,2,0.0,116.76,Redes sociales
O511234,2025-10-22,C101907,Centro,2025-08-19,Belleza,Serum facial,22.15,2,0.0,44.3,Directo
O511845,2025-10-22,C102919,Sur,2025-08-10,Deportes,Mancuernas ajustables,41.15,3,0.0,123.45,Pauta pagada
O514039,2025-10-22,C102852,Sur,2025-01-06,Deportes,Botella térmica,15.36,1,0.1,15.36,Orgánico
O507668,2025-10-22,C103069,Este,2025-01-13,Deportes,Banda resistencia,29.83,1,0.15,29.83,Pauta pagada
O500006,2025-10-22,C102807,Centro,2025-02-23,Deportes,Botella térmica,17.07,1,0.0,17.07,Directo
O510559,2025-10-22,C101690,Centro,2025-03-02,Electrónica,Smartwatch,88.17,2,0.0,176.34,Redes sociales
O511235,2025-10-22,C102509,Centro,2025-06-06,Hogar,Cortina blackout,29.37,1,0.0,29.37,Orgánico
O502146,2025-10-22,C101490,Sur,2025-06-07,Moda,Gorra,39.58,1,0.0,39.58,Pauta pagada
O501653,2025-10-22,C100844,Oeste,2025-04-30,Deportes,Yoga mat,46.1,3,0.0,138.3,Email
O506574,2025-10-22,C101836,Centro,2025-09-25,Moda,Mochila urbana,19.25,1,0.0,19.25,Orgánico
O506536,2025-10-23,C102305,Centro,2025-02-07,Electrónica,Smartwatch,88.17,1,0.0,88.17,Redes sociales
O514601,2025-10-23,C103430,Oeste,2025-09-16,Deportes,Botella térmica,15.36,3,0.1,46.08,Orgánico
O501515,2025-10-23,C102123,Sur,2025-05-26,Belleza,Protector solar,10.84,2,0.0,21.68,Redes sociales
O500853,2025-10-23,C101248,Este,2025-06-20,Deportes,Guantes gym,11.66,1,0.0,11.66,Orgánico
O505368,2025-10-23,C102153,Este,2025-07-21,Hogar,Difusor aromas,51.63,1,0.0,51.63,Orgánico
O512997,2025-10-23,C102922,Este,2025-06-07,Hogar,Organizador closet,16.5,2,0.0,33.0,Email
O514734,2025-10-23,C101172,Oeste,2025-08-03,Electrónica,Audífonos BT,65.74,1,0.1,65.74,Directo
O502784,2025-10-23,C101176,Norte,2025-09-03,Deportes,Banda resistencia,35.09,2,0.0,70.18,Redes sociales
O516029,2025-10-23,C100444,Centro,2025-02-02,Deportes,Botella térmica,17.07,1,0.0,17.07,Redes sociales
O509236,2025-10-23,C101893,Oeste,2025-08-11,Moda,Tenis running,28.91,2,0.0,57.82,Orgánico
O515233,2025-10-23,C102788,Norte,2025-04-14,Electrónica,Smartwatch,88.17,2,0.0,176.34,Pauta pagada
O514006,2025-10-23,C100238,Oeste,2025-10-07,Moda,Tenis running,23.13,3,0.2,69.39,Pauta pagada
O502524,2025-10-23,C102418,Oeste,2025-01-28,Electrónica,Audífonos BT,73.05,3,0.0,219.15,Pauta pagada
O506131,2025-10-23,C101333,Norte,2025-06-01,Deportes,Yoga mat,46.1,2,0.0,92.2,Orgánico
O512076,2025-10-23,C100544,Centro,2025-06-07,Belleza,Perfume,9.42,2,0.0,18.84,Orgánico
O505297,2025-10-23,C103020,Este,2025-03-02,Electrónica,Cargador rápido,42.81,1,0.0,42.81,Redes sociales
O512659,2025-10-23,C103105,Centro,2025-06-11,Moda,Gorra,39.58,2,0.0,79.16,Directo
O505882,2025-10-23,C101298,Centro,2025-06-30,Moda,Camiseta básica,37.12,2,0.0,74.24,Pauta pagada
O503907,2025-10-23,C102306,Norte,2025-10-19,Electrónica,Smartwatch,88.17,3,0.0,264.51,Redes sociales
O507823,2025-10-23,C100310,Norte,2025-07-15,Belleza,Serum facial,19.93,3,0.1,59.79,Pauta pagada
O511707,2025-10-23,C102152,Oeste,2025-09-30,Hogar,Set de sábanas,33.34,1,0.0,33.34,Orgánico
O501954,2025-10-23,C102221,Oeste,2025-02-06,Electrónica,Power bank,71.86,1,0.0,71.86,Pauta pagada
O506070,2025-10-23,C102958,Centro,2025-06-03,Electrónica,Parlante portátil,32.04,3,0.0,96.12,Redes sociales
O504975,2025-10-23,C101326,Centro,2025-07-20,Electrónica,Audífonos BT,73.05,2,0.0,146.1,Redes sociales
O504729,2025-10-23,C100106,Sur,2025-02-25,Deportes,Guantes gym,9.91,2,0.15,19.82,Orgánico
O515055,2025-10-23,C101049,Norte,2025-01-11,Deportes,Botella térmica,15.36,1,0.1,15.36,Directo
O511392,2025-10-23,C102768,Norte,2025-08-07,Electrónica,Cargador rápido,42.81,2,0.0,85.62,Orgánico
O506300,2025-10-23,C102202,Oeste,2025-02-04,Electrónica,Power bank,71.86,1,0.0,71.86,Redes sociales
O502196,2025-10-23,C102006,Centro,2025-10-18,Belleza,Protector solar,10.84,2,0.0,21.68,Orgánico
O513760,2025-10-23,C102469,Centro,2025-03-01,Hogar,Difusor aromas,51.63,2,0.0,103.26,Pauta pagada
O514873,2025-10-23,C103248,Oeste,2025-02-14,Moda,Jeans slim,29.04,3,0.0,87.12,Orgánico
O504483,2025-10-23,C101184,Sur,2025-04-27,Electrónica,Power bank,57.49,1,0.2,57.49,Directo
O514518,2025-10-23,C101294,Oeste,2025-03-26,Moda,Camiseta básica,37.12,1,0.0,37.12,Pauta pagada
O514074,2025-10-23,C103096,Norte,2025-08-08,Electrónica,Smartwatch,88.17,1,0.0,88.17,Directo
O511984,2025-10-23,C102830,Sur,2025-06-10,Hogar,Difusor aromas,51.63,1,0.0,51.63,Directo
O507913,2025-10-23,C101910,Centro,2025-10-23,Deportes,Mancuernas ajustables,41.15,1,0.0,41.15,Redes sociales
O512544,2025-10-23,C103087,Este,2025-01-19,Belleza,Shampoo reparador,10.68,1,0.0,10.68,Pauta pagada
O507953,2025-10-24,C100523,Norte,2025-09-19,Electrónica,Cargador rápido,38.53,1,0.1,38.53,Email
O516398,2025-10-24,C100184,Norte,2025-06-08,Hogar,Lámpara LED,58.38,1,0.0,58.38,Pauta pagada
O505455,2025-10-24,C101988,Sur,2025-06-23,Belleza,Serum facial,22.15,1,0.0,22.15,Pauta pagada
O509865,2025-10-24,C101389,Sur,2025-04-10,Moda,Camiseta básica,33.41,2,0.1,66.82,Directo
O505316,2025-10-24,C100470,Norte,2025-02-20,Hogar,Set de sábanas,33.34,2,0.0,66.68,Orgánico
O511610,2025-10-24,C101819,Centro,2025-06-03,Electrónica,Audífonos BT,73.05,1,0.0,73.05,Pauta pagada
O503191,2025-10-24,C101453,Este,2025-03-14,Deportes,Guantes gym,11.66,2,0.0,23.32,Orgánico
O512099,2025-10-24,C101991,Oeste,2025-08-31,Belleza,Serum facial,22.15,3,0.0,66.45,Redes sociales
O502400,2025-10-24,C100704,Centro,2025-10-14,Electrónica,Power bank,71.86,1,0.0,71.86,Email
O506443,2025-10-24,C101839,Centro,2025-01-08,Electrónica,Cargador rápido,42.81,1,0.0,42.81,Orgánico
O504406,2025-10-24,C102052,Centro,2025-07-28,Moda,Camiseta básica,33.41,1,0.1,33.41,Email
O516328,2025-10-24,C102689,Norte,2025-03-03,Moda,Gorra,39.58,1,0.0,39.58,Orgánico
O500078,2025-10-24,C102916,Norte,2025-10-01,Belleza,Set de brochas,17.05,2,0.0,34.1,Orgánico
O507340,2025-10-24,C103135,Sur,2025-04-01,Electrónica,Parlante portátil,28.84,2,0.1,57.68,Email
O514220,2025-10-24,C100087,Oeste,2025-04-26,Hogar,Set de sábanas,33.34,1,0.0,33.34,Redes sociales
O514959,2025-10-24,C100424,Centro,2025-08-15,Deportes,Guantes gym,11.66,2,0.0,23.32,Orgánico
O514213,2025-10-24,C100135,Norte,2025-02-14,Deportes,Banda resistencia,35.09,2,0.0,70.18,Orgánico
O504445,2025-10-24,C101389,Sur,2025-04-10,Moda,Tenis running,28.91,1,0.0,28.91,Orgánico
O500505,2025-10-24,C102452,Centro,2025-03-22,Electrónica,Smartwatch,88.17,1,0.0,88.17,Orgánico
O509272,2025-10-24,C103200,Sur,2025-06-23,Moda,Camiseta básica,37.12,1,0.0,37.12,Pauta pagada
O511130,2025-10-24,C101366,Oeste,2025-10-17,Electrónica,Cargador rápido,42.81,2,0.0,85.62,Orgánico
O500981,2025-10-24,C101653,Centro,2025-04-01,Deportes,Mancuernas ajustables,41.15,3,0.0,123.45,Orgánico
O511138,2025-10-24,C101561,Sur,2025-08-27,Electrónica,Audífonos BT,62.09,3,0.15,186.27,Pauta pagada
O505625,2025-10-24,C103471,Centro,2025-08-01,Electrónica,Smartwatch,88.17,1,0.0,88.17,Orgánico
O500068,2025-10-24,C100021,Oeste,2025-01-09,Belleza,Protector solar,9.21,3,0.15,27.63,Pauta pagada
O513149,2025-10-24,C100552,Oeste,2025-07-08,Hogar,Difusor aromas,51.63,1,0.0,51.63,Orgánico
O508225,2025-10-24,C100491,Sur,2025-10-06,Electrónica,Parlante portátil,32.04,1,0.0,32.04,Redes sociales
O508867,2025-10-24,C102900,Norte,2025-09-18,Deportes,Guantes gym,10.49,2,0.1,20.98,Pauta pagada
O504577,2025-10-25,C100785,Centro,2025-09-29,Hogar,Set de sábanas,33.34,2,0.0,66.68,Email
O503303,2025-10-25,C101078,Centro,2025-09-04,Electrónica,Power bank,71.86,2,0.0,143.72,Directo
O514059,2025-10-25,C102260,Norte,2025-03-14,Moda,Gorra,39.58,3,0.0,118.74,Email
O506695,2025-10-25,C102099,Norte,2025-07-04,Hogar,Set de sábanas,33.34,1,0.0,33.34,Orgánico
O511535,2025-10-25,C101896,Centro,2025-03-06,Moda,Gorra,35.62,1,0.1,35.62,Orgánico
O509554,2025-10-25,C101729,Centro,2025-10-17,Belleza,Perfume,9.42,2,0.0,18.84,Directo
O507476,2025-10-25,C101307,Este,2025-10-10,Electrónica,Smartwatch,70.54,1,0.2,70.54,Orgánico
O510955,2025-10-25,C101783,Centro,2025-09-05,Deportes,Botella térmica,17.07,1,0.0,17.07,Redes sociales
O500525,2025-10-25,C102072,Norte,2025-05-04,Belleza,Serum facial,22.15,3,0.0,66.45,Pauta pagada
O502095,2025-10-25,C103445,Norte,2025-08-23,Electrónica,Audífonos BT,73.05,1,0.0,73.05,Orgánico
O505802,2025-10-25,C100902,Este,2025-06-07,Moda,Camiseta básica,37.12,1,0.0,37.12,Redes sociales
O504163,2025-10-25,C103399,Sur,2025-09-27,Belleza,Shampoo reparador,9.61,3,0.1,28.83,Orgánico
O513298,2025-10-25,C102317,Oeste,2025-08-20,Hogar,Cortina blackout,29.37,2,0.0,58.74,Redes sociales
O515258,2025-10-25,C100416,Centro,2025-07-03,Electrónica,Smartwatch,88.17,2,0.0,176.34,Pauta pagada
O506649,2025-10-25,C101968,Oeste,2025-04-15,Deportes,Mancuernas ajustables,41.15,2,0.0,82.3,Orgánico
O500186,2025-10-25,C100851,Centro,2025-06-21,Hogar,Lámpara LED,58.38,2,0.0,116.76,Directo
O502598,2025-10-25,C100706,Centro,2025-05-27,Moda,Gorra,39.58,3,0.0,118.74,Redes sociales
O503274,2025-10-25,C102687,Sur,2025-09-21,Deportes,Banda resistencia,31.58,1,0.1,31.58,Redes sociales
O506200,2025-10-25,C101453,Este,2025-03-14,Hogar,Organizador closet,16.5,2,0.0,33.0,Redes sociales
O502950,2025-10-25,C101060,Este,2025-07-11,Electrónica,Power bank,71.86,1,0.0,71.86,Orgánico
O508622,2025-10-25,C103257,Norte,2025-10-24,Moda,Gorra,39.58,1,0.0,39.58,Redes sociales
O513137,2025-10-25,C101954,Oeste,2025-06-15,Deportes,Mancuernas ajustables,41.15,2,0.0,82.3,Pauta pagada
O510886,2025-10-25,C102855,Sur,2025-04-21,Hogar,Set de sábanas,33.34,2,0.0,66.68,Orgánico
O512130,2025-10-25,C102455,Norte,2025-04-14,Hogar,Set de sábanas,33.34,1,0.0,33.34,Email
O503282,2025-10-25,C101798,Sur,2025-10-02,Moda,Mochila urbana,16.36,1,0.15,16.36,Pauta pagada
O507600,2025-10-25,C100634,Oeste,2025-10-24,Moda,Tenis running,28.91,2,0.0,57.82,Redes sociales
O513710,2025-10-25,C100538,Este,2025-07-18,Hogar,Cortina blackout,29.37,1,0.0,29.37,Directo
O512520,2025-10-25,C103109,Sur,2025-07-12,Deportes,Yoga mat,39.18,1,0.15,39.18,Redes sociales
O505538,2025-10-25,C101879,Este,2025-04-27,Electrónica,Power bank,71.86,3,0.0,215.58,Orgánico
O510217,2025-10-25,C102067,Norte,2025-06-09,Belleza,Protector solar,9.21,2,0.15,18.42,Email
O514483,2025-10-25,C101634,Sur,2025-08-14,Electrónica,Parlante portátil,32.04,2,0.0,64.08,Pauta pagada
O512182,2025-10-25,C101895,Centro,2025-06-12,Moda,Tenis running,26.02,2,0.1,52.04,Orgánico
O514598,2025-10-25,C102052,Centro,2025-07-28,Deportes,Yoga mat,46.1,2,0.0,92.2,Orgánico
O511711,2025-10-25,C101719,Norte,2025-02-25,Belleza,Perfume,9.42,2,0.0,18.84,Redes sociales
O504710,2025-10-25,C103493,Centro,2025-06-10,Deportes,Banda resistencia,35.09,3,0.0,105.27,Redes sociales
O511454,2025-10-25,C101611,Oeste,2025-04-19,Belleza,Perfume,9.42,1,0.0,9.42,Orgánico
O515346,2025-10-25,C103154,Norte,2025-05-24,Hogar,Organizador closet,16.5,3,0.0,49.5,Orgánico
O514427,2025-10-25,C100232,Centro,2025-04-02,Hogar,Cortina blackout,29.37,1,0.0,29.37,Email
O512200,2025-10-25,C101716,Sur,2025-05-16,Belleza,Serum facial,22.15,1,0.0,22.15,Directo
O510185,2025-10-25,C101250,Norte,2025-07-13,Belleza,Shampoo reparador,9.61,1,0.1,9.61,Pauta pagada
O513359,2025-10-25,C102258,Este,2025-05-29,Moda,Mochila urbana,19.25,2,0.0,38.5,Directo
O500482,2025-10-25,C100129,Norte,2025-04-06,Belleza,Protector solar,10.84,1,0.0,10.84,Redes sociales
O516357,2025-10-26,C102588,Centro,2025-03-20,Hogar,Set de sábanas,33.34,2,0.0,66.68,Pauta pagada
O507011,2025-10-26,C102890,Sur,2025-06-29,Belleza,Perfume,9.42,2,0.0,18.84,Directo
O513558,2025-10-26,C102085,Sur,2025-07-16,Moda,Camiseta básica,31.55,2,0.15,63.1,Email
O501872,2025-10-26,C103077,Sur,2025-03-18,Deportes,Guantes gym,11.66,2,0.0,23.32,Orgánico
O515791,2025-10-26,C100114,Norte,2025-02-12,Electrónica,Cargador rápido,42.81,2,0.0,85.62,Email
O514571,2025-10-26,C102616,Centro,2025-04-26,Moda,Tenis running,28.91,2,0.0,57.82,Pauta pagada
O506511,2025-10-26,C102356,Norte,2025-07-14,Electrónica,Smartwatch,79.35,1,0.1,79.35,Redes sociales
O507550,2025-10-26,C102805,Centro,2025-06-24,Moda,Tenis running,28.91,2,0.0,57.82,Orgánico
O506192,2025-10-26,C102682,Centro,2025-03-01,Moda,Mochila urbana,16.36,2,0.15,32.72,Email
O506729,2025-10-26,C102501,Centro,2025-01-30,Belleza,Set de brochas,17.05,3,0.0,51.15,Directo
O514828,2025-10-26,C100711,Sur,2025-05-30,Hogar,Cortina blackout,29.37,3,0.0,88.11,Orgánico
O510873,2025-10-26,C100935,Norte,2025-04-23,Moda,Tenis running,28.91,1,0.0,28.91,Orgánico
O505225,2025-10-26,C102272,Oeste,2025-03-18,Hogar,Organizador closet,13.2,2,0.2,26.4,Orgánico
O509296,2025-10-26,C101152,Centro,2025-04-20,Deportes,Mancuernas ajustables,41.15,1,0.0,41.15,Directo
O506548,2025-10-26,C101910,Centro,2025-10-23,Electrónica,Power bank,61.08,2,0.15,122.16,Orgánico
O511745,2025-10-26,C103050,Sur,2025-08-21,Moda,Mochila urbana,19.25,1,0.0,19.25,Pauta pagada
O511686,2025-10-26,C101161,Oeste,2025-07-24,Belleza,Protector solar,8.67,2,0.2,17.34,Pauta pagada
O505040,2025-10-26,C101339,Norte,2025-01-11,Belleza,Perfume,9.42,3,0.0,28.26,Directo
O512064,2025-10-26,C100171,Este,2025-09-11,Electrónica,Power bank,71.86,3,0.0,215.58,Redes sociales
O515592,2025-10-26,C100926,Este,2025-04-26,Belleza,Serum facial,22.15,3,0.0,66.45,Email
O514329,2025-10-26,C102803,Norte,2025-05-11,Moda,Tenis running,28.91,2,0.0,57.82,Pauta pagada
O502739,2025-10-26,C101923,Este,2025-10-07,Moda,Jeans slim,29.04,1,0.0,29.04,Pauta pagada
O503402,2025-10-26,C101712,Este,2025-02-22,Hogar,Difusor aromas,51.63,1,0.0,51.63,Orgánico
O501543,2025-10-26,C102358,Centro,2025-07-12,Moda,Camiseta básica,33.41,3,0.1,100.23,Redes sociales
O513735,2025-10-26,C102062,Oeste,2025-07-06,Moda,Gorra,39.58,2,0.0,79.16,Directo
O510854,2025-10-26,C102908,Oeste,2025-09-01,Hogar,Lámpara LED,46.7,1,0.2,46.7,Redes sociales
O502418,2025-10-26,C100387,Este,2025-04-19,Electrónica,Audífonos BT,58.44,1,0.2,58.44,Orgánico
O506659,2025-10-26,C102266,Este,2025-09-10,Hogar,Difusor aromas,51.63,2,0.0,103.26,Orgánico
O500755,2025-10-26,C100091,Centro,2025-04-17,Belleza,Protector solar,10.84,1,0.0,10.84,Directo
O514557,2025-10-26,C101205,Sur,2025-01-24,Hogar,Cortina blackout,29.37,3,0.0,88.11,Redes sociales
O510611,2025-10-26,C101965,Oeste,2025-05-23,Hogar,Set de sábanas,33.34,1,0.0,33.34,Email
O508908,2025-10-27,C100254,Norte,2025-04-11,Belleza,Perfume,9.42,2,0.0,18.84,Pauta pagada
O502832,2025-10-27,C102915,Este,2025-05-27,Hogar,Set de sábanas,33.34,1,0.0,33.34,Directo
O507593,2025-10-27,C102714,Centro,2025-09-25,Deportes,Banda resistencia,35.09,2,0.0,70.18,Pauta pagada
O500667,2025-10-27,C102458,Este,2025-09-24,Hogar,Organizador closet,16.5,2,0.0,33.0,Email
O507571,2025-10-27,C100948,Centro,2025-10-21,Belleza,Set de brochas,17.05,1,0.0,17.05,Orgánico
O513777,2025-10-27,C103304,Este,2025-06-01,Deportes,Botella térmica,17.07,1,0.0,17.07,Directo
O509989,2025-10-27,C100198,Centro,2025-07-10,Moda,Mochila urbana,19.25,1,0.0,19.25,Orgánico
O502315,2025-10-27,C103479,Centro,2025-08-22,Electrónica,Smartwatch,70.54,2,0.2,141.08,Orgánico
O500135,2025-10-27,C101300,Norte,2025-04-13,Moda,Tenis running,28.91,2,0.0,57.82,Redes sociales
O512869,2025-10-27,C100819,Centro,2025-01-04,Moda,Tenis running,28.91,1,0.0,28.91,Directo
O509650,2025-10-27,C102737,Oeste,2025-10-13,Moda,Camiseta básica,37.12,1,0.0,37.12,Pauta pagada
O503650,2025-10-27,C100726,Oeste,2025-02-04,Belleza,Set de brochas,13.64,2,0.2,27.28,Directo
O505844,2025-10-27,C101837,Centro,2025-08-30,Belleza,Set de brochas,17.05,3,0.0,51.15,Orgánico
O516010,2025-10-27,C101242,Oeste,2025-01-11,Hogar,Lámpara LED,58.38,1,0.0,58.38,Directo
O513389,2025-10-27,C100940,Oeste,2025-06-01,Moda,Tenis running,28.91,1,0.0,28.91,Orgánico
O512405,2025-10-27,C101801,Sur,2025-04-21,Belleza,Set de brochas,17.05,1,0.0,17.05,Redes sociales
O512025,2025-10-27,C100537,Este,2025-09-08,Moda,Jeans slim,29.04,1,0.0,29.04,Redes sociales
O515374,2025-10-27,C101094,Norte,2025-03-10,Electrónica,Cargador rápido,42.81,1,0.0,42.81,Orgánico
O512991,2025-10-27,C103023,Centro,2025-05-28,Electrónica,Smartwatch,74.94,2,0.15,149.88,Directo
O511199,2025-10-27,C100330,Oeste,2025-02-04,Hogar,Organizador closet,16.5,1,0.0,16.5,Directo
O505270,2025-10-27,C102273,Este,2025-05-27,Hogar,Set de sábanas,33.34,3,0.0,100.02,Orgánico
O508969,2025-10-27,C100457,Centro,2025-07-28,Belleza,Set de brochas,13.64,1,0.2,13.64,Email
O512969,2025-10-27,C101936,Norte,2025-04-22,Belleza,Protector solar,10.84,3,0.0,32.52,Email
O500508,2025-10-27,C100864,Oeste,2025-03-12,Moda,Jeans slim,23.23,2,0.2,46.46,Pauta pagada
O501703,2025-10-27,C101215,Centro,2025-02-10,Belleza,Set de brochas,17.05,2,0.0,34.1,Directo
O510920,2025-10-27,C102276,Este,2025-06-20,Deportes,Botella térmica,17.07,1,0.0,17.07,Directo
O515439,2025-10-27,C103010,Centro,2025-06-08,Electrónica,Smartwatch,88.17,3,0.0,264.51,Orgánico
O509579,2025-10-27,C102078,Centro,2025-01-10,Hogar,Set de sábanas,28.34,1,0.15,28.34,Pauta pagada
O503968,2025-10-27,C103304,Este,2025-06-01,Belleza,Perfume,8.01,3,0.15,24.03,Pauta pagada
O501464,2025-10-27,C103159,Oeste,2025-06-22,Hogar,Set de sábanas,30.01,1,0.1,30.01,Directo
O500325,2025-10-27,C101413,Norte,2025-07-22,Moda,Jeans slim,24.68,1,0.15,24.68,Email
O507569,2025-10-27,C100689,Oeste,2025-07-05,Electrónica,Cargador rápido,42.81,1,0.0,42.81,Redes sociales
O508341,2025-10-27,C100987,Sur,2025-02-15,Hogar,Organizador closet,16.5,3,0.0,49.5,Orgánico
O509551,2025-10-27,C101887,Norte,2025-01-09,Electrónica,Power bank,71.86,2,0.0,143.72,Directo
O505592,2025-10-27,C100413,Norte,2025-03-15,Deportes,Mancuernas ajustables,41.15,1,0.0,41.15,Email
O510088,2025-10-27,C102491,Este,2025-02-05,Moda,Mochila urbana,19.25,1,0.0,19.25,Directo
O509242,2025-10-27,C100820,Norte,2025-09-04,Moda,Mochila urbana,19.25,2,0.0,38.5,Redes sociales
O506789,2025-10-28,C103478,Oeste,2025-05-05,Deportes,Yoga mat,41.49,1,0.1,41.49,Email
O502016,2025-10-28,C103488,Centro,2025-09-01,Moda,Tenis running,28.91,1,0.0,28.91,Redes sociales
O506273,2025-10-28,C103131,Centro,2025-10-15,Belleza,Serum facial,22.15,2,0.0,44.3,Orgánico
O501597,2025-10-28,C101093,Oeste,2025-07-29,Deportes,Banda resistencia,35.09,1,0.0,35.09,Pauta pagada
O509187,2025-10-28,C102677,Norte,2025-04-28,Hogar,Cortina blackout,29.37,1,0.0,29.37,Directo
O514452,2025-10-28,C102823,Este,2025-10-13,Deportes,Botella térmica,17.07,2,0.0,34.14,Redes sociales
O500809,2025-10-28,C101622,Centro,2025-08-09,Electrónica,Cargador rápido,42.81,2,0.0,85.62,Pauta pagada
O500777,2025-10-28,C100928,Oeste,2025-04-05,Belleza,Protector solar,10.84,1,0.0,10.84,Pauta pagada
O513314,2025-10-28,C101685,Centro,2025-03-01,Electrónica,Power bank,71.86,3,0.0,215.58,Orgánico
O509558,2025-10-28,C100873,Este,2025-03-30,Deportes,Botella térmica,17.07,1,0.0,17.07,Redes sociales
O513010,2025-10-28,C101292,Norte,2025-02-02,Belleza,Shampoo reparador,10.68,3,0.0,32.04,Redes sociales
O516314,2025-10-28,C100855,Norte,2025-03-08,Hogar,Difusor aromas,51.63,3,0.0,154.89,Orgánico
O515227,2025-10-28,C101474,Sur,2025-07-14,Hogar,Organizador closet,16.5,1,0.0,16.5,Orgánico
O514805,2025-10-28,C100422,Norte,2025-08-21,Moda,Tenis running,24.57,1,0.15,24.57,Redes sociales
O500396,2025-10-28,C103082,Sur,2025-04-01,Electrónica,Parlante portátil,28.84,2,0.1,57.68,Directo
O502682,2025-10-28,C101894,Oeste,2025-05-13,Hogar,Set de sábanas,33.34,1,0.0,33.34,Email
O507350,2025-10-28,C102006,Centro,2025-10-18,Electrónica,Power bank,61.08,1,0.15,61.08,Redes sociales
O509786,2025-10-28,C101742,Norte,2025-04-15,Deportes,Botella térmica,15.36,2,0.1,30.72,Email
O516200,2025-10-28,C100688,Este,2025-06-18,Electrónica,Power bank,71.86,1,0.0,71.86,Directo
O502940,2025-10-28,C102104,Oeste,2025-04-23,Deportes,Guantes gym,10.49,2,0.1,20.98,Redes sociales
O510374,2025-10-28,C100531,Oeste,2025-08-21,Electrónica,Power bank,71.86,2,0.0,143.72,Redes sociales
O500559,2025-10-28,C100694,Centro,2025-02-17,Electrónica,Smartwatch,88.17,1,0.0,88.17,Pauta pagada
O502463,2025-10-28,C101031,Centro,2025-09-27,Hogar,Difusor aromas,51.63,1,0.0,51.63,Pauta pagada
O509766,2025-10-28,C102684,Centro,2025-10-22,Moda,Jeans slim,29.04,2,0.0,58.08,Directo
O507998,2025-10-28,C102558,Sur,2025-10-16,Electrónica,Smartwatch,88.17,1,0.0,88.17,Redes sociales
O504682,2025-10-28,C100263,Centro,2025-10-26,Belleza,Set de brochas,17.05,2,0.0,34.1,Redes sociales
O510369,2025-10-28,C101773,Sur,2025-08-07,Hogar,Difusor aromas,51.63,1,0.0,51.63,Orgánico
O512574,2025-10-28,C102537,Centro,2025-01-22,Hogar,Lámpara LED,58.38,1,0.0,58.38,Email
O508953,2025-10-28,C103174,Centro,2025-08-11,Deportes,Mancuernas ajustables,41.15,1,0.0,41.15,Directo
O500328,2025-10-28,C102227,Oeste,2025-03-06,Electrónica,Smartwatch,88.17,3,0.0,264.51,Pauta pagada
O501491,2025-10-28,C102658,Este,2025-02-16,Electrónica,Audífonos BT,62.09,1,0.15,62.09,Pauta pagada
O501960,2025-10-28,C103097,Sur,2025-02-16,Electrónica,Cargador rápido,42.81,1,0.0,42.81,Orgánico
O500641,2025-10-28,C101260,Centro,2025-05-02,Electrónica,Parlante portátil,32.04,1,0.0,32.04,Directo
O508653,2025-10-28,C100300,Oeste,2025-10-21,Moda,Gorra,39.58,3,0.0,118.74,Orgánico
O511426,2025-10-28,C101222,Sur,2025-06-13,Moda,Camiseta básica,33.41,2,0.1,66.82,Orgánico
O505995,2025-10-29,C102746,Centro,2025-04-21,Electrónica,Power bank,71.86,1,0.0,71.86,Pauta pagada
O511420,2025-10-29,C102223,Oeste,2025-03-17,Electrónica,Cargador rápido,42.81,1,0.0,42.81,Directo
O500415,2025-10-29,C103303,Este,2025-09-18,Belleza,Shampoo reparador,10.68,3,0.0,32.04,Email
O504551,2025-10-29,C101920,Oeste,2025-01-08,Moda,Mochila urbana,19.25,1,0.0,19.25,Orgánico
O507649,2025-10-29,C101255,Este,2025-03-30,Deportes,Botella térmica,17.07,2,0.0,34.14,Orgánico
O501051,2025-10-29,C101183,Norte,2025-07-25,Moda,Gorra,39.58,2,0.0,79.16,Pauta pagada
O505680,2025-10-29,C102364,Oeste,2025-02-08,Belleza,Serum facial,22.15,2,0.0,44.3,Email
O509119,2025-10-29,C100135,Norte,2025-02-14,Moda,Tenis running,24.57,2,0.15,49.14,Directo
O501076,2025-10-29,C102855,Sur,2025-04-21,Deportes,Yoga mat,46.1,1,0.0,46.1,Orgánico
O504475,2025-10-29,C103276,Norte,2025-02-18,Deportes,Botella térmica,15.36,1,0.1,15.36,Pauta pagada
O505295,2025-10-29,C102804,Centro,2025-10-15,Electrónica,Smartwatch,88.17,1,0.0,88.17,Pauta pagada
O509690,2025-10-29,C100063,Sur,2025-04-13,Moda,Camiseta básica,37.12,2,0.0,74.24,Redes sociales
O507370,2025-10-29,C100883,Oeste,2025-10-06,Hogar,Difusor aromas,51.63,2,0.0,103.26,Directo
O515122,2025-10-29,C103245,Oeste,2025-07-14,Deportes,Mancuernas ajustables,37.03,1,0.1,37.03,Orgánico
O507106,2025-10-29,C100538,Este,2025-07-18,Deportes,Yoga mat,46.1,1,0.0,46.1,Redes sociales
O513937,2025-10-29,C101433,Oeste,2025-10-18,Electrónica,Parlante portátil,28.84,1,0.1,28.84,Orgánico
O503821,2025-10-29,C100888,Sur,2025-09-29,Belleza,Perfume,9.42,3,0.0,28.26,Redes sociales
O503490,2025-10-29,C103479,Centro,2025-08-22,Belleza,Shampoo reparador,10.68,1,0.0,10.68,Pauta pagada
O512434,2025-10-29,C100481,Este,2025-06-02,Deportes,Guantes gym,11.66,1,0.0,11.66,Directo
O500733,2025-10-29,C102064,Norte,2025-03-24,Deportes,Guantes gym,11.66,2,0.0,23.32,Orgánico
O503912,2025-10-29,C100571,Norte,2025-08-31,Belleza,Shampoo reparador,10.68,1,0.0,10.68,Pauta pagada
O512762,2025-10-29,C100656,Oeste,2025-05-31,Belleza,Shampoo reparador,10.68,3,0.0,32.04,Redes sociales
O502340,2025-10-29,C103352,Norte,2025-02-26,Belleza,Serum facial,22.15,1,0.0,22.15,Directo
O504849,2025-10-29,C103034,Norte,2025-06-01,Electrónica,Power bank,71.86,1,0.0,71.86,Email
O510156,2025-10-29,C102377,Norte,2025-01-02,Belleza,Shampoo reparador,10.68,1,0.0,10.68,Orgánico
O506031,2025-10-29,C100624,Este,2025-09-12,Moda,Mochila urbana,19.25,1,0.0,19.25,Directo
O514269,2025-10-29,C101081,Norte,2025-09-19,Moda,Gorra,35.62,1,0.1,35.62,Directo
O504889,2025-10-29,C100257,Centro,2025-04-01,Deportes,Mancuernas ajustables,41.15,1,0.0,41.15,Orgánico
O508146,2025-10-29,C102343,Centro,2025-02-04,Belleza,Protector solar,10.84,2,0.0,21.68,Orgánico
O513152,2025-10-29,C103145,Centro,2025-10-18,Deportes,Mancuernas ajustables,41.15,1,0.0,41.15,Email
O515332,2025-10-29,C100468,Sur,2025-03-28,Moda,Mochila urbana,19.25,1,0.0,19.25,Redes sociales
O502455,2025-10-29,C100572,Este,2025-02-19,Moda,Camiseta básica,37.12,2,0.0,74.24,Orgánico
O515291,2025-10-29,C101973,Sur,2025-06-04,Belleza,Serum facial,22.15,3,0.0,66.45,Orgánico
O508005,2025-10-29,C101616,Norte,2025-02-10,Electrónica,Parlante portátil,32.04,1,0.0,32.04,Pauta pagada
O512625,2025-10-29,C101392,Centro,2025-06-13,Belleza,Set de brochas,17.05,1,0.0,17.05,Directo
O513834,2025-10-29,C102349,Norte,2025-05-23,Deportes,Banda resistencia,35.09,1,0.0,35.09,Pauta pagada
O515024,2025-10-29,C101542,Centro,2025-05-06,Moda,Gorra,33.64,2,0.15,67.28,Directo
O511759,2025-10-29,C102252,Este,2025-10-02,Moda,Jeans slim,29.04,2,0.0,58.08,Redes sociales
O510051,2025-10-30,C101134,Centro,2025-05-22,Deportes,Banda resistencia,35.09,1,0.0,35.09,Orgánico
O512251,2025-10-30,C100373,Sur,2025-06-02,Hogar,Difusor aromas,51.63,1,0.0,51.63,Redes sociales
O509539,2025-10-30,C102756,Este,2025-08-07,Belleza,Perfume,9.42,1,0.0,9.42,Orgánico
O515666,2025-10-30,C100189,Este,2025-05-26,Deportes,Banda resistencia,35.09,1,0.0,35.09,Pauta pagada
O510198,2025-10-30,C100497,Sur,2025-04-25,Belleza,Perfume,9.42,1,0.0,9.42,Orgánico
O512286,2025-10-30,C101615,Oeste,2025-05-28,Deportes,Banda resistencia,35.09,1,0.0,35.09,Redes sociales
O503171,2025-10-30,C101219,Este,2025-01-23,Moda,Jeans slim,24.68,1,0.15,24.68,Redes sociales
O504260,2025-10-30,C100637,Norte,2025-03-12,Deportes,Banda resistencia,29.83,2,0.15,59.66,Orgánico
O505755,2025-10-30,C103366,Sur,2025-01-19,Deportes,Banda resistencia,31.58,1,0.1,31.58,Directo
O502131,2025-10-30,C101958,Este,2025-03-27,Deportes,Guantes gym,11.66,2,0.0,23.32,Email
O510950,2025-10-30,C102032,Centro,2025-04-29,Belleza,Serum facial,22.15,1,0.0,22.15,Directo
O512685,2025-10-30,C103276,Norte,2025-02-18,Belleza,Set de brochas,17.05,3,0.0,51.15,Orgánico
O503739,2025-10-30,C102915,Este,2025-05-27,Hogar,Organizador closet,16.5,1,0.0,16.5,Directo
O507068,2025-10-30,C101912,Norte,2025-05-28,Hogar,Cortina blackout,29.37,1,0.0,29.37,Directo
O509133,2025-10-30,C100243,Norte,2025-08-09,Electrónica,Parlante portátil,32.04,1,0.0,32.04,Directo
O511339,2025-10-30,C101868,Este,2025-07-19,Deportes,Guantes gym,11.66,2,0.0,23.32,Orgánico
O509814,2025-10-30,C102274,Este,2025-01-23,Hogar,Lámpara LED,58.38,2,0.0,116.76,Pauta pagada
O510489,2025-10-30,C101280,Sur,2025-02-02,Moda,Tenis running,28.91,1,0.0,28.91,Email
O513031,2025-10-30,C100855,Norte,2025-03-08,Belleza,Perfume,9.42,2,0.0,18.84,Redes sociales
O511475,2025-10-30,C102675,Norte,2025-03-08,Moda,Mochila urbana,19.25,1,0.0,19.25,Orgánico
O503638,2025-10-30,C102251,Este,2025-02-06,Moda,Gorra,39.58,2,0.0,79.16,Email
O509877,2025-10-30,C101551,Norte,2025-06-20,Deportes,Guantes gym,11.66,1,0.0,11.66,Orgánico
O515862,2025-10-30,C102689,Norte,2025-03-03,Belleza,Set de brochas,17.05,2,0.0,34.1,Orgánico
O504562,2025-10-30,C100943,Este,2025-09-14,Electrónica,Parlante portátil,32.04,1,0.0,32.04,Redes sociales
O502380,2025-10-30,C102617,Centro,2025-02-27,Belleza,Set de brochas,17.05,2,0.0,34.1,Orgánico
O509716,2025-10-30,C102224,Centro,2025-02-08,Electrónica,Audífonos BT,62.09,2,0.15,124.18,Directo
O515068,2025-10-30,C101687,Centro,2025-07-22,Electrónica,Audífonos BT,65.74,2,0.1,131.48,Pauta pagada
O511059,2025-10-30,C100272,Centro,2025-03-12,Electrónica,Parlante portátil,32.04,1,0.0,32.04,Email
O506040,2025-10-31,C101182,Norte,2025-03-04,Moda,Mochila urbana,19.25,2,0.0,38.5,Pauta pagada
O506726,2025-10-31,C102663,Norte,2025-03-24,Moda,Gorra,39.58,1,0.0,39.58,Orgánico
O511799,2025-10-31,C102241,Oeste,2025-04-07,Moda,Camiseta básica,37.12,2,0.0,74.24,Directo
O506589,2025-10-31,C102999,Este,2025-05-25,Belleza,Protector solar,10.84,1,0.0,10.84,Pauta pagada
O506694,2025-10-31,C102674,Sur,2025-06-04,Electrónica,Audífonos BT,73.05,1,0.0,73.05,Directo
O509362,2025-10-31,C102428,Sur,2025-07-31,Deportes,Guantes gym,11.66,1,0.0,11.66,Redes sociales
O505801,2025-10-31,C101845,Oeste,2025-10-12,Deportes,Guantes gym,11.66,3,0.0,34.98,Email
O510967,2025-10-31,C101499,Este,2025-09-20,Hogar,Set de sábanas,33.34,1,0.0,33.34,Orgánico
O515711,2025-10-31,C100883,Oeste,2025-10-06,Deportes,Banda resistencia,35.09,1,0.0,35.09,Orgánico
O510714,2025-10-31,C100321,Norte,2025-06-01,Electrónica,Power bank,61.08,1,0.15,61.08,Redes sociales
O513949,2025-10-31,C103348,Norte,2025-04-14,Moda,Tenis running,28.91,2,0.0,57.82,Pauta pagada
O512641,2025-10-31,C103479,Centro,2025-08-22,Hogar,Set de sábanas,33.34,2,0.0,66.68,Email
O510906,2025-10-31,C100164,Centro,2025-01-07,Belleza,Shampoo reparador,10.68,1,0.0,10.68,Directo
O509764,2025-10-31,C102153,Este,2025-07-21,Hogar,Difusor aromas,51.63,1,0.0,51.63,Orgánico
O508191,2025-10-31,C102443,Centro,2025-06-05,Deportes,Yoga mat,46.1,1,0.0,46.1,Redes sociales
O503909,2025-10-31,C101368,Sur,2025-02-14,Moda,Camiseta básica,37.12,1,0.0,37.12,Pauta pagada
O515549,2025-10-31,C102623,Centro,2025-03-21,Belleza,Perfume,9.42,2,0.0,18.84,Orgánico
O510851,2025-10-31,C103112,Norte,2025-01-17,Deportes,Botella térmica,17.07,2,0.0,34.14,Directo
O508171,2025-10-31,C102050,Oeste,2025-04-08,Belleza,Perfume,9.42,1,0.0,9.42,Email
O512041,2025-10-31,C101368,Sur,2025-02-14,Deportes,Botella térmica,17.07,2,0.0,34.14,Redes sociales
O510726,2025-10-31,C101529,Centro,2025-09-07,Belleza,Serum facial,22.15,1,0.0,22.15,Orgánico
O516179,2025-10-31,C103180,Sur,2025-04-02,Moda,Camiseta básica,37.12,1,0.0,37.12,Redes sociales
O500354,2025-10-31,C102707,Centro,2025-06-27,Hogar,Set de sábanas,30.01,1,0.1,30.01,Pauta pagada
O512301,2025-10-31,C100269,Sur,2025-08-05,Belleza,Perfume,9.42,1,0.0,9.42,Redes sociales
O500481,2025-10-31,C102187,Norte,2025-09-04,Belleza,Protector solar,10.84,2,0.0,21.68,Directo
O515960,2025-10-31,C101031,Centro,2025-09-27,Electrónica,Audífonos BT,62.09,1,0.15,62.09,Orgánico
O511247,2025-10-31,C102010,Norte,2025-01-09,Hogar,Lámpara LED,58.38,1,0.0,58.38,Email
O507301,2025-10-31,C103329,Norte,2025-01-29,Hogar,Organizador closet,16.5,2,0.0,33.0,Orgánico
O511734,2025-11-01,C102255,Centro,2025-02-12,Electrónica,Audífonos BT,62.09,1,0.15,62.09,Orgánico
O505016,2025-11-01,C102057,Este,2025-02-26,Moda,Tenis running,28.91,1,0.0,28.91,Directo
O505553,2025-11-01,C103258,Este,2025-01-22,Belleza,Protector solar,10.84,1,0.0,10.84,Pauta pagada
O507893,2025-11-01,C101571,Oeste,2025-10-07,Hogar,Difusor aromas,46.47,1,0.1,46.47,Pauta pagada
O516081,2025-11-01,C100788,Sur,2025-06-09,Deportes,Yoga mat,46.1,2,0.0,92.2,Pauta pagada
O502883,2025-11-01,C101437,Este,2025-05-29,Hogar,Cortina blackout,29.37,2,0.0,58.74,Orgánico
O510729,2025-11-01,C102301,Oeste,2025-04-28,Deportes,Yoga mat,41.49,1,0.1,41.49,Orgánico
O501199,2025-11-01,C101674,Centro,2025-05-12,Moda,Tenis running,28.91,1,0.0,28.91,Email
O507846,2025-11-01,C102153,Este,2025-07-21,Belleza,Shampoo reparador,10.68,1,0.0,10.68,Directo
O516006,2025-11-01,C101003,Este,2025-10-17,Belleza,Shampoo reparador,8.54,1,0.2,8.54,Pauta pagada
O503421,2025-11-01,C102270,Sur,2025-06-11,Belleza,Perfume,9.42,1,0.0,9.42,Redes sociales
O506907,2025-11-01,C103464,Sur,2025-09-22,Hogar,Difusor aromas,51.63,1,0.0,51.63,Redes sociales
O509856,2025-11-01,C102624,Centro,2025-05-20,Deportes,Guantes gym,11.66,2,0.0,23.32,Directo
O505631,2025-11-01,C102367,Este,2025-01-20,Belleza,Protector solar,9.76,2,0.1,19.52,Redes sociales
O500399,2025-11-01,C102966,Este,2025-01-02,Deportes,Guantes gym,10.49,2,0.1,20.98,Redes sociales
O510850,2025-11-01,C103331,Norte,2025-10-07,Hogar,Set de sábanas,33.34,1,0.0,33.34,Redes sociales
O502408,2025-11-01,C102508,Este,2025-05-12,Moda,Jeans slim,29.04,1,0.0,29.04,Orgánico
O508175,2025-11-01,C100175,Centro,2025-03-14,Belleza,Set de brochas,17.05,3,0.0,51.15,Pauta pagada
O508435,2025-11-01,C101636,Centro,2025-08-26,Hogar,Organizador closet,16.5,2,0.0,33.0,Redes sociales
O515376,2025-11-01,C103061,Sur,2025-05-27,Moda,Camiseta básica,31.55,3,0.15,94.65,Pauta pagada
O512549,2025-11-01,C102789,Oeste,2025-03-14,Electrónica,Audífonos BT,73.05,2,0.0,146.1,Directo
O513481,2025-11-01,C100635,Este,2025-09-26,Deportes,Guantes gym,11.66,1,0.0,11.66,Directo
O507361,2025-11-01,C102043,Oeste,2025-10-01,Hogar,Lámpara LED,58.38,1,0.0,58.38,Pauta pagada
O505238,2025-11-01,C102294,Este,2025-10-21,Belleza,Protector solar,10.84,2,0.0,21.68,Orgánico
O503573,2025-11-01,C101983,Centro,2025-02-20,Electrónica,Smartwatch,88.17,1,0.0,88.17,Email
O510173,2025-11-01,C100758,Oeste,2025-09-25,Deportes,Banda resistencia,35.09,2,0.0,70.18,Directo
O515976,2025-11-01,C102522,Centro,2025-03-16,Hogar,Difusor aromas,51.63,1,0.0,51.63,Directo
O505398,2025-11-01,C100160,Centro,2025-03-05,Hogar,Cortina blackout,29.37,3,0.0,88.11,Redes sociales
O500890,2025-11-01,C102805,Centro,2025-06-24,Deportes,Guantes gym,11.66,2,0.0,23.32,Directo
O506767,2025-11-01,C103470,Norte,2025-08-22,Deportes,Yoga mat,46.1,3,0.0,138.3,Redes sociales
O507354,2025-11-01,C102394,Centro,2025-06-15,Belleza,Shampoo reparador,8.54,1,0.2,8.54,Pauta pagada
O513000,2025-11-01,C103476,Centro,2025-02-09,Hogar,Organizador closet,16.5,1,0.0,16.5,Directo
O507613,2025-11-01,C101509,Norte,2025-08-01,Electrónica,Smartwatch,74.94,2,0.15,149.88,Directo
O510273,2025-11-01,C101563,Norte,2025-06-30,Hogar,Cortina blackout,29.37,2,0.0,58.74,Email
O516173,2025-11-01,C101637,Centro,2025-05-31,Deportes,Banda resistencia,35.09,2,0.0,70.18,Orgánico
O513788,2025-11-01,C101620,Centro,2025-01-16,Hogar,Lámpara LED,58.38,2,0.0,116.76,Redes sociales
O510278,2025-11-01,C101591,Oeste,2025-02-05,Belleza,Set de brochas,17.05,2,0.0,34.1,Directo
O514414,2025-11-01,C102287,Centro,2025-07-02,Hogar,Set de sábanas,33.34,1,0.0,33.34,Directo
O502466,2025-11-01,C101614,Este,2025-11-01,Moda,Gorra,31.66,1,0.2,31.66,Directo
O503699,2025-11-01,C101115,Centro,2025-01-07,Moda,Tenis running,28.91,1,0.0,28.91,Redes sociales
O505114,2025-11-01,C102724,Sur,2025-01-07,Electrónica,Audífonos BT,73.05,2,0.0,146.1,Directo
O508008,2025-11-01,C100713,Este,2025-03-21,Moda,Jeans slim,29.04,3,0.0,87.12,Pauta pagada
O508252,2025-11-01,C102454,Centro,2025-01-26,Deportes,Guantes gym,11.66,1,0.0,11.66,Orgánico
O507441,2025-11-01,C103386,Oeste,2025-07-17,Electrónica,Cargador rápido,42.81,2,0.0,85.62,Directo
O503760,2025-11-01,C102155,Este,2025-10-30,Moda,Tenis running,28.91,1,0.0,28.91,Pauta pagada
O500638,2025-11-01,C100119,Este,2025-10-09,Electrónica,Power bank,71.86,2,0.0,143.72,Redes sociales
O512490,2025-11-01,C102230,Norte,2025-08-26,Moda,Mochila urbana,19.25,1,0.0,19.25,Orgánico
O515682,2025-11-01,C100575,Oeste,2025-02-03,Moda,Camiseta básica,37.12,1,0.0,37.12,Orgánico
O509432,2025-11-01,C100415,Centro,2025-09-11,Moda,Tenis running,26.02,1,0.1,26.02,Orgánico
O501811,2025-11-01,C100644,Norte,2025-10-01,Belleza,Serum facial,22.15,1,0.0,22.15,Orgánico
O506638,2025-11-01,C100321,Norte,2025-06-01,Moda,Jeans slim,29.04,2,0.0,58.08,Directo
O502532,2025-11-01,C101359,Norte,2025-02-15,Deportes,Guantes gym,9.91,2,0.15,19.82,Pauta pagada
O515306,2025-11-01,C103067,Oeste,2025-05-26,Electrónica,Audífonos BT,73.05,1,0.0,73.05,Email
O501067,2025-11-01,C101745,Oeste,2025-01-01,Hogar,Organizador closet,16.5,2,0.0,33.0,Email
O503967,2025-11-01,C100285,Este,2025-02-26,Moda,Tenis running,28.91,2,0.0,57.82,Directo
O511557,2025-11-02,C102539,Sur,2025-11-01,Moda,Jeans slim,29.04,1,0.0,29.04,Email
O514065,2025-11-02,C101890,Centro,2025-09-13,Deportes,Banda resistencia,35.09,1,0.0,35.09,Orgánico
O506147,2025-11-02,C102841,Sur,2025-05-24,Electrónica,Cargador rápido,36.39,3,0.15,109.17,Pauta pagada
O501991,2025-11-02,C100687,Centro,2025-02-24,Electrónica,Smartwatch,88.17,1,0.0,88.17,Orgánico
O516009,2025-11-02,C100380,Este,2025-09-26,Electrónica,Cargador rápido,36.39,2,0.15,72.78,Pauta pagada
O503914,2025-11-02,C101800,Centro,2025-03-04,Moda,Tenis running,28.91,1,0.0,28.91,Orgánico
O505008,2025-11-02,C103179,Centro,2025-04-20,Hogar,Cortina blackout,29.37,2,0.0,58.74,Redes sociales
O511709,2025-11-02,C100601,Norte,2025-10-20,Deportes,Yoga mat,46.1,3,0.0,138.3,Pauta pagada
O515434,2025-11-02,C100121,Sur,2025-08-30,Electrónica,Power bank,71.86,2,0.0,143.72,Orgánico
O512271,2025-11-02,C101837,Centro,2025-08-30,Deportes,Mancuernas ajustables,41.15,3,0.0,123.45,Redes sociales
O504565,2025-11-02,C102383,Centro,2025-07-25,Belleza,Protector solar,10.84,2,0.0,21.68,Directo
O513973,2025-11-02,C102777,Norte,2025-09-30,Belleza,Shampoo reparador,10.68,1,0.0,10.68,Orgánico
O500188,2025-11-02,C101867,Centro,2025-07-17,Hogar,Set de sábanas,30.01,1,0.1,30.01,Directo
O509503,2025-11-02,C100741,Norte,2025-07-20,Moda,Mochila urbana,17.32,1,0.1,17.32,Orgánico
O500478,2025-11-02,C100103,Centro,2025-06-08,Belleza,Shampoo reparador,8.54,3,0.2,25.62,Redes sociales
O504271,2025-11-02,C100599,Sur,2025-08-10,Hogar,Difusor aromas,43.89,2,0.15,87.78,Orgánico
O506820,2025-11-02,C102737,Oeste,2025-10-13,Hogar,Cortina blackout,23.5,1,0.2,23.5,Orgánico
O510887,2025-11-02,C102574,Norte,2025-08-14,Hogar,Cortina blackout,29.37,2,0.0,58.74,Redes sociales
O509752,2025-11-02,C101477,Norte,2025-07-28,Deportes,Banda resistencia,35.09,1,0.0,35.09,Pauta pagada
O511127,2025-11-02,C102107,Oeste,2025-03-22,Hogar,Cortina blackout,29.37,1,0.0,29.37,Orgánico
O510075,2025-11-02,C101202,Oeste,2025-01-19,Hogar,Cortina blackout,29.37,1,0.0,29.37,Directo
O508652,2025-11-02,C103479,Centro,2025-08-22,Hogar,Lámpara LED,46.7,2,0.2,93.4,Directo
O513985,2025-11-02,C101487,Oeste,2025-02-06,Belleza,Shampoo reparador,9.61,1,0.1,9.61,Email
O512390,2025-11-02,C100445,Norte,2025-04-03,Moda,Tenis running,23.13,1,0.2,23.13,Email
O502117,2025-11-02,C102524,Centro,2025-07-18,Belleza,Perfume,9.42,2,0.0,18.84,Orgánico
O507995,2025-11-02,C101821,Sur,2025-08-25,Moda,Tenis running,28.91,3,0.0,86.73,Orgánico
O511114,2025-11-02,C102724,Sur,2025-01-07,Belleza,Set de brochas,17.05,2,0.0,34.1,Email
O510530,2025-11-02,C101694,Sur,2025-05-19,Electrónica,Audífonos BT,73.05,1,0.0,73.05,Pauta pagada
O507644,2025-11-02,C102804,Centro,2025-10-15,Electrónica,Audífonos BT,65.74,1,0.1,65.74,Orgánico
O505852,2025-11-02,C101232,Oeste,2025-04-16,Electrónica,Smartwatch,88.17,2,0.0,176.34,Directo
O509652,2025-11-02,C100020,Norte,2025-04-18,Hogar,Cortina blackout,26.43,1,0.1,26.43,Redes sociales
O501923,2025-11-02,C100997,Norte,2025-06-19,Moda,Gorra,33.64,1,0.15,33.64,Orgánico
O514116,2025-11-02,C102303,Oeste,2025-03-12,Moda,Jeans slim,29.04,3,0.0,87.12,Email
O511141,2025-11-02,C100356,Oeste,2025-04-28,Moda,Camiseta básica,37.12,3,0.0,111.36,Orgánico
O515201,2025-11-02,C101748,Centro,2025-04-13,Belleza,Protector solar,10.84,1,0.0,10.84,Pauta pagada
O500142,2025-11-02,C103023,Centro,2025-05-28,Deportes,Yoga mat,46.1,1,0.0,46.1,Redes sociales
O500927,2025-11-02,C103382,Este,2025-01-14,Belleza,Set de brochas,17.05,3,0.0,51.15,Redes sociales
O504637,2025-11-02,C102488,Centro,2025-06-29,Deportes,Guantes gym,9.33,2,0.2,18.66,Orgánico
O514631,2025-11-02,C101764,Este,2025-08-25,Hogar,Organizador closet,16.5,2,0.0,33.0,Directo
O502226,2025-11-02,C100937,Oeste,2025-08-07,Moda,Camiseta básica,37.12,2,0.0,74.24,Redes sociales
O510669,2025-11-02,C101330,Este,2025-04-19,Deportes,Mancuernas ajustables,41.15,1,0.0,41.15,Pauta pagada
O506152,2025-11-02,C100249,Sur,2025-06-05,Moda,Jeans slim,24.68,1,0.15,24.68,Email
O500682,2025-11-02,C102334,Norte,2025-05-08,Deportes,Banda resistencia,35.09,1,0.0,35.09,Orgánico
O501053,2025-11-02,C101271,Centro,2025-09-17,Hogar,Cortina blackout,29.37,1,0.0,29.37,Directo
O511727,2025-11-02,C101245,Norte,2025-06-07,Deportes,Yoga mat,46.1,1,0.0,46.1,Email
O505700,2025-11-02,C101098,Centro,2025-09-26,Electrónica,Parlante portátil,28.84,3,0.1,86.52,Pauta pagada
O508914,2025-11-02,C101774,Centro,2025-01-27,Moda,Tenis running,28.91,3,0.0,86.73,Pauta pagada
O513068,2025-11-02,C100823,Sur,2025-07-11,Belleza,Perfume,9.42,1,0.0,9.42,Redes sociales
O500292,2025-11-02,C103224,Centro,2025-04-19,Moda,Camiseta básica,37.12,2,0.0,74.24,Orgánico
O506028,2025-11-02,C102850,Sur,2025-05-14,Electrónica,Parlante portátil,28.84,2,0.1,57.68,Orgánico
O502128,2025-11-02,C100953,Centro,2025-10-05,Electrónica,Smartwatch,88.17,3,0.0,264.51,Redes sociales
O511084,2025-11-02,C103006,Oeste,2025-03-05,Belleza,Shampoo reparador,8.54,2,0.2,17.08,Redes sociales
O503233,2025-11-02,C103270,Centro,2025-10-29,Moda,Camiseta básica,37.12,1,0.0,37.12,Redes sociales
O502005,2025-11-02,C100227,Centro,2025-01-07,Moda,Jeans slim,29.04,1,0.0,29.04,Redes sociales
O508255,2025-11-02,C102014,Sur,2025-02-08,Moda,Mochila urbana,19.25,1,0.0,19.25,Pauta pagada
O503340,2025-11-02,C100001,Sur,2025-06-30,Moda,Gorra,39.58,2,0.0,79.16,Orgánico
O501292,2025-11-02,C100796,Este,2025-03-29,Deportes,Banda resistencia,35.09,2,0.0,70.18,Redes sociales
O509628,2025-11-02,C102069,Norte,2025-10-10,Belleza,Set de brochas,17.05,3,0.0,51.15,Pauta pagada
O514885,2025-11-03,C102572,Este,2025-02-16,Hogar,Organizador closet,16.5,2,0.0,33.0,Email
O502474,2025-11-03,C103158,Este,2025-08-29,Moda,Camiseta básica,33.41,1,0.1,33.41,Email
O511523,2025-11-03,C102799,Oeste,2025-09-16,Moda,Mochila urbana,16.36,3,0.15,49.08,Orgánico
O501104,2025-11-03,C100940,Oeste,2025-06-01,Moda,Mochila urbana,19.25,2,0.0,38.5,Email
O503095,2025-11-03,C101555,Oeste,2025-01-17,Deportes,Banda resistencia,35.09,1,0.0,35.09,Orgánico
O506539,2025-11-03,C100220,Sur,2025-09-27,Deportes,Yoga mat,46.1,1,0.0,46.1,Orgánico
O510691,2025-11-03,C101014,Norte,2025-03-29,Electrónica,Cargador rápido,42.81,3,0.0,128.43,Directo
O510894,2025-11-03,C102022,Este,2025-04-19,Deportes,Yoga mat,39.18,3,0.15,117.54,Redes sociales
O511614,2025-11-03,C100069,Centro,2025-10-08,Hogar,Organizador closet,16.5,1,0.0,16.5,Email
O502976,2025-11-03,C102903,Sur,2025-10-17,Hogar,Organizador closet,13.2,2,0.2,26.4,Directo
O502194,2025-11-03,C103095,Oeste,2025-10-05,Hogar,Lámpara LED,58.38,3,0.0,175.14,Pauta pagada
O516197,2025-11-03,C100044,Centro,2025-07-18,Belleza,Perfume,8.48,2,0.1,16.96,Pauta pagada
O512250,2025-11-03,C102051,Este,2025-02-22,Belleza,Shampoo reparador,10.68,1,0.0,10.68,Email
O500789,2025-11-03,C102491,Este,2025-02-05,Deportes,Yoga mat,46.1,1,0.0,46.1,Redes sociales
O510863,2025-11-03,C102584,Centro,2025-05-22,Moda,Tenis running,24.57,1,0.15,24.57,Orgánico
O500369,2025-11-03,C100212,Sur,2025-10-01,Electrónica,Cargador rápido,36.39,2,0.15,72.78,Redes sociales
O514830,2025-11-03,C102637,Centro,2025-01-24,Electrónica,Cargador rápido,42.81,2,0.0,85.62,Redes sociales
O515799,2025-11-03,C102707,Centro,2025-06-27,Deportes,Mancuernas ajustables,41.15,1,0.0,41.15,Orgánico
O503258,2025-11-03,C100351,Centro,2025-10-12,Electrónica,Power bank,71.86,3,0.0,215.58,Email
O515065,2025-11-03,C101830,Norte,2025-10-29,Moda,Tenis running,24.57,1,0.15,24.57,Orgánico
O502103,2025-11-03,C100766,Centro,2025-05-21,Belleza,Protector solar,10.84,3,0.0,32.52,Redes sociales
O516229,2025-11-03,C100864,Oeste,2025-03-12,Hogar,Set de sábanas,33.34,1,0.0,33.34,Orgánico
O506779,2025-11-03,C101921,Oeste,2025-09-29,Moda,Gorra,35.62,1,0.1,35.62,Pauta pagada
O503343,2025-11-03,C100362,Sur,2025-10-14,Hogar,Set de sábanas,33.34,2,0.0,66.68,Redes sociales
O511047,2025-11-03,C101117,Sur,2025-06-15,Electrónica,Smartwatch,74.94,3,0.15,224.82,Email
O500989,2025-11-03,C101218,Centro,2025-10-11,Electrónica,Audífonos BT,73.05,2,0.0,146.1,Pauta pagada
O510625,2025-11-03,C101631,Este,2025-04-07,Deportes,Botella térmica,14.51,2,0.15,29.02,Redes sociales
O512613,2025-11-03,C101514,Sur,2025-07-30,Electrónica,Cargador rápido,36.39,3,0.15,109.17,Redes sociales
O506130,2025-11-03,C102284,Norte,2025-10-20,Moda,Camiseta básica,37.12,1,0.0,37.12,Directo
O507576,2025-11-03,C100216,Centro,2025-03-02,Belleza,Set de brochas,17.05,2,0.0,34.1,Pauta pagada
O511708,2025-11-03,C101264,Sur,2025-04-01,Belleza,Shampoo reparador,10.68,1,0.0,10.68,Pauta pagada
O512421,2025-11-03,C101001,Sur,2025-05-31,Moda,Gorra,31.66,2,0.2,63.32,Redes sociales
O510319,2025-11-03,C100825,Oeste,2025-03-01,Moda,Tenis running,28.91,1,0.0,28.91,Orgánico
O502236,2025-11-03,C103048,Centro,2025-07-16,Hogar,Lámpara LED,58.38,1,0.0,58.38,Pauta pagada
O514695,2025-11-03,C101783,Centro,2025-09-05,Electrónica,Power bank,71.86,3,0.0,215.58,Redes sociales
O512322,2025-11-03,C100712,Norte,2025-11-03,Deportes,Yoga mat,39.18,1,0.15,39.18,Orgánico
O501085,2025-11-03,C100732,Sur,2025-07-19,Electrónica,Parlante portátil,32.04,2,0.0,64.08,Directo
O501634,2025-11-03,C102257,Este,2025-08-15,Deportes,Mancuernas ajustables,32.92,1,0.2,32.92,Orgánico
O514141,2025-11-03,C100066,Este,2025-09-24,Deportes,Yoga mat,46.1,2,0.0,92.2,Directo
O513692,2025-11-03,C102406,Sur,2025-01-22,Belleza,Set de brochas,15.34,2,0.1,30.68,Pauta pagada
O505790,2025-11-03,C103474,Norte,2025-01-04,Moda,Mochila urbana,15.4,2,0.2,30.8,Orgánico
O500635,2025-11-03,C100990,Norte,2025-07-05,Electrónica,Audífonos BT,73.05,1,0.0,73.05,Pauta pagada
O509386,2025-11-03,C100811,Sur,2025-09-08,Deportes,Yoga mat,46.1,3,0.0,138.3,Email
O501639,2025-11-03,C100078,Centro,2025-02-21,Deportes,Yoga mat,46.1,2,0.0,92.2,Pauta pagada
O503436,2025-11-03,C101872,Centro,2025-08-01,Moda,Gorra,39.58,1,0.0,39.58,Orgánico
O501431,2025-11-03,C100021,Oeste,2025-01-09,Electrónica,Cargador rápido,42.81,2,0.0,85.62,Pauta pagada
O500404,2025-11-03,C102917,Sur,2025-04-08,Belleza,Perfume,8.48,1,0.1,8.48,Orgánico
O501868,2025-11-03,C103095,Oeste,2025-10-05,Moda,Camiseta básica,37.12,2,0.0,74.24,Pauta pagada
O503528,2025-11-03,C101323,Norte,2025-10-24,Electrónica,Smartwatch,88.17,1,0.0,88.17,Email
O504215,2025-11-03,C103214,Sur,2025-05-12,Belleza,Set de brochas,13.64,2,0.2,27.28,Redes sociales
O507737,2025-11-03,C102123,Sur,2025-05-26,Deportes,Guantes gym,11.66,2,0.0,23.32,Orgánico
O515315,2025-11-03,C102090,Norte,2025-06-04,Moda,Camiseta básica,31.55,2,0.15,63.1,Pauta pagada
O509605,2025-11-03,C101229,Oeste,2025-06-02,Hogar,Lámpara LED,58.38,1,0.0,58.38,Pauta pagada
O505883,2025-11-03,C100036,Norte,2025-02-28,Deportes,Guantes gym,11.66,1,0.0,11.66,Orgánico
O501631,2025-11-03,C103011,Norte,2025-06-24,Moda,Tenis running,28.91,3,0.0,86.73,Orgánico
O503794,2025-11-03,C102910,Centro,2025-02-13,Deportes,Banda resistencia,35.09,2,0.0,70.18,Directo
O507308,2025-11-03,C103239,Norte,2025-09-17,Deportes,Banda resistencia,35.09,1,0.0,35.09,Pauta pagada
O509452,2025-11-03,C101936,Norte,2025-04-22,Belleza,Protector solar,10.84,1,0.0,10.84,Redes sociales
O515921,2025-11-03,C101974,Sur,2025-05-27,Belleza,Serum facial,22.15,3,0.0,66.45,Email
O505605,2025-11-03,C101102,Centro,2025-06-30,Moda,Camiseta básica,37.12,1,0.0,37.12,Redes sociales
O507941,2025-11-04,C101992,Sur,2025-06-15,Electrónica,Power bank,71.86,2,0.0,143.72,Redes sociales
O515058,2025-11-04,C103216,Centro,2025-07-16,Hogar,Organizador closet,16.5,2,0.0,33.0,Pauta pagada
O512922,2025-11-04,C101801,Sur,2025-04-21,Electrónica,Audífonos BT,73.05,1,0.0,73.05,Directo
O508931,2025-11-04,C102362,Centro,2025-03-08,Deportes,Yoga mat,46.1,1,0.0,46.1,Pauta pagada
O511334,2025-11-04,C101013,Norte,2025-10-28,Hogar,Lámpara LED,46.7,1,0.2,46.7,Orgánico
O503889,2025-11-04,C102524,Centro,2025-07-18,Electrónica,Parlante portátil,32.04,2,0.0,64.08,Orgánico
O501686,2025-11-04,C102197,Este,2025-08-24,Belleza,Perfume,9.42,1,0.0,9.42,Orgánico
O506100,2025-11-04,C102509,Centro,2025-06-06,Electrónica,Power bank,64.67,1,0.1,64.67,Orgánico
O504952,2025-11-04,C100741,Norte,2025-07-20,Electrónica,Power bank,71.86,1,0.0,71.86,Orgánico
O501220,2025-11-04,C100060,Norte,2025-09-01,Belleza,Serum facial,22.15,3,0.0,66.45,Orgánico
O502833,2025-11-04,C100838,Norte,2025-08-26,Moda,Camiseta básica,37.12,3,0.0,111.36,Orgánico
O506512,2025-11-04,C101555,Oeste,2025-01-17,Electrónica,Audífonos BT,73.05,2,0.0,146.1,Orgánico
O509682,2025-11-04,C102978,Norte,2025-09-27,Belleza,Perfume,9.42,3,0.0,28.26,Orgánico
O510757,2025-11-04,C101800,Centro,2025-03-04,Belleza,Serum facial,22.15,1,0.0,22.15,Pauta pagada
O512131,2025-11-04,C101048,Oeste,2025-07-13,Electrónica,Cargador rápido,42.81,1,0.0,42.81,Directo
O513548,2025-11-04,C101943,Oeste,2025-03-21,Moda,Jeans slim,24.68,1,0.15,24.68,Redes sociales
O500185,2025-11-04,C102403,Sur,2025-05-17,Moda,Tenis running,28.91,1,0.0,28.91,Redes sociales
O512853,2025-11-04,C100532,Sur,2025-02-14,Hogar,Cortina blackout,26.43,2,0.1,52.86,Redes sociales
O515928,2025-11-04,C102267,Norte,2025-07-12,Deportes,Yoga mat,46.1,2,0.0,92.2,Pauta pagada
O508099,2025-11-04,C100570,Oeste,2025-01-09,Moda,Mochila urbana,19.25,3,0.0,57.75,Directo
O504957,2025-11-04,C101621,Centro,2025-03-17,Hogar,Cortina blackout,29.37,1,0.0,29.37,Pauta pagada
O501127,2025-11-04,C102124,Norte,2025-09-13,Electrónica,Power bank,71.86,1,0.0,71.86,Redes sociales
O507971,2025-11-04,C103477,Oeste,2025-07-12,Hogar,Lámpara LED,58.38,1,0.0,58.38,Orgánico
O507527,2025-11-04,C102703,Este,2025-06-09,Hogar,Cortina blackout,29.37,1,0.0,29.37,Pauta pagada
O510045,2025-11-04,C102436,Centro,2025-03-31,Hogar,Organizador closet,14.02,1,0.15,14.02,Redes sociales
O516016,2025-11-04,C100301,Este,2025-05-24,Deportes,Botella térmica,17.07,2,0.0,34.14,Pauta pagada
O508558,2025-11-04,C103464,Sur,2025-09-22,Moda,Jeans slim,29.04,1,0.0,29.04,Redes sociales
O508903,2025-11-04,C100495,Este,2025-05-13,Hogar,Organizador closet,16.5,1,0.0,16.5,Orgánico
O503566,2025-11-04,C100885,Oeste,2025-01-22,Deportes,Botella térmica,17.07,3,0.0,51.21,Directo
O506776,2025-11-04,C100324,Oeste,2025-01-03,Deportes,Banda resistencia,31.58,1,0.1,31.58,Directo
O513530,2025-11-04,C100044,Centro,2025-07-18,Deportes,Guantes gym,11.66,3,0.0,34.98,Pauta pagada
O515413,2025-11-04,C101719,Norte,2025-02-25,Belleza,Protector solar,9.76,1,0.1,9.76,Pauta pagada
O510617,2025-11-04,C102855,Sur,2025-04-21,Belleza,Serum facial,18.83,1,0.15,18.83,Redes sociales
O508744,2025-11-04,C101167,Centro,2025-06-10,Moda,Camiseta básica,29.7,1,0.2,29.7,Orgánico
O507757,2025-11-04,C101026,Centro,2025-08-28,Moda,Mochila urbana,19.25,1,0.0,19.25,Email
O503103,2025-11-04,C100360,Centro,2025-11-01,Hogar,Organizador closet,16.5,2,0.0,33.0,Email
O512259,2025-11-04,C102397,Centro,2025-10-15,Moda,Jeans slim,29.04,1,0.0,29.04,Directo
O501009,2025-11-04,C103402,Centro,2025-05-30,Belleza,Serum facial,22.15,2,0.0,44.3,Orgánico
O511238,2025-11-04,C101878,Centro,2025-01-24,Hogar,Organizador closet,14.02,1,0.15,14.02,Directo
O514078,2025-11-04,C100776,Este,2025-01-29,Moda,Camiseta básica,37.12,2,0.0,74.24,Pauta pagada
O515537,2025-11-04,C101848,Este,2025-10-02,Belleza,Perfume,9.42,1,0.0,9.42,Pauta pagada
O503840,2025-11-04,C101859,Norte,2025-04-14,Deportes,Banda resistencia,35.09,3,0.0,105.27,Redes sociales
O507548,2025-11-04,C100591,Centro,2025-08-28,Belleza,Protector solar,10.84,2,0.0,21.68,Pauta pagada
O507281,2025-11-04,C103376,Norte,2025-10-09,Belleza,Serum facial,22.15,2,0.0,44.3,Orgánico
O514101,2025-11-04,C102390,Este,2025-03-29,Deportes,Banda resistencia,35.09,1,0.0,35.09,Pauta pagada
O504820,2025-11-04,C102592,Oeste,2025-10-06,Moda,Tenis running,26.02,1,0.1,26.02,Orgánico
O512652,2025-11-04,C103072,Centro,2025-10-15,Belleza,Set de brochas,17.05,3,0.0,51.15,Orgánico
O506163,2025-11-04,C100202,Norte,2025-07-02,Belleza,Set de brochas,17.05,2,0.0,34.1,Orgánico
O514029,2025-11-04,C100723,Centro,2025-06-23,Hogar,Difusor aromas,51.63,2,0.0,103.26,Redes sociales
O504138,2025-11-04,C100311,Centro,2025-01-16,Hogar,Organizador closet,14.02,1,0.15,14.02,Directo
O500623,2025-11-04,C100779,Este,2025-05-02,Hogar,Set de sábanas,33.34,1,0.0,33.34,Directo
O503116,2025-11-04,C102868,Sur,2025-01-09,Electrónica,Parlante portátil,32.04,3,0.0,96.12,Pauta pagada
O507270,2025-11-04,C100373,Sur,2025-06-02,Electrónica,Smartwatch,70.54,1,0.2,70.54,Directo
O500485,2025-11-04,C101889,Norte,2025-05-27,Hogar,Lámpara LED,58.38,2,0.0,116.76,Redes sociales
O506532,2025-11-04,C101946,Oeste,2025-04-17,Moda,Jeans slim,29.04,1,0.0,29.04,Orgánico
O506634,2025-11-04,C102290,Sur,2025-04-16,Belleza,Serum facial,22.15,2,0.0,44.3,Redes sociales
O512252,2025-11-04,C102074,Sur,2025-09-30,Electrónica,Power bank,71.86,2,0.0,143.72,Directo
O511900,2025-11-05,C102572,Este,2025-02-16,Electrónica,Power bank,64.67,1,0.1,64.67,Redes sociales
O503121,2025-11-05,C102923,Centro,2025-05-06,Belleza,Protector solar,10.84,1,0.0,10.84,Orgánico
O501166,2025-11-05,C101594,Centro,2025-09-29,Deportes,Yoga mat,46.1,1,0.0,46.1,Pauta pagada
O511121,2025-11-05,C103353,Norte,2025-08-16,Deportes,Guantes gym,10.49,2,0.1,20.98,Orgánico
O511914,2025-11-05,C101781,Norte,2025-03-06,Moda,Mochila urbana,19.25,3,0.0,57.75,Orgánico
O514428,2025-11-05,C101021,Centro,2025-02-09,Belleza,Perfume,9.42,2,0.0,18.84,Directo
O512032,2025-11-05,C102145,Sur,2025-08-28,Moda,Jeans slim,29.04,1,0.0,29.04,Pauta pagada
O513889,2025-11-05,C100822,Norte,2025-10-04,Deportes,Banda resistencia,35.09,3,0.0,105.27,Orgánico
O508958,2025-11-05,C103282,Oeste,2025-01-23,Deportes,Mancuernas ajustables,41.15,1,0.0,41.15,Redes sociales
O501420,2025-11-05,C103066,Norte,2025-08-19,Hogar,Set de sábanas,30.01,1,0.1,30.01,Redes sociales
O512214,2025-11-05,C102152,Oeste,2025-09-30,Moda,Mochila urbana,19.25,1,0.0,19.25,Email
O507305,2025-11-05,C100949,Centro,2025-08-15,Hogar,Cortina blackout,29.37,1,0.0,29.37,Redes sociales
O503277,2025-11-05,C100617,Norte,2025-11-02,Belleza,Protector solar,10.84,1,0.0,10.84,Pauta pagada
O515388,2025-11-05,C101535,Oeste,2025-03-30,Deportes,Mancuernas ajustables,41.15,1,0.0,41.15,Orgánico
O512387,2025-11-05,C102238,Este,2025-07-11,Moda,Camiseta básica,37.12,2,0.0,74.24,Pauta pagada
O515889,2025-11-05,C100878,Norte,2025-07-23,Hogar,Difusor aromas,51.63,1,0.0,51.63,Redes sociales
O502161,2025-11-05,C100213,Centro,2025-06-02,Deportes,Mancuernas ajustables,41.15,3,0.0,123.45,Orgánico
O506177,2025-11-05,C102051,Este,2025-02-22,Electrónica,Cargador rápido,42.81,2,0.0,85.62,Directo
O503545,2025-11-05,C103112,Norte,2025-01-17,Deportes,Mancuernas ajustables,41.15,1,0.0,41.15,Pauta pagada
O514844,2025-11-05,C100824,Centro,2025-06-20,Moda,Tenis running,28.91,2,0.0,57.82,Directo
O511524,2025-11-05,C102357,Centro,2025-04-04,Hogar,Cortina blackout,29.37,1,0.0,29.37,Email
O509560,2025-11-05,C101916,Sur,2025-04-26,Deportes,Botella térmica,17.07,2,0.0,34.14,Orgánico
O504705,2025-11-05,C100638,Norte,2025-01-06,Electrónica,Audífonos BT,73.05,3,0.0,219.15,Directo
O501157,2025-11-05,C101276,Oeste,2025-04-27,Belleza,Set de brochas,17.05,1,0.0,17.05,Pauta pagada
O500889,2025-11-05,C103160,Norte,2025-01-26,Belleza,Shampoo reparador,10.68,2,0.0,21.36,Pauta pagada
O508539,2025-11-05,C101487,Oeste,2025-02-06,Deportes,Botella térmica,17.07,2,0.0,34.14,Pauta pagada
O502310,2025-11-05,C100087,Oeste,2025-04-26,Belleza,Shampoo reparador,9.61,1,0.1,9.61,Pauta pagada
O508281,2025-11-05,C103037,Sur,2025-03-15,Deportes,Guantes gym,11.66,3,0.0,34.98,Redes sociales
O502616,2025-11-05,C100636,Este,2025-01-20,Moda,Jeans slim,29.04,1,0.0,29.04,Orgánico
O511980,2025-11-05,C101670,Este,2025-05-24,Deportes,Yoga mat,46.1,1,0.0,46.1,Directo
O506189,2025-11-05,C103124,Oeste,2025-09-03,Moda,Camiseta básica,37.12,1,0.0,37.12,Pauta pagada
O504537,2025-11-05,C101219,Este,2025-01-23,Belleza,Shampoo reparador,10.68,1,0.0,10.68,Email
O503193,2025-11-05,C103210,Este,2025-06-01,Electrónica,Smartwatch,88.17,1,0.0,88.17,Pauta pagada
O506427,2025-11-05,C102173,Sur,2025-10-29,Deportes,Guantes gym,11.66,3,0.0,34.98,Orgánico
O506765,2025-11-05,C103444,Sur,2025-05-25,Deportes,Guantes gym,10.49,3,0.1,31.47,Directo
O512236,2025-11-05,C103157,Norte,2025-08-21,Deportes,Botella térmica,14.51,1,0.15,14.51,Pauta pagada
O509374,2025-11-05,C100725,Este,2025-03-24,Moda,Jeans slim,24.68,1,0.15,24.68,Orgánico
O501016,2025-11-05,C100827,Sur,2025-03-02,Deportes,Guantes gym,11.66,1,0.0,11.66,Directo
O505463,2025-11-05,C100736,Centro,2025-08-14,Belleza,Set de brochas,13.64,1,0.2,13.64,Orgánico
O511929,2025-11-05,C100234,Norte,2025-06-18,Hogar,Lámpara LED,58.38,1,0.0,58.38,Orgánico
O505068,2025-11-05,C100183,Norte,2025-02-17,Belleza,Set de brochas,17.05,1,0.0,17.05,Orgánico
O507701,2025-11-05,C103362,Norte,2025-08-11,Moda,Tenis running,28.91,2,0.0,57.82,Orgánico
O505222,2025-11-05,C103402,Centro,2025-05-30,Belleza,Perfume,9.42,3,0.0,28.26,Orgánico
O501746,2025-11-05,C101390,Sur,2025-09-21,Hogar,Set de sábanas,33.34,2,0.0,66.68,Orgánico
O508963,2025-11-05,C102418,Oeste,2025-01-28,Hogar,Difusor aromas,43.89,1,0.15,43.89,Email
O514942,2025-11-05,C103034,Norte,2025-06-01,Electrónica,Cargador rápido,42.81,3,0.0,128.43,Redes sociales
O510677,2025-11-05,C103357,Este,2025-09-11,Hogar,Cortina blackout,29.37,2,0.0,58.74,Directo
O505986,2025-11-05,C100593,Oeste,2025-01-14,Deportes,Guantes gym,11.66,1,0.0,11.66,Pauta pagada
O511249,2025-11-05,C103280,Norte,2025-05-19,Moda,Jeans slim,26.14,3,0.1,78.42,Orgánico
O501728,2025-11-05,C101109,Norte,2025-05-14,Belleza,Set de brochas,17.05,3,0.0,51.15,Directo
O502787,2025-11-05,C102510,Centro,2025-02-18,Belleza,Serum facial,22.15,1,0.0,22.15,Pauta pagada
O500543,2025-11-05,C101238,Oeste,2025-02-10,Deportes,Mancuernas ajustables,41.15,1,0.0,41.15,Orgánico
O501123,2025-11-05,C101872,Centro,2025-08-01,Deportes,Banda resistencia,35.09,2,0.0,70.18,Pauta pagada
O502356,2025-11-05,C100511,Centro,2025-07-21,Electrónica,Power bank,71.86,1,0.0,71.86,Pauta pagada
O514768,2025-11-05,C103425,Oeste,2025-06-07,Deportes,Mancuernas ajustables,37.03,1,0.1,37.03,Directo
O511735,2025-11-05,C103057,Centro,2025-02-19,Deportes,Botella térmica,17.07,1,0.0,17.07,Pauta pagada
O503989,2025-11-05,C100981,Oeste,2025-09-25,Deportes,Banda resistencia,31.58,2,0.1,63.16,Pauta pagada
O507939,2025-11-05,C102983,Norte,2025-01-02,Electrónica,Smartwatch,88.17,1,0.0,88.17,Directo
O507174,2025-11-05,C102163,Sur,2025-08-08,Electrónica,Audífonos BT,58.44,2,0.2,116.88,Directo
O515153,2025-11-05,C100298,Norte,2025-07-08,Hogar,Lámpara LED,49.62,2,0.15,99.24,Redes sociales
O509573,2025-11-05,C102664,Sur,2025-05-29,Electrónica,Power bank,71.86,2,0.0,143.72,Pauta pagada
O507949,2025-11-05,C102403,Sur,2025-05-17,Moda,Jeans slim,29.04,1,0.0,29.04,Orgánico
O501486,2025-11-05,C100784,Sur,2025-01-25,Belleza,Protector solar,10.84,1,0.0,10.84,Email
O512788,2025-11-05,C100940,Oeste,2025-06-01,Hogar,Lámpara LED,58.38,1,0.0,58.38,Redes sociales
O501957,2025-11-05,C101471,Centro,2025-09-28,Hogar,Lámpara LED,58.38,2,0.0,116.76,Redes sociales
O507679,2025-11-05,C100147,Norte,2025-03-13,Deportes,Yoga mat,41.49,2,0.1,82.98,Redes sociales
O510946,2025-11-05,C101472,Oeste,2025-08-27,Hogar,Organizador closet,14.85,2,0.1,29.7,Email
O505006,2025-11-05,C102253,Centro,2025-02-09,Hogar,Organizador closet,16.5,2,0.0,33.0,Email
O509791,2025-11-05,C100668,Sur,2025-04-03,Moda,Mochila urbana,19.25,1,0.0,19.25,Pauta pagada
O506697,2025-11-06,C101815,Norte,2025-07-05,Electrónica,Smartwatch,88.17,1,0.0,88.17,Email
O510547,2025-11-06,C103018,Sur,2025-02-19,Belleza,Perfume,9.42,1,0.0,9.42,Redes sociales
O511067,2025-11-06,C103476,Centro,2025-02-09,Deportes,Mancuernas ajustables,37.03,1,0.1,37.03,Redes sociales
O507126,2025-11-06,C100923,Oeste,2025-03-06,Electrónica,Parlante portátil,32.04,1,0.0,32.04,Email
O506379,2025-11-06,C102610,Sur,2025-03-12,Deportes,Banda resistencia,35.09,1,0.0,35.09,Orgánico
O511104,2025-11-06,C101608,Oeste,2025-07-11,Deportes,Banda resistencia,29.83,2,0.15,59.66,Directo
O501130,2025-11-06,C101991,Oeste,2025-08-31,Moda,Mochila urbana,19.25,2,0.0,38.5,Redes sociales
O506975,2025-11-06,C100536,Centro,2025-01-12,Moda,Jeans slim,29.04,1,0.0,29.04,Email
O515469,2025-11-06,C102962,Norte,2025-05-05,Belleza,Shampoo reparador,10.68,1,0.0,10.68,Email
O516175,2025-11-06,C102037,Centro,2025-10-27,Hogar,Cortina blackout,29.37,2,0.0,58.74,Redes sociales
O508668,2025-11-06,C103316,Oeste,2025-06-04,Hogar,Organizador closet,14.02,1,0.15,14.02,Pauta pagada
O502645,2025-11-06,C101607,Centro,2025-08-02,Moda,Gorra,35.62,2,0.1,71.24,Pauta pagada
O500627,2025-11-06,C100337,Centro,2025-02-06,Belleza,Protector solar,9.21,1,0.15,9.21,Redes sociales
O509113,2025-11-06,C103491,Este,2025-04-21,Deportes,Botella térmica,15.36,1,0.1,15.36,Orgánico
O507456,2025-11-06,C101652,Norte,2025-09-20,Moda,Tenis running,23.13,1,0.2,23.13,Directo
O509426,2025-11-06,C103016,Sur,2025-09-27,Moda,Tenis running,28.91,1,0.0,28.91,Redes sociales
O500584,2025-11-06,C100851,Centro,2025-06-21,Moda,Gorra,39.58,1,0.0,39.58,Orgánico
O502320,2025-11-06,C100285,Este,2025-02-26,Moda,Jeans slim,29.04,1,0.0,29.04,Orgánico
O509465,2025-11-06,C101781,Norte,2025-03-06,Moda,Camiseta básica,37.12,3,0.0,111.36,Orgánico
O501362,2025-11-06,C100311,Centro,2025-01-16,Moda,Mochila urbana,19.25,3,0.0,57.75,Pauta pagada
O514600,2025-11-06,C102601,Este,2025-05-23,Moda,Camiseta básica,37.12,1,0.0,37.12,Pauta pagada
O507832,2025-11-06,C100958,Centro,2025-04-14,Electrónica,Parlante portátil,32.04,1,0.0,32.04,Pauta pagada
O500826,2025-11-06,C100620,Este,2025-06-16,Belleza,Protector solar,10.84,1,0.0,10.84,Redes sociales
O516137,2025-11-06,C101043,Norte,2025-01-02,Moda,Jeans slim,29.04,1,0.0,29.04,Orgánico
O507624,2025-11-06,C102306,Norte,2025-10-19,Deportes,Yoga mat,36.88,1,0.2,36.88,Redes sociales
O513113,2025-11-06,C100812,Oeste,2025-02-22,Deportes,Banda resistencia,35.09,2,0.0,70.18,Orgánico
O515158,2025-11-06,C101561,Sur,2025-08-27,Belleza,Shampoo reparador,10.68,2,0.0,21.36,Pauta pagada
O500152,2025-11-06,C102228,Sur,2025-01-29,Deportes,Yoga mat,46.1,2,0.0,92.2,Orgánico
O507067,2025-11-06,C102528,Sur,2025-05-22,Hogar,Cortina blackout,24.96,2,0.15,49.92,Redes sociales
O507099,2025-11-06,C101195,Norte,2025-01-14,Deportes,Guantes gym,11.66,1,0.0,11.66,Orgánico
O505440,2025-11-06,C100060,Norte,2025-09-01,Electrónica,Audífonos BT,73.05,1,0.0,73.05,Redes sociales
O512634,2025-11-06,C100623,Centro,2025-02-15,Electrónica,Audífonos BT,73.05,3,0.0,219.15,Email
O500242,2025-11-06,C100911,Oeste,2025-07-02,Belleza,Set de brochas,17.05,2,0.0,34.1,Pauta pagada
O510102,2025-11-06,C102819,Sur,2025-01-26,Belleza,Set de brochas,17.05,1,0.0,17.05,Orgánico
O500629,2025-11-06,C101067,Centro,2025-08-04,Deportes,Botella térmica,17.07,3,0.0,51.21,Pauta pagada
O512959,2025-11-06,C101595,Este,2025-08-14,Hogar,Organizador closet,14.85,1,0.1,14.85,Redes sociales
O510819,2025-11-06,C101254,Centro,2025-08-07,Moda,Tenis running,28.91,1,0.0,28.91,Pauta pagada
O507761,2025-11-06,C100621,Oeste,2025-03-15,Belleza,Shampoo reparador,10.68,1,0.0,10.68,Pauta pagada
O502966,2025-11-06,C101131,Oeste,2025-04-14,Electrónica,Cargador rápido,42.81,1,0.0,42.81,Orgánico
O506712,2025-11-06,C102203,Norte,2025-06-21,Belleza,Protector solar,10.84,1,0.0,10.84,Orgánico
O501359,2025-11-06,C102848,Oeste,2025-03-08,Moda,Mochila urbana,19.25,1,0.0,19.25,Directo
O516135,2025-11-06,C102514,Oeste,2025-03-16,Moda,Mochila urbana,16.36,1,0.15,16.36,Redes sociales
O514735,2025-11-06,C101804,Norte,2025-09-18,Moda,Camiseta básica,37.12,3,0.0,111.36,Directo
O509034,2025-11-06,C102384,Sur,2025-01-31,Belleza,Protector solar,10.84,3,0.0,32.52,Pauta pagada
O510049,2025-11-06,C102792,Sur,2025-04-30,Hogar,Lámpara LED,46.7,1,0.2,46.7,Redes sociales
O502743,2025-11-06,C102358,Centro,2025-07-12,Belleza,Set de brochas,13.64,1,0.2,13.64,Orgánico
O512153,2025-11-06,C101232,Oeste,2025-04-16,Moda,Jeans slim,29.04,3,0.0,87.12,Redes sociales
O511958,2025-11-06,C100445,Norte,2025-04-03,Deportes,Mancuernas ajustables,41.15,3,0.0,123.45,Orgánico
O507633,2025-11-06,C100768,Centro,2025-01-16,Electrónica,Smartwatch,79.35,3,0.1,238.05,Redes sociales
O515956,2025-11-06,C102406,Sur,2025-01-22,Moda,Tenis running,23.13,1,0.2,23.13,Pauta pagada
O504042,2025-11-06,C101992,Sur,2025-06-15,Hogar,Difusor aromas,51.63,3,0.0,154.89,Email
O504585,2025-11-06,C102955,Oeste,2025-09-05,Belleza,Set de brochas,17.05,1,0.0,17.05,Redes sociales
O505556,2025-11-06,C102488,Centro,2025-06-29,Deportes,Banda resistencia,35.09,2,0.0,70.18,Redes sociales
O500960,2025-11-06,C103008,Sur,2025-07-25,Hogar,Set de sábanas,33.34,1,0.0,33.34,Directo
O513541,2025-11-06,C100516,Centro,2025-08-12,Deportes,Mancuernas ajustables,41.15,1,0.0,41.15,Orgánico
O503014,2025-11-06,C102953,Centro,2025-02-21,Belleza,Serum facial,18.83,2,0.15,37.66,Pauta pagada
O515695,2025-11-06,C102062,Oeste,2025-07-06,Electrónica,Audífonos BT,58.44,1,0.2,58.44,Redes sociales
O504449,2025-11-07,C100080,Centro,2025-07-19,Electrónica,Parlante portátil,27.23,2,0.15,54.46,Directo
O505220,2025-11-07,C102340,Norte,2025-01-26,Belleza,Serum facial,22.15,2,0.0,44.3,Redes sociales
O505621,2025-11-07,C102143,Norte,2025-03-22,Deportes,Yoga mat,41.49,2,0.1,82.98,Redes sociales
O516033,2025-11-07,C100989,Este,2025-01-15,Hogar,Lámpara LED,58.38,1,0.0,58.38,Redes sociales
O501919,2025-11-07,C103063,Oeste,2025-03-24,Moda,Tenis running,28.91,1,0.0,28.91,Email
O500872,2025-11-07,C100372,Oeste,2025-03-02,Hogar,Organizador closet,16.5,1,0.0,16.5,Email
O514354,2025-11-07,C100236,Este,2025-05-02,Moda,Jeans slim,29.04,1,0.0,29.04,Directo
O513974,2025-11-07,C102812,Este,2025-05-20,Hogar,Set de sábanas,33.34,2,0.0,66.68,Email
O502581,2025-11-07,C102918,Centro,2025-10-28,Deportes,Mancuernas ajustables,41.15,3,0.0,123.45,Redes sociales
O506162,2025-11-07,C100904,Norte,2025-04-22,Hogar,Difusor aromas,51.63,1,0.0,51.63,Orgánico
O515776,2025-11-07,C102149,Centro,2025-09-26,Belleza,Set de brochas,17.05,2,0.0,34.1,Redes sociales
O501567,2025-11-07,C101281,Norte,2025-01-04,Belleza,Perfume,9.42,1,0.0,9.42,Directo
O502181,2025-11-07,C102991,Sur,2025-03-17,Belleza,Protector solar,10.84,2,0.0,21.68,Email
O511097,2025-11-07,C100662,Sur,2025-05-18,Deportes,Mancuernas ajustables,41.15,1,0.0,41.15,Pauta pagada
O501951,2025-11-07,C102646,Este,2025-08-29,Belleza,Perfume,9.42,2,0.0,18.84,Orgánico
O511259,2025-11-07,C101844,Este,2025-03-01,Hogar,Lámpara LED,58.38,2,0.0,116.76,Orgánico
O512066,2025-11-07,C103075,Sur,2025-10-13,Belleza,Serum facial,22.15,1,0.0,22.15,Orgánico
O508232,2025-11-07,C100735,Centro,2025-08-27,Belleza,Protector solar,9.76,1,0.1,9.76,Orgánico
O505617,2025-11-07,C103193,Sur,2025-03-22,Deportes,Yoga mat,39.18,2,0.15,78.36,Directo
O509274,2025-11-07,C102789,Oeste,2025-03-14,Belleza,Protector solar,10.84,1,0.0,10.84,Redes sociales
O510264,2025-11-07,C101486,Sur,2025-07-03,Hogar,Set de sábanas,33.34,2,0.0,66.68,Directo
O502133,2025-11-07,C101958,Este,2025-03-27,Hogar,Set de sábanas,33.34,2,0.0,66.68,Redes sociales
O504904,2025-11-07,C102423,Este,2025-03-10,Belleza,Perfume,9.42,2,0.0,18.84,Pauta pagada
O511850,2025-11-07,C102496,Norte,2025-03-23,Electrónica,Cargador rápido,42.81,1,0.0,42.81,Redes sociales
O501156,2025-11-07,C100549,Centro,2025-06-11,Deportes,Yoga mat,46.1,2,0.0,92.2,Directo
O516023,2025-11-07,C101596,Este,2025-05-27,Electrónica,Smartwatch,88.17,3,0.0,264.51,Orgánico
O510568,2025-11-07,C100536,Centro,2025-01-12,Hogar,Lámpara LED,52.54,1,0.1,52.54,Directo
O507447,2025-11-07,C101808,Este,2025-05-24,Electrónica,Parlante portátil,27.23,1,0.15,27.23,Orgánico
O512208,2025-11-07,C103179,Centro,2025-04-20,Belleza,Protector solar,10.84,1,0.0,10.84,Orgánico
O515501,2025-11-07,C101949,Centro,2025-03-03,Belleza,Protector solar,10.84,2,0.0,21.68,Orgánico
O506809,2025-11-07,C102510,Centro,2025-02-18,Deportes,Yoga mat,39.18,1,0.15,39.18,Pauta pagada
O511189,2025-11-07,C102969,Sur,2025-06-07,Electrónica,Parlante portátil,32.04,2,0.0,64.08,Orgánico
O514057,2025-11-07,C101872,Centro,2025-08-01,Electrónica,Smartwatch,88.17,2,0.0,176.34,Orgánico
O512300,2025-11-07,C102736,Sur,2025-09-30,Hogar,Set de sábanas,33.34,1,0.0,33.34,Orgánico
O506937,2025-11-07,C100413,Norte,2025-03-15,Belleza,Set de brochas,17.05,1,0.0,17.05,Pauta pagada
O503579,2025-11-07,C100660,Oeste,2025-10-09,Electrónica,Smartwatch,88.17,1,0.0,88.17,Directo
O502880,2025-11-07,C101080,Sur,2025-06-14,Hogar,Lámpara LED,58.38,1,0.0,58.38,Pauta pagada
O512026,2025-11-07,C102932,Oeste,2025-09-30,Electrónica,Cargador rápido,38.53,1,0.1,38.53,Pauta pagada
O510843,2025-11-07,C102603,Centro,2025-02-02,Moda,Jeans slim,23.23,1,0.2,23.23,Email
O509825,2025-11-07,C102422,Oeste,2025-11-07,Moda,Mochila urbana,19.25,2,0.0,38.5,Pauta pagada
O502162,2025-11-07,C100476,Centro,2025-09-21,Deportes,Yoga mat,46.1,2,0.0,92.2,Redes sociales
O505384,2025-11-07,C101643,Este,2025-09-17,Belleza,Set de brochas,17.05,1,0.0,17.05,Directo
O501509,2025-11-07,C101670,Este,2025-05-24,Moda,Jeans slim,26.14,1,0.1,26.14,Directo
O510196,2025-11-07,C102416,Norte,2025-03-29,Hogar,Cortina blackout,29.37,1,0.0,29.37,Orgánico
O500248,2025-11-07,C100149,Este,2025-04-24,Hogar,Organizador closet,13.2,1,0.2,13.2,Orgánico
O514578,2025-11-07,C101329,Centro,2025-08-08,Moda,Camiseta básica,37.12,1,0.0,37.12,Directo
O503543,2025-11-07,C102872,Oeste,2025-06-22,Moda,Jeans slim,26.14,3,0.1,78.42,Redes sociales
O510826,2025-11-07,C100370,Norte,2025-06-08,Electrónica,Parlante portátil,28.84,2,0.1,57.68,Redes sociales
O511560,2025-11-07,C100491,Sur,2025-10-06,Moda,Gorra,33.64,1,0.15,33.64,Directo
O501756,2025-11-08,C102603,Centro,2025-02-02,Electrónica,Smartwatch,88.17,1,0.0,88.17,Directo
O500178,2025-11-08,C101292,Norte,2025-02-02,Moda,Jeans slim,29.04,3,0.0,87.12,Pauta pagada
O501436,2025-11-08,C102642,Sur,2025-05-13,Hogar,Set de sábanas,26.67,1,0.2,26.67,Directo
O508151,2025-11-08,C102297,Centro,2025-08-02,Deportes,Guantes gym,11.66,1,0.0,11.66,Directo
O509141,2025-11-08,C101107,Norte,2025-02-19,Electrónica,Cargador rápido,42.81,2,0.0,85.62,Orgánico
O501287,2025-11-08,C101668,Sur,2025-06-14,Hogar,Lámpara LED,58.38,2,0.0,116.76,Directo
O504909,2025-11-08,C101868,Este,2025-07-19,Belleza,Serum facial,19.93,3,0.1,59.79,Pauta pagada
O501294,2025-11-08,C100978,Sur,2025-02-26,Belleza,Set de brochas,17.05,1,0.0,17.05,Pauta pagada
O511405,2025-11-08,C101502,Centro,2025-08-18,Belleza,Serum facial,18.83,2,0.15,37.66,Pauta pagada
O512968,2025-11-08,C102344,Oeste,2025-04-22,Hogar,Cortina blackout,29.37,1,0.0,29.37,Email
O511987,2025-11-08,C101644,Centro,2025-02-18,Hogar,Lámpara LED,58.38,3,0.0,175.14,Redes sociales
O503190,2025-11-08,C100528,Centro,2025-04-09,Hogar,Lámpara LED,58.38,1,0.0,58.38,Orgánico
O500376,2025-11-08,C100041,Oeste,2025-04-08,Moda,Mochila urbana,19.25,1,0.0,19.25,Pauta pagada
O509026,2025-11-08,C101556,Oeste,2025-01-04,Moda,Gorra,35.62,2,0.1,71.24,Redes sociales
O501037,2025-11-08,C101131,Oeste,2025-04-14,Moda,Gorra,39.58,1,0.0,39.58,Email
O508593,2025-11-08,C102862,Norte,2025-01-22,Belleza,Shampoo reparador,9.08,3,0.15,27.24,Redes sociales
O502326,2025-11-08,C102325,Norte,2025-05-01,Moda,Gorra,39.58,3,0.0,118.74,Email
O504668,2025-11-08,C102300,Oeste,2025-08-27,Deportes,Botella térmica,17.07,1,0.0,17.07,Email
O502711,2025-11-08,C100020,Norte,2025-04-18,Moda,Tenis running,28.91,1,0.0,28.91,Orgánico
O511004,2025-11-08,C101503,Este,2025-05-25,Deportes,Yoga mat,46.1,1,0.0,46.1,Orgánico
O513685,2025-11-08,C101397,Oeste,2025-08-31,Deportes,Banda resistencia,35.09,3,0.0,105.27,Redes sociales
O505298,2025-11-08,C100873,Este,2025-03-30,Hogar,Difusor aromas,51.63,2,0.0,103.26,Orgánico
O513901,2025-11-08,C102202,Oeste,2025-02-04,Deportes,Botella térmica,17.07,1,0.0,17.07,Orgánico
O502298,2025-11-08,C101555,Oeste,2025-01-17,Hogar,Organizador closet,16.5,3,0.0,49.5,Directo
O509788,2025-11-08,C101111,Norte,2025-01-25,Belleza,Perfume,8.48,1,0.1,8.48,Email
O507090,2025-11-08,C102000,Este,2025-07-04,Hogar,Cortina blackout,29.37,2,0.0,58.74,Orgánico
O510301,2025-11-08,C101824,Este,2025-09-12,Belleza,Serum facial,22.15,1,0.0,22.15,Orgánico
O510422,2025-11-08,C103234,Centro,2025-05-29,Hogar,Lámpara LED,58.38,1,0.0,58.38,Pauta pagada
O514552,2025-11-08,C100456,Sur,2025-01-03,Hogar,Set de sábanas,33.34,2,0.0,66.68,Orgánico
O502935,2025-11-08,C100504,Oeste,2025-07-22,Hogar,Cortina blackout,29.37,2,0.0,58.74,Directo
O500674,2025-11-08,C102920,Norte,2025-08-18,Deportes,Mancuernas ajustables,41.15,1,0.0,41.15,Pauta pagada
O503725,2025-11-08,C100582,Norte,2025-06-15,Deportes,Botella térmica,17.07,1,0.0,17.07,Directo
O503378,2025-11-08,C102689,Norte,2025-03-03,Belleza,Protector solar,9.76,1,0.1,9.76,Redes sociales
O511530,2025-11-08,C103141,Este,2025-07-10,Electrónica,Parlante portátil,32.04,3,0.0,96.12,Email
O505058,2025-11-08,C102833,Norte,2025-03-29,Moda,Jeans slim,24.68,2,0.15,49.36,Pauta pagada
O508895,2025-11-08,C103082,Sur,2025-04-01,Deportes,Guantes gym,11.66,2,0.0,23.32,Email
O508987,2025-11-08,C102114,Centro,2025-10-05,Deportes,Yoga mat,46.1,1,0.0,46.1,Redes sociales
O506276,2025-11-08,C100085,Oeste,2025-10-23,Moda,Mochila urbana,19.25,1,0.0,19.25,Pauta pagada
O510194,2025-11-08,C102997,Oeste,2025-02-02,Deportes,Yoga mat,46.1,1,0.0,46.1,Pauta pagada
O510326,2025-11-08,C101663,Norte,2025-10-11,Deportes,Guantes gym,11.66,3,0.0,34.98,Orgánico
O507232,2025-11-08,C101252,Norte,2025-03-25,Hogar,Lámpara LED,58.38,1,0.0,58.38,Redes sociales
O504097,2025-11-08,C101075,Norte,2025-03-10,Deportes,Yoga mat,46.1,3,0.0,138.3,Redes sociales
O502564,2025-11-08,C102158,Este,2025-06-19,Deportes,Guantes gym,11.66,3,0.0,34.98,Email
O500393,2025-11-08,C102387,Sur,2025-09-29,Deportes,Yoga mat,36.88,1,0.2,36.88,Orgánico
O512913,2025-11-08,C100689,Oeste,2025-07-05,Moda,Mochila urbana,19.25,2,0.0,38.5,Pauta pagada
O504254,2025-11-09,C102703,Este,2025-06-09,Hogar,Lámpara LED,58.38,3,0.0,175.14,Orgánico
O515508,2025-11-09,C100796,Este,2025-03-29,Electrónica,Power bank,61.08,3,0.15,183.24,Redes sociales
O514259,2025-11-09,C102923,Centro,2025-05-06,Deportes,Yoga mat,46.1,1,0.0,46.1,Directo
O512993,2025-11-09,C102802,Norte,2025-10-02,Moda,Tenis running,28.91,1,0.0,28.91,Orgánico
O506304,2025-11-09,C101216,Centro,2025-08-20,Electrónica,Power bank,71.86,2,0.0,143.72,Redes sociales
O510586,2025-11-09,C102126,Sur,2025-11-08,Electrónica,Smartwatch,70.54,1,0.2,70.54,Orgánico
O515998,2025-11-09,C102119,Sur,2025-03-06,Electrónica,Cargador rápido,42.81,1,0.0,42.81,Email
O509770,2025-11-09,C100414,Sur,2025-08-07,Deportes,Mancuernas ajustables,37.03,3,0.1,111.09,Directo
O514655,2025-11-09,C101489,Sur,2025-03-16,Electrónica,Audífonos BT,73.05,3,0.0,219.15,Orgánico
O509097,2025-11-09,C102302,Centro,2025-03-21,Deportes,Banda resistencia,28.07,3,0.2,84.21,Pauta pagada
O513104,2025-11-09,C102588,Centro,2025-03-20,Deportes,Mancuernas ajustables,41.15,1,0.0,41.15,Email
O508331,2025-11-09,C100211,Sur,2025-02-21,Belleza,Protector solar,10.84,2,0.0,21.68,Directo
O516316,2025-11-09,C100743,Centro,2025-06-07,Moda,Camiseta básica,37.12,2,0.0,74.24,Pauta pagada
O503010,2025-11-09,C102602,Sur,2025-02-11,Moda,Gorra,35.62,3,0.1,106.86,Orgánico
O507848,2025-11-09,C100505,Centro,2025-06-09,Deportes,Banda resistencia,35.09,2,0.0,70.18,Orgánico
O503833,2025-11-09,C100413,Norte,2025-03-15,Hogar,Set de sábanas,33.34,1,0.0,33.34,Pauta pagada
O515916,2025-11-09,C102758,Sur,2025-08-18,Hogar,Set de sábanas,33.34,1,0.0,33.34,Email
O505388,2025-11-09,C100930,Sur,2025-08-10,Electrónica,Parlante portátil,32.04,1,0.0,32.04,Directo
O504918,2025-11-09,C100838,Norte,2025-08-26,Deportes,Yoga mat,46.1,1,0.0,46.1,Directo
O506308,2025-11-09,C100845,Este,2025-01-30,Hogar,Lámpara LED,52.54,2,0.1,105.08,Orgánico
O505224,2025-11-09,C101664,Sur,2025-04-30,Hogar,Organizador closet,16.5,2,0.0,33.0,Directo
O500385,2025-11-09,C103236,Oeste,2025-05-05,Deportes,Botella térmica,17.07,1,0.0,17.07,Orgánico
O507115,2025-11-09,C101219,Este,2025-01-23,Hogar,Set de sábanas,33.34,2,0.0,66.68,Email
O510433,2025-11-09,C101200,Centro,2025-04-18,Electrónica,Audífonos BT,73.05,2,0.0,146.1,Email
O511083,2025-11-09,C100769,Sur,2025-02-12,Belleza,Perfume,9.42,2,0.0,18.84,Email
O513438,2025-11-09,C101625,Este,2025-02-14,Hogar,Organizador closet,14.85,2,0.1,29.7,Orgánico
O507676,2025-11-09,C102698,Sur,2025-07-13,Hogar,Lámpara LED,52.54,2,0.1,105.08,Redes sociales
O513573,2025-11-09,C101367,Centro,2025-07-05,Moda,Jeans slim,29.04,1,0.0,29.04,Orgánico
O506050,2025-11-09,C101986,Norte,2025-04-02,Deportes,Yoga mat,46.1,3,0.0,138.3,Orgánico
O507640,2025-11-09,C103195,Sur,2025-09-17,Belleza,Protector solar,10.84,2,0.0,21.68,Email
O500314,2025-11-09,C101013,Norte,2025-10-28,Deportes,Banda resistencia,35.09,1,0.0,35.09,Email
O501625,2025-11-09,C102096,Norte,2025-04-30,Moda,Jeans slim,29.04,2,0.0,58.08,Orgánico
O506620,2025-11-09,C100609,Centro,2025-10-20,Hogar,Organizador closet,16.5,1,0.0,16.5,Orgánico
O502504,2025-11-09,C102372,Norte,2025-02-07,Electrónica,Cargador rápido,36.39,2,0.15,72.78,Redes sociales
O509601,2025-11-09,C103173,Norte,2025-05-20,Electrónica,Smartwatch,88.17,2,0.0,176.34,Pauta pagada
O505401,2025-11-09,C100238,Oeste,2025-10-07,Electrónica,Parlante portátil,32.04,2,0.0,64.08,Email
O504308,2025-11-09,C101808,Este,2025-05-24,Deportes,Banda resistencia,35.09,1,0.0,35.09,Directo
O506930,2025-11-09,C101486,Sur,2025-07-03,Belleza,Protector solar,10.84,2,0.0,21.68,Pauta pagada
O504647,2025-11-09,C100346,Este,2025-07-31,Electrónica,Power bank,71.86,3,0.0,215.58,Orgánico
O511646,2025-11-09,C100684,Norte,2025-06-11,Deportes,Mancuernas ajustables,41.15,1,0.0,41.15,Pauta pagada
O503937,2025-11-09,C100045,Este,2025-07-10,Deportes,Yoga mat,46.1,2,0.0,92.2,Directo
O514167,2025-11-09,C100582,Norte,2025-06-15,Deportes,Guantes gym,11.66,2,0.0,23.32,Pauta pagada
O512193,2025-11-09,C102235,Sur,2025-05-12,Moda,Gorra,39.58,2,0.0,79.16,Pauta pagada
O505241,2025-11-09,C101865,Norte,2025-03-15,Electrónica,Cargador rápido,42.81,2,0.0,85.62,Orgánico
O515399,2025-11-09,C101385,Norte,2025-07-15,Electrónica,Cargador rápido,36.39,1,0.15,36.39,Pauta pagada
O503855,2025-11-09,C100904,Norte,2025-04-22,Moda,Tenis running,28.91,1,0.0,28.91,Redes sociales
O501322,2025-11-09,C100906,Norte,2025-02-13,Electrónica,Parlante portátil,32.04,1,0.0,32.04,Orgánico
O509270,2025-11-09,C101212,Este,2025-01-18,Belleza,Set de brochas,17.05,1,0.0,17.05,Orgánico
O503662,2025-11-09,C100231,Centro,2025-10-30,Belleza,Protector solar,10.84,2,0.0,21.68,Redes sociales
O509476,2025-11-09,C102801,Norte,2025-03-05,Belleza,Perfume,9.42,1,0.0,9.42,Email
O508276,2025-11-09,C101835,Centro,2025-08-28,Moda,Tenis running,28.91,1,0.0,28.91,Orgánico
O515389,2025-11-09,C100873,Este,2025-03-30,Hogar,Difusor aromas,51.63,1,0.0,51.63,Pauta pagada
O500766,2025-11-09,C101050,Oeste,2025-10-05,Electrónica,Smartwatch,88.17,1,0.0,88.17,Directo
O501113,2025-11-09,C101502,Centro,2025-08-18,Moda,Jeans slim,29.04,1,0.0,29.04,Directo
O512168,2025-11-09,C103159,Oeste,2025-06-22,Electrónica,Audífonos BT,73.05,2,0.0,146.1,Redes sociales
O502069,2025-11-09,C102483,Este,2025-03-20,Hogar,Difusor aromas,51.63,3,0.0,154.89,Redes sociales
O503279,2025-11-09,C100812,Oeste,2025-02-22,Electrónica,Audífonos BT,73.05,1,0.0,73.05,Pauta pagada
O507378,2025-11-09,C100061,Este,2025-09-03,Moda,Mochila urbana,19.25,1,0.0,19.25,Redes sociales
O500862,2025-11-09,C101606,Centro,2025-05-17,Hogar,Set de sábanas,30.01,1,0.1,30.01,Redes sociales
O508141,2025-11-09,C101030,Oeste,2025-09-28,Hogar,Organizador closet,16.5,2,0.0,33.0,Orgánico
O505427,2025-11-09,C101491,Oeste,2025-09-29,Hogar,Set de sábanas,30.01,1,0.1,30.01,Orgánico
O508524,2025-11-09,C102803,Norte,2025-05-11,Belleza,Protector solar,10.84,3,0.0,32.52,Orgánico
O507409,2025-11-09,C102876,Este,2025-10-31,Hogar,Organizador closet,16.5,1,0.0,16.5,Orgánico
O512834,2025-11-09,C101671,Este,2025-07-15,Deportes,Mancuernas ajustables,41.15,1,0.0,41.15,Redes sociales
O502961,2025-11-09,C102022,Este,2025-04-19,Deportes,Botella térmica,17.07,2,0.0,34.14,Pauta pagada
O504534,2025-11-09,C101140,Centro,2025-04-22,Belleza,Serum facial,22.15,1,0.0,22.15,Orgánico
O505457,2025-11-10,C101436,Centro,2025-06-06,Electrónica,Power bank,71.86,1,0.0,71.86,Redes sociales
O500704,2025-11-10,C101911,Centro,2025-03-31,Deportes,Banda resistencia,35.09,2,0.0,70.18,Orgánico
O502353,2025-11-10,C102645,Norte,2025-07-16,Moda,Camiseta básica,37.12,1,0.0,37.12,Orgánico
O511045,2025-11-10,C102678,Oeste,2025-03-09,Electrónica,Power bank,71.86,3,0.0,215.58,Redes sociales
O515931,2025-11-10,C101934,Centro,2025-08-20,Electrónica,Cargador rápido,42.81,1,0.0,42.81,Pauta pagada
O507483,2025-11-10,C100450,Centro,2025-07-09,Deportes,Banda resistencia,35.09,2,0.0,70.18,Email
O508448,2025-11-10,C100273,Centro,2025-10-29,Moda,Gorra,39.58,2,0.0,79.16,Redes sociales
O515382,2025-11-10,C100175,Centro,2025-03-14,Hogar,Difusor aromas,51.63,3,0.0,154.89,Redes sociales
O511182,2025-11-10,C100239,Norte,2025-08-10,Hogar,Set de sábanas,33.34,3,0.0,100.02,Redes sociales
O511440,2025-11-10,C101312,Centro,2025-04-01,Electrónica,Power bank,71.86,1,0.0,71.86,Orgánico
O505511,2025-11-10,C103379,Centro,2025-10-30,Belleza,Protector solar,10.84,2,0.0,21.68,Orgánico
O508699,2025-11-10,C100688,Este,2025-06-18,Electrónica,Parlante portátil,32.04,2,0.0,64.08,Pauta pagada
O504717,2025-11-10,C103163,Centro,2025-02-04,Electrónica,Smartwatch,88.17,3,0.0,264.51,Redes sociales
O507719,2025-11-10,C101690,Centro,2025-03-02,Hogar,Set de sábanas,33.34,3,0.0,100.02,Orgánico
O503418,2025-11-10,C101601,Centro,2025-04-03,Hogar,Set de sábanas,33.34,1,0.0,33.34,Orgánico
O515029,2025-11-10,C103379,Centro,2025-10-30,Hogar,Lámpara LED,52.54,1,0.1,52.54,Email
O508101,2025-11-10,C100139,Este,2025-02-25,Electrónica,Smartwatch,88.17,1,0.0,88.17,Directo
O507991,2025-11-10,C101766,Norte,2025-06-01,Moda,Mochila urbana,19.25,1,0.0,19.25,Pauta pagada
O509739,2025-11-10,C101756,Centro,2025-06-08,Hogar,Organizador closet,14.02,1,0.15,14.02,Redes sociales
O513876,2025-11-10,C101244,Sur,2025-05-30,Deportes,Guantes gym,11.66,2,0.0,23.32,Orgánico
O511642,2025-11-10,C100737,Este,2025-04-26,Moda,Tenis running,28.91,3,0.0,86.73,Directo
O510424,2025-11-10,C100169,Centro,2025-07-04,Deportes,Banda resistencia,29.83,3,0.15,89.49,Pauta pagada
O503117,2025-11-10,C102095,Centro,2025-04-04,Belleza,Protector solar,9.76,2,0.1,19.52,Pauta pagada
O508739,2025-11-10,C100899,Centro,2025-11-07,Deportes,Mancuernas ajustables,41.15,3,0.0,123.45,Email
O503991,2025-11-10,C101917,Norte,2025-11-04,Electrónica,Audífonos BT,65.74,1,0.1,65.74,Redes sociales
O505095,2025-11-10,C101426,Sur,2025-02-24,Belleza,Shampoo reparador,10.68,1,0.0,10.68,Directo
O514826,2025-11-10,C100077,Centro,2025-01-14,Electrónica,Power bank,71.86,1,0.0,71.86,Orgánico
O508746,2025-11-10,C103448,Norte,2025-04-16,Moda,Camiseta básica,37.12,1,0.0,37.12,Orgánico
O503948,2025-11-10,C100741,Norte,2025-07-20,Moda,Tenis running,28.91,1,0.0,28.91,Orgánico
O508950,2025-11-10,C101185,Oeste,2025-02-07,Electrónica,Power bank,71.86,1,0.0,71.86,Redes sociales
O509942,2025-11-10,C101047,Norte,2025-09-05,Moda,Mochila urbana,19.25,1,0.0,19.25,Orgánico
O511331,2025-11-10,C101706,Centro,2025-07-12,Belleza,Perfume,9.42,2,0.0,18.84,Directo
O511196,2025-11-10,C100090,Norte,2025-08-20,Deportes,Botella térmica,17.07,1,0.0,17.07,Orgánico
O506196,2025-11-10,C101426,Sur,2025-02-24,Hogar,Difusor aromas,43.89,3,0.15,131.67,Pauta pagada
O512627,2025-11-10,C103158,Este,2025-08-29,Belleza,Protector solar,10.84,1,0.0,10.84,Pauta pagada
O512239,2025-11-10,C100942,Oeste,2025-03-04,Hogar,Lámpara LED,58.38,1,0.0,58.38,Pauta pagada
O514581,2025-11-10,C100686,Oeste,2025-02-27,Electrónica,Parlante portátil,28.84,1,0.1,28.84,Pauta pagada
O509772,2025-11-10,C100034,Centro,2025-06-11,Electrónica,Parlante portátil,32.04,1,0.0,32.04,Orgánico
O515083,2025-11-10,C100752,Sur,2025-07-23,Hogar,Difusor aromas,51.63,3,0.0,154.89,Directo
O512427,2025-11-10,C102536,Norte,2025-04-14,Hogar,Organizador closet,16.5,3,0.0,49.5,Orgánico
O511381,2025-11-10,C100632,Centro,2025-06-13,Belleza,Set de brochas,17.05,1,0.0,17.05,Redes sociales
O511896,2025-11-10,C101719,Norte,2025-02-25,Deportes,Guantes gym,11.66,2,0.0,23.32,Orgánico
O514385,2025-11-10,C100747,Sur,2025-05-12,Belleza,Serum facial,22.15,1,0.0,22.15,Email
O508775,2025-11-11,C101494,Este,2025-03-18,Electrónica,Audífonos BT,73.05,3,0.0,219.15,Orgánico
O507172,2025-11-11,C100159,Norte,2025-01-06,Electrónica,Power bank,71.86,1,0.0,71.86,Pauta pagada
O512171,2025-11-11,C101444,Sur,2025-02-28,Moda,Gorra,39.58,1,0.0,39.58,Directo
O505658,2025-11-11,C101461,Este,2025-06-21,Electrónica,Smartwatch,88.17,1,0.0,88.17,Directo
O512087,2025-11-11,C102347,Sur,2025-09-21,Electrónica,Power bank,61.08,2,0.15,122.16,Orgánico
O510953,2025-11-11,C102118,Sur,2025-03-01,Moda,Camiseta básica,37.12,1,0.0,37.12,Directo
O508926,2025-11-11,C103125,Norte,2025-07-04,Electrónica,Cargador rápido,34.25,1,0.2,34.25,Pauta pagada
O508776,2025-11-11,C102345,Norte,2025-03-02,Hogar,Difusor aromas,51.63,1,0.0,51.63,Directo
O512146,2025-11-11,C100508,Norte,2025-02-16,Electrónica,Power bank,71.86,1,0.0,71.86,Redes sociales
O510725,2025-11-11,C101907,Centro,2025-08-19,Hogar,Lámpara LED,58.38,3,0.0,175.14,Orgánico
O510632,2025-11-11,C100699,Este,2025-04-12,Moda,Mochila urbana,17.32,3,0.1,51.96,Orgánico
O504081,2025-11-11,C101901,Centro,2025-04-28,Moda,Camiseta básica,37.12,1,0.0,37.12,Pauta pagada
O507248,2025-11-11,C101467,Norte,2025-05-19,Deportes,Yoga mat,46.1,1,0.0,46.1,Redes sociales
O512147,2025-11-11,C100496,Sur,2025-07-14,Deportes,Banda resistencia,35.09,2,0.0,70.18,Redes sociales
O511736,2025-11-11,C100626,Oeste,2025-07-17,Deportes,Yoga mat,39.18,2,0.15,78.36,Orgánico
O504486,2025-11-11,C103158,Este,2025-08-29,Moda,Gorra,39.58,1,0.0,39.58,Redes sociales
O500496,2025-11-11,C101194,Este,2025-02-20,Deportes,Botella térmica,15.36,1,0.1,15.36,Orgánico
O514878,2025-11-11,C102071,Norte,2025-01-13,Electrónica,Smartwatch,88.17,1,0.0,88.17,Redes sociales
O506264,2025-11-11,C100337,Centro,2025-02-06,Deportes,Mancuernas ajustables,41.15,1,0.0,41.15,Orgánico
O514221,2025-11-11,C100333,Norte,2025-01-19,Hogar,Organizador closet,16.5,1,0.0,16.5,Email
O500144,2025-11-11,C101604,Oeste,2025-02-08,Moda,Jeans slim,29.04,2,0.0,58.08,Directo
O506727,2025-11-11,C101896,Centro,2025-03-06,Belleza,Protector solar,9.76,1,0.1,9.76,Pauta pagada
O500241,2025-11-11,C101097,Norte,2025-09-13,Deportes,Botella térmica,17.07,2,0.0,34.14,Email
O508131,2025-11-11,C101253,Oeste,2025-04-28,Deportes,Banda resistencia,35.09,2,0.0,70.18,Pauta pagada
O509257,2025-11-11,C102811,Sur,2025-04-23,Deportes,Botella térmica,17.07,1,0.0,17.07,Pauta pagada
O515677,2025-11-11,C102403,Sur,2025-05-17,Belleza,Protector solar,10.84,3,0.0,32.52,Pauta pagada
O506932,2025-11-11,C102640,Sur,2025-02-24,Belleza,Shampoo reparador,10.68,2,0.0,21.36,Email
O506405,2025-11-11,C102120,Norte,2025-01-17,Deportes,Mancuernas ajustables,34.98,1,0.15,34.98,Pauta pagada
O503156,2025-11-11,C102288,Sur,2025-07-13,Moda,Camiseta básica,37.12,3,0.0,111.36,Orgánico
O505955,2025-11-11,C101392,Centro,2025-06-13,Hogar,Difusor aromas,51.63,1,0.0,51.63,Orgánico
O510272,2025-11-11,C100177,Este,2025-10-21,Electrónica,Parlante portátil,32.04,2,0.0,64.08,Redes sociales
O504305,2025-11-11,C100914,Sur,2025-07-08,Electrónica,Audífonos BT,73.05,1,0.0,73.05,Orgánico
O510284,2025-11-11,C102418,Oeste,2025-01-28,Electrónica,Smartwatch,79.35,2,0.1,158.7,Redes sociales
O503652,2025-11-11,C102372,Norte,2025-02-07,Belleza,Serum facial,22.15,2,0.0,44.3,Pauta pagada
O509714,2025-11-11,C101770,Centro,2025-04-21,Electrónica,Audífonos BT,73.05,2,0.0,146.1,Redes sociales
O511776,2025-11-11,C101117,Sur,2025-06-15,Belleza,Protector solar,10.84,2,0.0,21.68,Directo
O511354,2025-11-11,C102510,Centro,2025-02-18,Deportes,Guantes gym,11.66,1,0.0,11.66,Pauta pagada
O507434,2025-11-11,C101548,Este,2025-06-24,Belleza,Set de brochas,17.05,1,0.0,17.05,Redes sociales
O501781,2025-11-11,C103007,Oeste,2025-03-13,Electrónica,Audífonos BT,73.05,2,0.0,146.1,Redes sociales
O513383,2025-11-11,C100411,Centro,2025-09-26,Belleza,Serum facial,22.15,1,0.0,22.15,Directo
O503040,2025-11-11,C100865,Norte,2025-06-28,Hogar,Set de sábanas,33.34,1,0.0,33.34,Directo
O507428,2025-11-11,C101928,Norte,2025-08-17,Hogar,Cortina blackout,29.37,1,0.0,29.37,Directo
O511719,2025-11-11,C100606,Sur,2025-03-31,Belleza,Serum facial,22.15,1,0.0,22.15,Directo
O505052,2025-11-11,C103484,Centro,2025-04-28,Hogar,Difusor aromas,46.47,1,0.1,46.47,Directo
O515196,2025-11-11,C100457,Centro,2025-07-28,Electrónica,Parlante portátil,32.04,2,0.0,64.08,Pauta pagada
O513052,2025-11-11,C103203,Sur,2025-05-08,Belleza,Protector solar,9.21,2,0.15,18.42,Orgánico
O503022,2025-11-11,C101067,Centro,2025-08-04,Electrónica,Parlante portátil,32.04,1,0.0,32.04,Redes sociales
O510040,2025-11-11,C102410,Norte,2025-06-08,Electrónica,Audífonos BT,65.74,1,0.1,65.74,Directo
O511063,2025-11-12,C103428,Sur,2025-07-16,Belleza,Perfume,9.42,3,0.0,28.26,Directo
O501862,2025-11-12,C100457,Centro,2025-07-28,Electrónica,Power bank,64.67,1,0.1,64.67,Redes sociales
O504581,2025-11-12,C100128,Oeste,2025-05-19,Deportes,Botella térmica,17.07,1,0.0,17.07,Directo
O500450,2025-11-12,C103148,Oeste,2025-01-03,Electrónica,Cargador rápido,42.81,1,0.0,42.81,Pauta pagada
O508177,2025-11-12,C101246,Sur,2025-07-21,Hogar,Organizador closet,14.02,3,0.15,42.06,Pauta pagada
O510094,2025-11-12,C101936,Norte,2025-04-22,Deportes,Botella térmica,13.66,1,0.2,13.66,Orgánico
O511785,2025-11-12,C103084,Centro,2025-01-27,Deportes,Banda resistencia,35.09,3,0.0,105.27,Pauta pagada
O508612,2025-11-12,C101902,Norte,2025-11-09,Electrónica,Audífonos BT,73.05,2,0.0,146.1,Email
O513934,2025-11-12,C100467,Centro,2025-06-29,Electrónica,Audífonos BT,73.05,1,0.0,73.05,Redes sociales
O509575,2025-11-12,C103045,Sur,2025-10-18,Hogar,Set de sábanas,33.34,1,0.0,33.34,Orgánico
O502923,2025-11-12,C101653,Centro,2025-04-01,Moda,Jeans slim,29.04,1,0.0,29.04,Redes sociales
O503866,2025-11-12,C101127,Sur,2025-10-02,Electrónica,Cargador rápido,42.81,1,0.0,42.81,Orgánico
O503285,2025-11-12,C100334,Norte,2025-05-28,Moda,Jeans slim,29.04,1,0.0,29.04,Directo
O506190,2025-11-12,C103004,Sur,2025-03-28,Hogar,Cortina blackout,29.37,1,0.0,29.37,Orgánico
O510219,2025-11-12,C101953,Centro,2025-05-03,Moda,Jeans slim,29.04,1,0.0,29.04,Redes sociales
O511479,2025-11-12,C100895,Norte,2025-06-26,Deportes,Yoga mat,46.1,1,0.0,46.1,Pauta pagada
O513292,2025-11-12,C101486,Sur,2025-07-03,Electrónica,Audífonos BT,58.44,2,0.2,116.88,Email
O501995,2025-11-12,C102090,Norte,2025-06-04,Hogar,Organizador closet,16.5,2,0.0,33.0,Directo
O511778,2025-11-12,C102612,Norte,2025-11-01,Electrónica,Parlante portátil,32.04,3,0.0,96.12,Pauta pagada
O512512,2025-11-12,C100371,Sur,2025-06-24,Belleza,Serum facial,22.15,1,0.0,22.15,Directo
O515937,2025-11-12,C102189,Norte,2025-01-25,Deportes,Guantes gym,11.66,1,0.0,11.66,Directo
O505428,2025-11-12,C102371,Centro,2025-05-24,Moda,Gorra,39.58,3,0.0,118.74,Redes sociales
O503329,2025-11-12,C103305,Oeste,2025-06-13,Electrónica,Audífonos BT,62.09,2,0.15,124.18,Redes sociales
O515034,2025-11-12,C102556,Centro,2025-04-16,Moda,Gorra,39.58,2,0.0,79.16,Redes sociales
O513946,2025-11-12,C103117,Centro,2025-04-16,Electrónica,Cargador rápido,42.81,3,0.0,128.43,Orgánico
O516015,2025-11-12,C101435,Centro,2025-07-09,Electrónica,Audífonos BT,65.74,2,0.1,131.48,Email
O504062,2025-11-12,C103287,Norte,2025-02-18,Electrónica,Power bank,71.86,1,0.0,71.86,Pauta pagada
O504339,2025-11-12,C103345,Norte,2025-04-16,Hogar,Difusor aromas,51.63,1,0.0,51.63,Directo
O500585,2025-11-12,C102452,Centro,2025-03-22,Hogar,Set de sábanas,33.34,1,0.0,33.34,Pauta pagada
O512189,2025-11-12,C100283,Este,2025-04-14,Electrónica,Smartwatch,88.17,2,0.0,176.34,Redes sociales
O506662,2025-11-12,C101143,Sur,2025-09-28,Hogar,Cortina blackout,29.37,2,0.0,58.74,Orgánico
O505075,2025-11-12,C100651,Centro,2025-01-16,Electrónica,Parlante portátil,32.04,2,0.0,64.08,Pauta pagada
O511795,2025-11-12,C103165,Sur,2025-05-31,Hogar,Difusor aromas,46.47,1,0.1,46.47,Directo
O516008,2025-11-12,C102600,Oeste,2025-03-13,Belleza,Shampoo reparador,10.68,1,0.0,10.68,Email
O512621,2025-11-12,C100915,Centro,2025-02-08,Deportes,Yoga mat,46.1,1,0.0,46.1,Pauta pagada
O503825,2025-11-12,C102381,Norte,2025-09-06,Moda,Jeans slim,29.04,3,0.0,87.12,Pauta pagada
O501428,2025-11-12,C100766,Centro,2025-05-21,Electrónica,Audífonos BT,73.05,1,0.0,73.05,Orgánico
O505377,2025-11-12,C103251,Este,2025-08-22,Electrónica,Cargador rápido,42.81,2,0.0,85.62,Email
O507310,2025-11-12,C100630,Norte,2025-02-01,Electrónica,Power bank,71.86,3,0.0,215.58,Redes sociales
O505939,2025-11-12,C102630,Sur,2025-01-15,Electrónica,Audífonos BT,73.05,1,0.0,73.05,Orgánico
O515946,2025-11-12,C102283,Este,2025-03-04,Belleza,Shampoo reparador,10.68,2,0.0,21.36,Orgánico
O507910,2025-11-12,C100397,Centro,2025-07-15,Electrónica,Parlante portátil,28.84,1,0.1,28.84,Orgánico
O504168,2025-11-12,C103068,Centro,2025-04-04,Belleza,Shampoo reparador,10.68,1,0.0,10.68,Pauta pagada
O504100,2025-11-12,C101045,Centro,2025-07-07,Belleza,Serum facial,22.15,1,0.0,22.15,Email
O500373,2025-11-12,C100666,Este,2025-07-18,Hogar,Set de sábanas,33.34,1,0.0,33.34,Directo
O514911,2025-11-12,C102938,Centro,2025-01-22,Hogar,Organizador closet,13.2,1,0.2,13.2,Redes sociales
O504131,2025-11-12,C100729,Norte,2025-07-26,Moda,Tenis running,24.57,2,0.15,49.14,Directo
O515133,2025-11-12,C100195,Centro,2025-08-30,Belleza,Protector solar,10.84,2,0.0,21.68,Directo
O503685,2025-11-12,C101927,Sur,2025-06-25,Belleza,Serum facial,22.15,1,0.0,22.15,Email
O500906,2025-11-12,C100495,Este,2025-05-13,Belleza,Set de brochas,17.05,1,0.0,17.05,Email
O514257,2025-11-12,C103313,Centro,2025-10-18,Deportes,Banda resistencia,35.09,2,0.0,70.18,Redes sociales
O506660,2025-11-12,C102605,Este,2025-01-29,Belleza,Protector solar,9.21,3,0.15,27.63,Pauta pagada
O513557,2025-11-12,C101563,Norte,2025-06-30,Belleza,Shampoo reparador,10.68,1,0.0,10.68,Pauta pagada
O511904,2025-11-12,C103470,Norte,2025-08-22,Electrónica,Parlante portátil,32.04,2,0.0,64.08,Pauta pagada
O508464,2025-11-12,C100108,Sur,2025-02-03,Deportes,Botella térmica,17.07,3,0.0,51.21,Orgánico
O501151,2025-11-12,C100434,Centro,2025-03-03,Moda,Camiseta básica,33.41,1,0.1,33.41,Email
O511694,2025-11-12,C101246,Sur,2025-07-21,Electrónica,Power bank,71.86,1,0.0,71.86,Email
O516030,2025-11-12,C103092,Sur,2025-02-06,Electrónica,Smartwatch,88.17,2,0.0,176.34,Directo
O511320,2025-11-12,C101295,Centro,2025-08-04,Belleza,Protector solar,9.76,2,0.1,19.52,Directo
O507819,2025-11-12,C102926,Norte,2025-08-13,Electrónica,Audífonos BT,73.05,1,0.0,73.05,Directo
O507118,2025-11-12,C103098,Centro,2025-02-14,Electrónica,Audífonos BT,73.05,1,0.0,73.05,Orgánico
O515440,2025-11-12,C100661,Centro,2025-03-08,Electrónica,Power bank,71.86,2,0.0,143.72,Redes sociales
O507936,2025-11-12,C101662,Oeste,2025-01-02,Electrónica,Power bank,71.86,2,0.0,143.72,Redes sociales
O515919,2025-11-12,C102839,Oeste,2025-06-20,Electrónica,Parlante portátil,32.04,2,0.0,64.08,Orgánico
O501474,2025-11-12,C101356,Norte,2025-02-23,Belleza,Serum facial,22.15,1,0.0,22.15,Directo
O508824,2025-11-13,C101894,Oeste,2025-05-13,Moda,Mochila urbana,19.25,3,0.0,57.75,Email
O506085,2025-11-13,C102765,Norte,2025-06-17,Electrónica,Audífonos BT,62.09,1,0.15,62.09,Redes sociales
O512199,2025-11-13,C100331,Centro,2025-11-01,Moda,Camiseta básica,37.12,2,0.0,74.24,Redes sociales
O500932,2025-11-13,C102845,Este,2025-10-02,Hogar,Cortina blackout,26.43,1,0.1,26.43,Pauta pagada
O502157,2025-11-13,C100964,Norte,2025-01-28,Deportes,Botella térmica,15.36,1,0.1,15.36,Orgánico
O509975,2025-11-13,C102329,Centro,2025-07-27,Moda,Tenis running,28.91,2,0.0,57.82,Orgánico
O503335,2025-11-13,C102804,Centro,2025-10-15,Hogar,Organizador closet,16.5,2,0.0,33.0,Redes sociales
O512133,2025-11-13,C101506,Centro,2025-05-08,Hogar,Organizador closet,16.5,1,0.0,16.5,Orgánico
O506832,2025-11-13,C101362,Sur,2025-09-02,Electrónica,Smartwatch,88.17,2,0.0,176.34,Pauta pagada
O504461,2025-11-13,C103406,Sur,2025-07-07,Hogar,Organizador closet,16.5,2,0.0,33.0,Pauta pagada
O509957,2025-11-13,C100428,Este,2025-07-10,Belleza,Shampoo reparador,10.68,2,0.0,21.36,Pauta pagada
O507190,2025-11-13,C100964,Norte,2025-01-28,Moda,Gorra,39.58,1,0.0,39.58,Orgánico
O515920,2025-11-13,C101092,Sur,2025-02-13,Moda,Gorra,33.64,2,0.15,67.28,Pauta pagada
O507935,2025-11-13,C102200,Este,2025-11-03,Hogar,Cortina blackout,29.37,2,0.0,58.74,Email
O509698,2025-11-13,C103187,Sur,2025-08-29,Moda,Tenis running,28.91,1,0.0,28.91,Directo
O501992,2025-11-13,C101875,Norte,2025-04-04,Belleza,Protector solar,9.21,2,0.15,18.42,Orgánico
O516014,2025-11-13,C101910,Centro,2025-10-23,Moda,Gorra,39.58,1,0.0,39.58,Pauta pagada
O513226,2025-11-13,C101001,Sur,2025-05-31,Belleza,Perfume,9.42,1,0.0,9.42,Pauta pagada
O514268,2025-11-13,C100452,Norte,2025-03-03,Moda,Gorra,35.62,2,0.1,71.24,Pauta pagada
O504533,2025-11-13,C101464,Este,2025-08-24,Moda,Camiseta básica,37.12,1,0.0,37.12,Pauta pagada
O513290,2025-11-13,C102059,Este,2025-07-14,Moda,Gorra,39.58,3,0.0,118.74,Redes sociales
O512555,2025-11-13,C103310,Centro,2025-01-25,Deportes,Banda resistencia,28.07,1,0.2,28.07,Orgánico
O510165,2025-11-13,C102335,Oeste,2025-07-22,Deportes,Mancuernas ajustables,41.15,1,0.0,41.15,Orgánico
O516305,2025-11-13,C101715,Centro,2025-09-28,Belleza,Set de brochas,17.05,2,0.0,34.1,Directo
O514961,2025-11-13,C100206,Norte,2025-02-24,Deportes,Botella térmica,15.36,1,0.1,15.36,Redes sociales
O514453,2025-11-13,C102278,Este,2025-02-01,Deportes,Banda resistencia,35.09,1,0.0,35.09,Orgánico
O512412,2025-11-13,C103282,Oeste,2025-01-23,Electrónica,Audífonos BT,73.05,2,0.0,146.1,Redes sociales
O504939,2025-11-13,C101635,Centro,2025-03-07,Deportes,Yoga mat,46.1,2,0.0,92.2,Redes sociales
O504077,2025-11-13,C100058,Centro,2025-04-26,Deportes,Guantes gym,11.66,1,0.0,11.66,Pauta pagada
O501168,2025-11-13,C103162,Norte,2025-03-23,Electrónica,Cargador rápido,42.81,3,0.0,128.43,Redes sociales
O516256,2025-11-13,C101063,Sur,2025-11-08,Belleza,Set de brochas,17.05,1,0.0,17.05,Email
O508961,2025-11-13,C100882,Oeste,2025-10-17,Deportes,Guantes gym,11.66,1,0.0,11.66,Orgánico
O508260,2025-11-13,C100043,Oeste,2025-05-02,Moda,Tenis running,28.91,2,0.0,57.82,Pauta pagada
O502076,2025-11-13,C100707,Norte,2025-08-20,Moda,Camiseta básica,37.12,3,0.0,111.36,Email
O504292,2025-11-13,C100339,Centro,2025-11-04,Hogar,Cortina blackout,29.37,1,0.0,29.37,Orgánico
O514896,2025-11-13,C100349,Centro,2025-08-23,Hogar,Lámpara LED,58.38,1,0.0,58.38,Pauta pagada
O503724,2025-11-13,C101912,Norte,2025-05-28,Electrónica,Power bank,71.86,2,0.0,143.72,Pauta pagada
O510484,2025-11-13,C101594,Centro,2025-09-29,Electrónica,Audífonos BT,73.05,1,0.0,73.05,Orgánico
O513418,2025-11-13,C100474,Norte,2025-10-14,Hogar,Lámpara LED,58.38,2,0.0,116.76,Pauta pagada
O516139,2025-11-13,C101460,Sur,2025-05-06,Hogar,Difusor aromas,51.63,1,0.0,51.63,Redes sociales
O500499,2025-11-13,C102259,Este,2025-02-14,Moda,Jeans slim,29.04,2,0.0,58.08,Redes sociales
O515312,2025-11-13,C100703,Norte,2025-06-06,Belleza,Set de brochas,17.05,3,0.0,51.15,Redes sociales
O508386,2025-11-13,C100623,Centro,2025-02-15,Electrónica,Power bank,61.08,1,0.15,61.08,Orgánico
O503771,2025-11-13,C101415,Sur,2025-05-25,Moda,Gorra,33.64,1,0.15,33.64,Redes sociales
O510585,2025-11-13,C100405,Este,2025-07-14,Hogar,Set de sábanas,33.34,3,0.0,100.02,Orgánico
O500370,2025-11-13,C102859,Centro,2025-03-28,Deportes,Guantes gym,9.91,1,0.15,9.91,Orgánico
O514133,2025-11-13,C103205,Norte,2025-11-12,Belleza,Shampoo reparador,9.08,3,0.15,27.24,Redes sociales
O514147,2025-11-13,C102093,Este,2025-09-27,Hogar,Set de sábanas,33.34,2,0.0,66.68,Orgánico
O512633,2025-11-13,C100929,Norte,2025-01-10,Moda,Gorra,33.64,1,0.15,33.64,Email
O511509,2025-11-13,C103303,Este,2025-09-18,Belleza,Serum facial,22.15,3,0.0,66.45,Orgánico
O504762,2025-11-13,C101731,Norte,2025-08-16,Belleza,Set de brochas,17.05,1,0.0,17.05,Email
O505062,2025-11-13,C100662,Sur,2025-05-18,Electrónica,Cargador rápido,42.81,1,0.0,42.81,Orgánico
O512213,2025-11-13,C101868,Este,2025-07-19,Deportes,Botella térmica,17.07,2,0.0,34.14,Pauta pagada
O509461,2025-11-13,C101248,Este,2025-06-20,Moda,Camiseta básica,37.12,1,0.0,37.12,Redes sociales
O513551,2025-11-13,C100724,Centro,2025-02-23,Belleza,Protector solar,10.84,1,0.0,10.84,Orgánico
O512858,2025-11-13,C101349,Norte,2025-09-16,Moda,Tenis running,28.91,3,0.0,86.73,Pauta pagada
O512481,2025-11-13,C100681,Norte,2025-09-13,Hogar,Difusor aromas,51.63,1,0.0,51.63,Pauta pagada
O501325,2025-11-13,C102892,Oeste,2025-06-14,Deportes,Guantes gym,11.66,2,0.0,23.32,Pauta pagada
O513321,2025-11-13,C100598,Este,2025-10-27,Belleza,Perfume,9.42,2,0.0,18.84,Orgánico
O514297,2025-11-13,C100732,Sur,2025-07-19,Moda,Mochila urbana,19.25,1,0.0,19.25,Orgánico
O509367,2025-11-13,C100088,Norte,2025-03-15,Moda,Mochila urbana,19.25,1,0.0,19.25,Redes sociales
O501494,2025-11-13,C102064,Norte,2025-03-24,Moda,Camiseta básica,37.12,3,0.0,111.36,Email
O512482,2025-11-13,C102849,Norte,2025-04-10,Deportes,Mancuernas ajustables,34.98,2,0.15,69.96,Directo
O502409,2025-11-14,C100059,Centro,2025-02-09,Hogar,Difusor aromas,46.47,2,0.1,92.94,Orgánico
O502656,2025-11-14,C103231,Norte,2025-03-31,Moda,Mochila urbana,19.25,2,0.0,38.5,Orgánico
O511667,2025-11-14,C101082,Norte,2025-06-05,Belleza,Shampoo reparador,10.68,3,0.0,32.04,Pauta pagada
O512007,2025-11-14,C102719,Norte,2025-08-21,Hogar,Lámpara LED,58.38,3,0.0,175.14,Redes sociales
O501346,2025-11-14,C101168,Este,2025-11-11,Moda,Tenis running,28.91,1,0.0,28.91,Pauta pagada
O505527,2025-11-14,C102040,Sur,2025-05-25,Hogar,Difusor aromas,41.3,1,0.2,41.3,Redes sociales
O513700,2025-11-14,C103271,Centro,2025-05-02,Hogar,Difusor aromas,51.63,1,0.0,51.63,Email
O514009,2025-11-14,C101596,Este,2025-05-27,Deportes,Guantes gym,11.66,3,0.0,34.98,Email
O507816,2025-11-14,C100981,Oeste,2025-09-25,Hogar,Set de sábanas,33.34,1,0.0,33.34,Directo
O505571,2025-11-14,C100486,Norte,2025-09-24,Moda,Camiseta básica,37.12,1,0.0,37.12,Pauta pagada
O508502,2025-11-14,C100987,Sur,2025-02-15,Electrónica,Power bank,64.67,1,0.1,64.67,Orgánico
O507973,2025-11-14,C101960,Este,2025-09-13,Electrónica,Power bank,71.86,1,0.0,71.86,Directo
O508685,2025-11-14,C102408,Norte,2025-09-03,Electrónica,Power bank,71.86,2,0.0,143.72,Pauta pagada
O512108,2025-11-14,C100939,Norte,2025-01-03,Belleza,Serum facial,22.15,1,0.0,22.15,Email
O506445,2025-11-14,C102030,Oeste,2025-10-06,Deportes,Banda resistencia,35.09,2,0.0,70.18,Orgánico
O504446,2025-11-14,C100572,Este,2025-02-19,Hogar,Organizador closet,16.5,1,0.0,16.5,Email
O504761,2025-11-14,C102751,Centro,2025-09-03,Belleza,Protector solar,9.21,1,0.15,9.21,Email
O508511,2025-11-14,C101393,Centro,2025-08-06,Hogar,Lámpara LED,58.38,1,0.0,58.38,Redes sociales
O511939,2025-11-14,C102151,Oeste,2025-07-26,Deportes,Botella térmica,17.07,3,0.0,51.21,Orgánico
O513527,2025-11-14,C100886,Centro,2025-09-22,Deportes,Yoga mat,46.1,2,0.0,92.2,Pauta pagada
O511770,2025-11-14,C103191,Oeste,2025-01-09,Belleza,Set de brochas,17.05,2,0.0,34.1,Email
O513562,2025-11-14,C101620,Centro,2025-01-16,Hogar,Cortina blackout,29.37,2,0.0,58.74,Pauta pagada
O508659,2025-11-14,C100630,Norte,2025-02-01,Electrónica,Parlante portátil,32.04,2,0.0,64.08,Orgánico
O507398,2025-11-14,C102088,Sur,2025-01-16,Hogar,Set de sábanas,33.34,1,0.0,33.34,Email
O505778,2025-11-14,C100230,Centro,2025-04-16,Deportes,Botella térmica,17.07,2,0.0,34.14,Redes sociales
O500356,2025-11-14,C102763,Norte,2025-09-26,Hogar,Difusor aromas,41.3,2,0.2,82.6,Orgánico
O511545,2025-11-14,C103208,Norte,2025-11-04,Belleza,Shampoo reparador,10.68,2,0.0,21.36,Directo
O506206,2025-11-14,C101611,Oeste,2025-04-19,Hogar,Difusor aromas,41.3,1,0.2,41.3,Redes sociales
O516273,2025-11-14,C100473,Norte,2025-02-13,Hogar,Set de sábanas,30.01,2,0.1,60.02,Redes sociales
O509249,2025-11-14,C100180,Este,2025-01-31,Hogar,Difusor aromas,51.63,2,0.0,103.26,Orgánico
O508928,2025-11-14,C101901,Centro,2025-04-28,Belleza,Shampoo reparador,10.68,2,0.0,21.36,Redes sociales
O506942,2025-11-14,C102275,Sur,2025-04-29,Electrónica,Parlante portátil,32.04,1,0.0,32.04,Orgánico
O504949,2025-11-14,C100404,Oeste,2025-07-21,Moda,Mochila urbana,19.25,3,0.0,57.75,Pauta pagada
O510106,2025-11-14,C102268,Sur,2025-02-22,Hogar,Organizador closet,16.5,1,0.0,16.5,Pauta pagada
O506799,2025-11-14,C103359,Centro,2025-09-04,Moda,Jeans slim,29.04,2,0.0,58.08,Email
O509091,2025-11-14,C103011,Norte,2025-06-24,Electrónica,Smartwatch,88.17,2,0.0,176.34,Orgánico
O515980,2025-11-14,C102903,Sur,2025-10-17,Deportes,Guantes gym,9.91,1,0.15,9.91,Directo
O510517,2025-11-14,C101756,Centro,2025-06-08,Hogar,Set de sábanas,33.34,1,0.0,33.34,Email
O509577,2025-11-14,C102744,Este,2025-10-09,Hogar,Difusor aromas,51.63,1,0.0,51.63,Orgánico
O505934,2025-11-14,C101604,Oeste,2025-02-08,Deportes,Mancuernas ajustables,41.15,3,0.0,123.45,Directo
O501285,2025-11-14,C103022,Este,2025-08-27,Belleza,Serum facial,22.15,1,0.0,22.15,Orgánico
O510698,2025-11-14,C103228,Oeste,2025-05-30,Electrónica,Cargador rápido,42.81,1,0.0,42.81,Redes sociales
O507691,2025-11-14,C102648,Centro,2025-10-18,Belleza,Set de brochas,17.05,2,0.0,34.1,Email
O500657,2025-11-14,C102932,Oeste,2025-09-30,Hogar,Organizador closet,16.5,2,0.0,33.0,Orgánico
O514778,2025-11-14,C102209,Este,2025-01-22,Belleza,Perfume,9.42,1,0.0,9.42,Redes sociales
O510340,2025-11-14,C103105,Centro,2025-06-11,Hogar,Difusor aromas,51.63,1,0.0,51.63,Pauta pagada
O504579,2025-11-14,C102541,Este,2025-02-26,Hogar,Lámpara LED,58.38,1,0.0,58.38,Pauta pagada
O507018,2025-11-14,C101614,Este,2025-11-01,Belleza,Set de brochas,17.05,1,0.0,17.05,Directo
O515002,2025-11-14,C103286,Centro,2025-01-11,Hogar,Difusor aromas,51.63,2,0.0,103.26,Email
O506817,2025-11-14,C100165,Sur,2025-09-05,Deportes,Banda resistencia,35.09,1,0.0,35.09,Orgánico
O512802,2025-11-14,C101884,Norte,2025-06-10,Moda,Camiseta básica,37.12,1,0.0,37.12,Orgánico
O500843,2025-11-14,C102012,Centro,2025-01-12,Hogar,Set de sábanas,33.34,1,0.0,33.34,Pauta pagada
O509854,2025-11-14,C100739,Sur,2025-10-15,Deportes,Guantes gym,9.91,1,0.15,9.91,Orgánico
O500216,2025-11-14,C100631,Centro,2025-11-07,Electrónica,Parlante portátil,32.04,1,0.0,32.04,Email
O515078,2025-11-14,C102486,Este,2025-07-29,Hogar,Organizador closet,14.02,3,0.15,42.06,Email
O509895,2025-11-14,C101619,Norte,2025-10-09,Hogar,Set de sábanas,33.34,1,0.0,33.34,Orgánico
O501962,2025-11-14,C101730,Norte,2025-08-29,Deportes,Guantes gym,11.66,1,0.0,11.66,Redes sociales
O512174,2025-11-14,C103210,Este,2025-06-01,Belleza,Shampoo reparador,10.68,1,0.0,10.68,Orgánico
O501206,2025-11-14,C101710,Centro,2025-11-03,Deportes,Guantes gym,11.66,2,0.0,23.32,Orgánico
O506876,2025-11-14,C102357,Centro,2025-04-04,Electrónica,Parlante portátil,32.04,2,0.0,64.08,Redes sociales
O500232,2025-11-14,C101908,Sur,2025-10-24,Deportes,Botella térmica,17.07,1,0.0,17.07,Email
O512571,2025-11-14,C101461,Este,2025-06-21,Belleza,Protector solar,10.84,1,0.0,10.84,Orgánico
O509632,2025-11-14,C102881,Este,2025-06-18,Belleza,Serum facial,22.15,3,0.0,66.45,Orgánico
O505407,2025-11-14,C100900,Sur,2025-05-16,Belleza,Protector solar,9.21,1,0.15,9.21,Pauta pagada
O503000,2025-11-15,C100997,Norte,2025-06-19,Hogar,Cortina blackout,29.37,1,0.0,29.37,Pauta pagada
O514916,2025-11-15,C102841,Sur,2025-05-24,Belleza,Perfume,8.48,1,0.1,8.48,Redes sociales
O510670,2025-11-15,C101618,Oeste,2025-01-12,Belleza,Protector solar,10.84,1,0.0,10.84,Orgánico
O509231,2025-11-15,C100009,Sur,2025-08-03,Moda,Jeans slim,29.04,1,0.0,29.04,Orgánico
O510399,2025-11-15,C100825,Oeste,2025-03-01,Moda,Tenis running,28.91,1,0.0,28.91,Orgánico
O508504,2025-11-15,C102399,Norte,2025-05-01,Electrónica,Parlante portátil,32.04,1,0.0,32.04,Redes sociales
O512388,2025-11-15,C101590,Centro,2025-06-05,Hogar,Set de sábanas,33.34,1,0.0,33.34,Pauta pagada
O504572,2025-11-15,C102539,Sur,2025-11-01,Moda,Mochila urbana,19.25,1,0.0,19.25,Redes sociales
O504912,2025-11-15,C100120,Centro,2025-05-03,Moda,Jeans slim,29.04,1,0.0,29.04,Redes sociales
O504932,2025-11-15,C101640,Centro,2025-03-09,Belleza,Perfume,9.42,1,0.0,9.42,Directo
O508297,2025-11-15,C100802,Centro,2025-07-03,Deportes,Banda resistencia,35.09,1,0.0,35.09,Email
O516252,2025-11-15,C102079,Norte,2025-02-23,Deportes,Yoga mat,46.1,2,0.0,92.2,Redes sociales
O506702,2025-11-15,C100662,Sur,2025-05-18,Belleza,Protector solar,9.21,2,0.15,18.42,Directo
O500494,2025-11-15,C101963,Centro,2025-02-12,Deportes,Mancuernas ajustables,37.03,2,0.1,74.06,Email
O510602,2025-11-15,C100934,Norte,2025-06-03,Hogar,Cortina blackout,24.96,3,0.15,74.88,Redes sociales
O514675,2025-11-15,C102171,Sur,2025-10-04,Belleza,Shampoo reparador,10.68,2,0.0,21.36,Pauta pagada
O514848,2025-11-15,C103263,Sur,2025-02-21,Moda,Mochila urbana,19.25,2,0.0,38.5,Directo
O506228,2025-11-15,C102010,Norte,2025-01-09,Belleza,Serum facial,22.15,2,0.0,44.3,Pauta pagada
O510549,2025-11-15,C100468,Sur,2025-03-28,Belleza,Set de brochas,17.05,1,0.0,17.05,Orgánico
O509087,2025-11-15,C103031,Centro,2025-10-03,Electrónica,Parlante portátil,25.63,2,0.2,51.26,Pauta pagada
O511965,2025-11-15,C100263,Centro,2025-10-26,Electrónica,Smartwatch,79.35,3,0.1,238.05,Orgánico
O503106,2025-11-15,C100058,Centro,2025-04-26,Hogar,Cortina blackout,29.37,1,0.0,29.37,Orgánico
O505246,2025-11-15,C101904,Centro,2025-09-15,Deportes,Guantes gym,11.66,2,0.0,23.32,Orgánico
O513466,2025-11-15,C103199,Centro,2025-06-30,Belleza,Shampoo reparador,10.68,1,0.0,10.68,Directo
O516272,2025-11-15,C102711,Este,2025-06-03,Hogar,Difusor aromas,51.63,1,0.0,51.63,Redes sociales
O503413,2025-11-15,C101531,Este,2025-05-04,Electrónica,Cargador rápido,38.53,3,0.1,115.59,Orgánico
O514488,2025-11-15,C100330,Oeste,2025-02-04,Belleza,Protector solar,9.21,3,0.15,27.63,Email
O504596,2025-11-15,C101400,Centro,2025-03-11,Moda,Mochila urbana,19.25,3,0.0,57.75,Orgánico
O504493,2025-11-15,C101460,Sur,2025-05-06,Belleza,Set de brochas,17.05,2,0.0,34.1,Orgánico
O513618,2025-11-15,C101065,Centro,2025-04-20,Deportes,Guantes gym,11.66,2,0.0,23.32,Redes sociales
O504479,2025-11-15,C103135,Sur,2025-04-01,Belleza,Perfume,9.42,1,0.0,9.42,Directo
O515154,2025-11-15,C100302,Centro,2025-10-30,Hogar,Difusor aromas,51.63,3,0.0,154.89,Redes sociales
O506049,2025-11-15,C102919,Sur,2025-08-10,Hogar,Lámpara LED,58.38,1,0.0,58.38,Directo
O507656,2025-11-15,C102224,Centro,2025-02-08,Moda,Tenis running,28.91,3,0.0,86.73,Email
O510021,2025-11-15,C100986,Este,2025-01-02,Belleza,Serum facial,22.15,2,0.0,44.3,Pauta pagada
O511788,2025-11-15,C101340,Centro,2025-09-26,Deportes,Mancuernas ajustables,37.03,3,0.1,111.09,Directo
O515655,2025-11-15,C103418,Oeste,2025-06-05,Moda,Jeans slim,29.04,2,0.0,58.08,Pauta pagada
O501172,2025-11-15,C102152,Oeste,2025-09-30,Deportes,Mancuernas ajustables,41.15,3,0.0,123.45,Pauta pagada
O512507,2025-11-15,C101439,Sur,2025-02-04,Electrónica,Audífonos BT,73.05,2,0.0,146.1,Redes sociales
O504714,2025-11-15,C100946,Oeste,2025-09-18,Belleza,Shampoo reparador,10.68,2,0.0,21.36,Redes sociales
O502475,2025-11-15,C100772,Centro,2025-11-14,Belleza,Serum facial,22.15,2,0.0,44.3,Redes sociales
O511815,2025-11-15,C101641,Oeste,2025-03-31,Moda,Jeans slim,26.14,2,0.1,52.28,Orgánico
O501228,2025-11-15,C103030,Oeste,2025-02-01,Moda,Camiseta básica,33.41,1,0.1,33.41,Pauta pagada
O514328,2025-11-15,C100567,Norte,2025-02-08,Electrónica,Cargador rápido,42.81,3,0.0,128.43,Email
O506990,2025-11-15,C102952,Este,2025-10-08,Moda,Jeans slim,29.04,1,0.0,29.04,Pauta pagada
O515627,2025-11-15,C102533,Centro,2025-11-02,Hogar,Lámpara LED,49.62,2,0.15,99.24,Orgánico
O510222,2025-11-15,C101132,Norte,2025-05-07,Moda,Camiseta básica,31.55,2,0.15,63.1,Directo
O509387,2025-11-15,C102741,Norte,2025-08-21,Deportes,Yoga mat,41.49,2,0.1,82.98,Directo
O505074,2025-11-15,C100738,Centro,2025-03-31,Moda,Camiseta básica,37.12,2,0.0,74.24,Directo
O514457,2025-11-15,C101162,Norte,2025-04-02,Electrónica,Audífonos BT,73.05,2,0.0,146.1,Orgánico
O514596,2025-11-15,C102124,Norte,2025-09-13,Belleza,Serum facial,22.15,2,0.0,44.3,Orgánico
O503180,2025-11-15,C103347,Norte,2025-07-22,Hogar,Lámpara LED,52.54,1,0.1,52.54,Redes sociales
O515635,2025-11-15,C101235,Sur,2025-11-11,Hogar,Cortina blackout,29.37,1,0.0,29.37,Orgánico
O504088,2025-11-15,C103252,Norte,2025-04-24,Deportes,Banda resistencia,35.09,1,0.0,35.09,Redes sociales
O510796,2025-11-15,C100019,Sur,2025-08-04,Belleza,Set de brochas,14.49,1,0.15,14.49,Orgánico
O516354,2025-11-15,C100763,Centro,2025-04-25,Deportes,Guantes gym,10.49,1,0.1,10.49,Pauta pagada
O507167,2025-11-15,C102097,Este,2025-10-02,Deportes,Banda resistencia,31.58,1,0.1,31.58,Directo
O513254,2025-11-15,C102134,Oeste,2025-03-09,Electrónica,Parlante portátil,32.04,2,0.0,64.08,Directo
O500160,2025-11-15,C101092,Sur,2025-02-13,Moda,Jeans slim,24.68,2,0.15,49.36,Directo
O504006,2025-11-15,C102340,Norte,2025-01-26,Hogar,Difusor aromas,43.89,1,0.15,43.89,Pauta pagada
O501286,2025-11-15,C102888,Este,2025-06-21,Electrónica,Audífonos BT,73.05,2,0.0,146.1,Redes sociales
O514794,2025-11-15,C101028,Centro,2025-01-03,Moda,Mochila urbana,16.36,2,0.15,32.72,Email
O508661,2025-11-15,C102707,Centro,2025-06-27,Hogar,Organizador closet,16.5,1,0.0,16.5,Orgánico
O507142,2025-11-15,C101004,Norte,2025-08-26,Hogar,Organizador closet,16.5,2,0.0,33.0,Email
O506559,2025-11-15,C100576,Centro,2025-09-06,Belleza,Shampoo reparador,10.68,2,0.0,21.36,Email
O510908,2025-11-15,C101869,Norte,2025-09-14,Moda,Camiseta básica,37.12,2,0.0,74.24,Directo
O504053,2025-11-15,C100608,Sur,2025-09-02,Hogar,Difusor aromas,51.63,2,0.0,103.26,Orgánico
O509350,2025-11-16,C103077,Sur,2025-03-18,Electrónica,Parlante portátil,32.04,1,0.0,32.04,Email
O504989,2025-11-16,C103234,Centro,2025-05-29,Hogar,Set de sábanas,28.34,2,0.15,56.68,Pauta pagada
O509369,2025-11-16,C100539,Este,2025-01-05,Moda,Gorra,39.58,2,0.0,79.16,Directo
O512926,2025-11-16,C101694,Sur,2025-05-19,Deportes,Banda resistencia,35.09,1,0.0,35.09,Directo
O512623,2025-11-16,C101511,Este,2025-05-30,Hogar,Organizador closet,16.5,2,0.0,33.0,Directo
O513787,2025-11-16,C103467,Centro,2025-04-02,Belleza,Serum facial,22.15,2,0.0,44.3,Orgánico
O509239,2025-11-16,C101986,Norte,2025-04-02,Belleza,Shampoo reparador,10.68,1,0.0,10.68,Redes sociales
O502270,2025-11-16,C102628,Este,2025-11-14,Moda,Camiseta básica,31.55,1,0.15,31.55,Orgánico
O512164,2025-11-16,C102848,Oeste,2025-03-08,Hogar,Organizador closet,16.5,3,0.0,49.5,Redes sociales
O500579,2025-11-16,C100836,Sur,2025-10-20,Belleza,Set de brochas,17.05,1,0.0,17.05,Orgánico
O512974,2025-11-16,C102980,Centro,2025-11-03,Moda,Camiseta básica,37.12,2,0.0,74.24,Pauta pagada
O511281,2025-11-16,C103469,Sur,2025-04-06,Deportes,Guantes gym,9.33,1,0.2,9.33,Directo
O506705,2025-11-16,C103411,Centro,2025-06-20,Belleza,Set de brochas,17.05,1,0.0,17.05,Directo
O504617,2025-11-16,C100764,Norte,2025-07-09,Belleza,Serum facial,22.15,1,0.0,22.15,Directo
O514435,2025-11-16,C100998,Sur,2025-04-29,Belleza,Protector solar,9.76,1,0.1,9.76,Orgánico
O513011,2025-11-16,C101590,Centro,2025-06-05,Hogar,Set de sábanas,33.34,3,0.0,100.02,Email
O510478,2025-11-16,C100979,Centro,2025-04-16,Electrónica,Parlante portátil,32.04,1,0.0,32.04,Orgánico
O500484,2025-11-16,C102007,Centro,2025-08-27,Belleza,Shampoo reparador,9.61,1,0.1,9.61,Redes sociales
O509398,2025-11-16,C100681,Norte,2025-09-13,Deportes,Yoga mat,46.1,3,0.0,138.3,Orgánico
O500566,2025-11-16,C100383,Norte,2025-05-19,Hogar,Lámpara LED,58.38,1,0.0,58.38,Orgánico
O514312,2025-11-16,C103158,Este,2025-08-29,Moda,Mochila urbana,19.25,1,0.0,19.25,Orgánico
O507460,2025-11-16,C102762,Oeste,2025-01-17,Moda,Gorra,35.62,1,0.1,35.62,Directo
O511739,2025-11-16,C102371,Centro,2025-05-24,Deportes,Guantes gym,11.66,1,0.0,11.66,Redes sociales
O512732,2025-11-16,C102869,Norte,2025-11-13,Electrónica,Smartwatch,88.17,2,0.0,176.34,Orgánico
O509664,2025-11-16,C102412,Norte,2025-02-24,Hogar,Difusor aromas,51.63,1,0.0,51.63,Orgánico
O515679,2025-11-16,C102522,Centro,2025-03-16,Hogar,Difusor aromas,46.47,3,0.1,139.41,Directo
O502783,2025-11-16,C100860,Este,2025-08-19,Electrónica,Parlante portátil,32.04,1,0.0,32.04,Directo
O507451,2025-11-16,C102287,Centro,2025-07-02,Hogar,Difusor aromas,51.63,2,0.0,103.26,Directo
O501439,2025-11-16,C103073,Oeste,2025-08-22,Hogar,Organizador closet,16.5,2,0.0,33.0,Directo
O515908,2025-11-16,C102843,Este,2025-03-29,Hogar,Set de sábanas,33.34,1,0.0,33.34,Orgánico
O516220,2025-11-16,C102700,Norte,2025-01-12,Deportes,Mancuernas ajustables,41.15,3,0.0,123.45,Redes sociales
O504401,2025-11-16,C102781,Centro,2025-04-10,Deportes,Mancuernas ajustables,41.15,2,0.0,82.3,Orgánico
O504010,2025-11-16,C102413,Centro,2025-07-01,Moda,Tenis running,28.91,1,0.0,28.91,Email
O504347,2025-11-16,C100407,Sur,2025-08-20,Deportes,Guantes gym,11.66,1,0.0,11.66,Redes sociales
O508634,2025-11-16,C101406,Norte,2025-11-06,Hogar,Cortina blackout,29.37,2,0.0,58.74,Email
O510861,2025-11-16,C103069,Este,2025-01-13,Hogar,Set de sábanas,33.34,2,0.0,66.68,Directo
O508789,2025-11-16,C101026,Centro,2025-08-28,Moda,Tenis running,26.02,1,0.1,26.02,Pauta pagada
O501224,2025-11-16,C101155,Centro,2025-02-26,Belleza,Perfume,9.42,2,0.0,18.84,Email
O500805,2025-11-16,C103099,Oeste,2025-10-13,Deportes,Botella térmica,15.36,1,0.1,15.36,Directo
O515209,2025-11-16,C103084,Centro,2025-01-27,Belleza,Serum facial,22.15,1,0.0,22.15,Directo
O503080,2025-11-16,C100746,Centro,2025-07-12,Belleza,Set de brochas,17.05,1,0.0,17.05,Directo
O501910,2025-11-16,C101077,Norte,2025-01-31,Hogar,Set de sábanas,33.34,3,0.0,100.02,Email
O504222,2025-11-16,C101280,Sur,2025-02-02,Deportes,Botella térmica,13.66,1,0.2,13.66,Orgánico
O506587,2025-11-16,C101834,Centro,2025-02-17,Electrónica,Audífonos BT,73.05,2,0.0,146.1,Directo
O507273,2025-11-16,C101070,Este,2025-02-11,Belleza,Protector solar,10.84,2,0.0,21.68,Redes sociales
O508444,2025-11-16,C101149,Sur,2025-04-20,Electrónica,Cargador rápido,42.81,1,0.0,42.81,Pauta pagada
O514837,2025-11-16,C101494,Este,2025-03-18,Hogar,Lámpara LED,58.38,2,0.0,116.76,Redes sociales
O503026,2025-11-16,C102904,Oeste,2025-01-26,Deportes,Botella térmica,17.07,1,0.0,17.07,Directo
O510570,2025-11-16,C100580,Este,2025-03-31,Deportes,Guantes gym,9.91,1,0.15,9.91,Redes sociales
O512035,2025-11-16,C103493,Centro,2025-06-10,Electrónica,Parlante portátil,25.63,1,0.2,25.63,Pauta pagada
O509017,2025-11-16,C100937,Oeste,2025-08-07,Belleza,Protector solar,10.84,1,0.0,10.84,Pauta pagada
O506639,2025-11-16,C102817,Centro,2025-09-15,Deportes,Yoga mat,39.18,1,0.15,39.18,Redes sociales
O510612,2025-11-16,C103239,Norte,2025-09-17,Deportes,Banda resistencia,35.09,1,0.0,35.09,Orgánico
O502704,2025-11-16,C100824,Centro,2025-06-20,Deportes,Guantes gym,9.33,3,0.2,27.99,Orgánico
O514432,2025-11-16,C101567,Norte,2025-04-03,Hogar,Difusor aromas,43.89,3,0.15,131.67,Redes sociales
O511161,2025-11-16,C101427,Sur,2025-06-03,Deportes,Botella térmica,17.07,1,0.0,17.07,Email
O509002,2025-11-17,C103057,Centro,2025-02-19,Belleza,Serum facial,22.15,1,0.0,22.15,Directo
O514001,2025-11-17,C100923,Oeste,2025-03-06,Electrónica,Power bank,71.86,2,0.0,143.72,Redes sociales
O500523,2025-11-17,C100920,Oeste,2025-08-18,Belleza,Protector solar,10.84,3,0.0,32.52,Redes sociales
O501843,2025-11-17,C102301,Oeste,2025-04-28,Hogar,Set de sábanas,33.34,1,0.0,33.34,Redes sociales
O511179,2025-11-17,C100057,Centro,2025-07-22,Electrónica,Cargador rápido,38.53,1,0.1,38.53,Orgánico
O502267,2025-11-17,C103338,Centro,2025-08-26,Hogar,Lámpara LED,58.38,2,0.0,116.76,Redes sociales
O510081,2025-11-17,C101651,Norte,2025-07-13,Hogar,Lámpara LED,58.38,1,0.0,58.38,Orgánico
O500787,2025-11-17,C100495,Este,2025-05-13,Belleza,Shampoo reparador,10.68,1,0.0,10.68,Orgánico
O502997,2025-11-17,C102414,Oeste,2025-03-20,Belleza,Set de brochas,17.05,2,0.0,34.1,Email
O506711,2025-11-17,C100446,Norte,2025-09-21,Hogar,Lámpara LED,58.38,2,0.0,116.76,Email
O501373,2025-11-17,C101175,Centro,2025-10-25,Deportes,Mancuernas ajustables,41.15,1,0.0,41.15,Redes sociales
O510416,2025-11-17,C101771,Sur,2025-08-29,Hogar,Difusor aromas,51.63,1,0.0,51.63,Redes sociales
O509267,2025-11-17,C102929,Centro,2025-03-03,Belleza,Protector solar,8.67,1,0.2,8.67,Orgánico
O515028,2025-11-17,C101037,Este,2025-03-27,Moda,Jeans slim,29.04,1,0.0,29.04,Email
O501232,2025-11-17,C100760,Este,2025-04-09,Deportes,Banda resistencia,35.09,1,0.0,35.09,Directo
O502535,2025-11-17,C101860,Centro,2025-04-13,Moda,Jeans slim,29.04,1,0.0,29.04,Orgánico
O505781,2025-11-17,C102428,Sur,2025-07-31,Hogar,Lámpara LED,58.38,3,0.0,175.14,Redes sociales
O508859,2025-11-17,C100133,Norte,2025-03-29,Deportes,Banda resistencia,35.09,1,0.0,35.09,Orgánico
O502319,2025-11-17,C102165,Este,2025-06-27,Moda,Gorra,35.62,1,0.1,35.62,Email
O513177,2025-11-17,C102724,Sur,2025-01-07,Belleza,Protector solar,10.84,3,0.0,32.52,Email
O501267,2025-11-17,C102769,Sur,2025-09-29,Belleza,Protector solar,10.84,2,0.0,21.68,Directo
O507401,2025-11-17,C100070,Centro,2025-04-28,Moda,Mochila urbana,19.25,1,0.0,19.25,Orgánico
O511460,2025-11-17,C100485,Centro,2025-09-02,Moda,Gorra,35.62,3,0.1,106.86,Orgánico
O515214,2025-11-17,C100143,Oeste,2025-08-07,Electrónica,Cargador rápido,36.39,2,0.15,72.78,Redes sociales
O502394,2025-11-17,C101502,Centro,2025-08-18,Belleza,Protector solar,10.84,2,0.0,21.68,Pauta pagada
O511830,2025-11-17,C103496,Centro,2025-06-13,Hogar,Cortina blackout,29.37,2,0.0,58.74,Redes sociales
O511828,2025-11-17,C102311,Norte,2025-05-11,Electrónica,Audífonos BT,73.05,1,0.0,73.05,Orgánico
O512475,2025-11-17,C102526,Centro,2025-07-10,Belleza,Shampoo reparador,10.68,1,0.0,10.68,Redes sociales
O513376,2025-11-17,C103007,Oeste,2025-03-13,Deportes,Guantes gym,11.66,1,0.0,11.66,Orgánico
O504261,2025-11-17,C101477,Norte,2025-07-28,Moda,Mochila urbana,19.25,2,0.0,38.5,Directo
O500502,2025-11-17,C100161,Centro,2025-03-25,Belleza,Serum facial,19.93,1,0.1,19.93,Orgánico
O500236,2025-11-17,C100991,Este,2025-10-11,Belleza,Perfume,9.42,1,0.0,9.42,Orgánico
O502441,2025-11-17,C102590,Norte,2025-06-09,Hogar,Set de sábanas,33.34,1,0.0,33.34,Pauta pagada
O516254,2025-11-17,C100208,Norte,2025-11-03,Deportes,Guantes gym,11.66,1,0.0,11.66,Pauta pagada
O508770,2025-11-17,C101038,Oeste,2025-02-07,Belleza,Perfume,9.42,1,0.0,9.42,Pauta pagada
O506683,2025-11-17,C102037,Centro,2025-10-27,Moda,Camiseta básica,31.55,3,0.15,94.65,Directo
O510711,2025-11-17,C102822,Este,2025-03-29,Hogar,Organizador closet,16.5,2,0.0,33.0,Redes sociales
O513674,2025-11-17,C102244,Este,2025-06-02,Hogar,Organizador closet,16.5,1,0.0,16.5,Orgánico
O510448,2025-11-17,C100037,Centro,2025-07-28,Electrónica,Parlante portátil,32.04,3,0.0,96.12,Redes sociales
O506429,2025-11-17,C101916,Sur,2025-04-26,Hogar,Cortina blackout,29.37,2,0.0,58.74,Directo
O505734,2025-11-17,C102418,Oeste,2025-01-28,Hogar,Organizador closet,16.5,3,0.0,49.5,Pauta pagada
O514041,2025-11-17,C101150,Norte,2025-11-08,Moda,Jeans slim,29.04,3,0.0,87.12,Email
O514093,2025-11-17,C101390,Sur,2025-09-21,Belleza,Serum facial,22.15,1,0.0,22.15,Pauta pagada
O505147,2025-11-17,C101006,Norte,2025-03-23,Electrónica,Power bank,71.86,2,0.0,143.72,Orgánico
O501248,2025-11-17,C102385,Centro,2025-01-10,Belleza,Perfume,8.01,3,0.15,24.03,Directo
O512782,2025-11-17,C103007,Oeste,2025-03-13,Hogar,Organizador closet,14.85,3,0.1,44.55,Pauta pagada
O508726,2025-11-17,C102090,Norte,2025-06-04,Deportes,Yoga mat,39.18,3,0.15,117.54,Pauta pagada
O509887,2025-11-17,C101417,Oeste,2025-09-05,Electrónica,Audífonos BT,73.05,3,0.0,219.15,Redes sociales
O515317,2025-11-17,C102097,Este,2025-10-02,Belleza,Shampoo reparador,10.68,1,0.0,10.68,Pauta pagada
O506931,2025-11-17,C100634,Oeste,2025-10-24,Hogar,Organizador closet,16.5,1,0.0,16.5,Redes sociales
O515688,2025-11-18,C103008,Sur,2025-07-25,Hogar,Difusor aromas,51.63,1,0.0,51.63,Orgánico
O507661,2025-11-18,C100082,Norte,2025-04-24,Hogar,Cortina blackout,29.37,1,0.0,29.37,Redes sociales
O508120,2025-11-18,C102421,Este,2025-11-09,Electrónica,Cargador rápido,42.81,1,0.0,42.81,Redes sociales
O509431,2025-11-18,C102300,Oeste,2025-08-27,Deportes,Banda resistencia,28.07,1,0.2,28.07,Directo
O508962,2025-11-18,C102160,Sur,2025-07-13,Moda,Tenis running,28.91,1,0.0,28.91,Redes sociales
O504378,2025-11-18,C100954,Centro,2025-08-26,Electrónica,Cargador rápido,42.81,3,0.0,128.43,Redes sociales
O511864,2025-11-18,C101065,Centro,2025-04-20,Electrónica,Cargador rápido,42.81,1,0.0,42.81,Redes sociales
O503224,2025-11-18,C100894,Centro,2025-05-01,Hogar,Organizador closet,14.85,2,0.1,29.7,Pauta pagada
O504330,2025-11-18,C101016,Centro,2025-01-21,Hogar,Lámpara LED,58.38,1,0.0,58.38,Directo
O510245,2025-11-18,C103338,Centro,2025-08-26,Electrónica,Cargador rápido,42.81,1,0.0,42.81,Redes sociales
O501532,2025-11-18,C102047,Sur,2025-06-29,Electrónica,Cargador rápido,42.81,2,0.0,85.62,Pauta pagada
O515351,2025-11-18,C100641,Norte,2025-09-17,Deportes,Banda resistencia,35.09,1,0.0,35.09,Email
O512697,2025-11-18,C102906,Centro,2025-10-09,Hogar,Difusor aromas,51.63,1,0.0,51.63,Pauta pagada
O507194,2025-11-18,C102408,Norte,2025-09-03,Deportes,Yoga mat,39.18,1,0.15,39.18,Pauta pagada
O509925,2025-11-18,C101112,Este,2025-05-09,Hogar,Lámpara LED,58.38,2,0.0,116.76,Directo
O511603,2025-11-18,C100461,Centro,2025-07-10,Electrónica,Parlante portátil,32.04,1,0.0,32.04,Orgánico
O514079,2025-11-18,C100741,Norte,2025-07-20,Moda,Tenis running,28.91,3,0.0,86.73,Orgánico
O512740,2025-11-18,C103402,Centro,2025-05-30,Electrónica,Cargador rápido,38.53,1,0.1,38.53,Pauta pagada
O509566,2025-11-18,C102350,Centro,2025-11-12,Deportes,Mancuernas ajustables,41.15,1,0.0,41.15,Redes sociales
O513223,2025-11-18,C102838,Centro,2025-03-26,Electrónica,Audífonos BT,65.74,1,0.1,65.74,Orgánico
O510030,2025-11-18,C103106,Sur,2025-01-21,Belleza,Serum facial,22.15,3,0.0,66.45,Directo
O507999,2025-11-18,C103235,Norte,2025-01-10,Hogar,Organizador closet,16.5,3,0.0,49.5,Orgánico
O504408,2025-11-18,C103081,Centro,2025-11-07,Belleza,Shampoo reparador,10.68,1,0.0,10.68,Directo
O501907,2025-11-18,C102655,Centro,2025-11-12,Electrónica,Power bank,71.86,1,0.0,71.86,Email
O508778,2025-11-18,C101123,Centro,2025-06-03,Deportes,Yoga mat,46.1,1,0.0,46.1,Redes sociales
O500134,2025-11-18,C101998,Norte,2025-02-26,Electrónica,Audífonos BT,73.05,1,0.0,73.05,Directo
O512508,2025-11-18,C100492,Este,2025-08-20,Electrónica,Smartwatch,88.17,2,0.0,176.34,Pauta pagada
O514736,2025-11-18,C100452,Norte,2025-03-03,Moda,Mochila urbana,16.36,1,0.15,16.36,Directo
O514834,2025-11-18,C102212,Oeste,2025-06-23,Belleza,Set de brochas,17.05,2,0.0,34.1,Directo
O503826,2025-11-18,C102245,Centro,2025-03-16,Hogar,Lámpara LED,58.38,2,0.0,116.76,Directo
O510137,2025-11-18,C101184,Sur,2025-04-27,Electrónica,Parlante portátil,32.04,1,0.0,32.04,Orgánico
O511575,2025-11-18,C101612,Centro,2025-11-06,Deportes,Mancuernas ajustables,41.15,1,0.0,41.15,Directo
O501176,2025-11-18,C100883,Oeste,2025-10-06,Electrónica,Parlante portátil,32.04,3,0.0,96.12,Redes sociales
O515743,2025-11-18,C101749,Oeste,2025-04-13,Belleza,Perfume,9.42,1,0.0,9.42,Pauta pagada
O500426,2025-11-18,C103295,Centro,2025-08-19,Deportes,Banda resistencia,35.09,2,0.0,70.18,Directo
O501214,2025-11-18,C102163,Sur,2025-08-08,Belleza,Protector solar,10.84,3,0.0,32.52,Orgánico
O503939,2025-11-18,C103199,Centro,2025-06-30,Belleza,Perfume,7.54,1,0.2,7.54,Directo
O503368,2025-11-18,C101390,Sur,2025-09-21,Deportes,Mancuernas ajustables,37.03,1,0.1,37.03,Pauta pagada
O504346,2025-11-18,C103078,Centro,2025-05-24,Hogar,Difusor aromas,43.89,3,0.15,131.67,Pauta pagada
O504560,2025-11-18,C102616,Centro,2025-04-26,Moda,Jeans slim,29.04,2,0.0,58.08,Orgánico
O514178,2025-11-18,C101513,Este,2025-08-08,Moda,Gorra,33.64,2,0.15,67.28,Orgánico
O514895,2025-11-18,C100359,Centro,2025-11-10,Deportes,Mancuernas ajustables,34.98,1,0.15,34.98,Pauta pagada
O505857,2025-11-18,C100766,Centro,2025-05-21,Belleza,Protector solar,10.84,2,0.0,21.68,Directo
O513407,2025-11-18,C102295,Centro,2025-05-26,Hogar,Difusor aromas,51.63,2,0.0,103.26,Directo
O505374,2025-11-18,C102830,Sur,2025-06-10,Belleza,Shampoo reparador,10.68,2,0.0,21.36,Orgánico
O506600,2025-11-18,C101225,Centro,2025-04-21,Deportes,Mancuernas ajustables,41.15,1,0.0,41.15,Pauta pagada
O509321,2025-11-18,C101765,Sur,2025-04-27,Deportes,Banda resistencia,35.09,1,0.0,35.09,Redes sociales
O515358,2025-11-18,C102171,Sur,2025-10-04,Electrónica,Cargador rápido,42.81,3,0.0,128.43,Redes sociales
O502555,2025-11-18,C101538,Norte,2025-06-22,Deportes,Banda resistencia,35.09,2,0.0,70.18,Orgánico
O501146,2025-11-18,C100066,Este,2025-09-24,Electrónica,Smartwatch,88.17,1,0.0,88.17,Directo
O502713,2025-11-18,C102357,Centro,2025-04-04,Electrónica,Audífonos BT,73.05,1,0.0,73.05,Email
O511973,2025-11-18,C101832,Oeste,2025-04-29,Belleza,Set de brochas,17.05,1,0.0,17.05,Orgánico
O515100,2025-11-18,C100450,Centro,2025-07-09,Electrónica,Audífonos BT,73.05,1,0.0,73.05,Orgánico
O508877,2025-11-18,C101834,Centro,2025-02-17,Hogar,Difusor aromas,51.63,3,0.0,154.89,Email
O511358,2025-11-18,C100646,Oeste,2025-07-05,Deportes,Yoga mat,46.1,2,0.0,92.2,Email
O512945,2025-11-18,C100551,Norte,2025-04-21,Deportes,Botella térmica,15.36,2,0.1,30.72,Pauta pagada
O515868,2025-11-18,C100673,Sur,2025-02-22,Electrónica,Power bank,71.86,2,0.0,143.72,Orgánico
O511718,2025-11-18,C102481,Centro,2025-07-10,Deportes,Guantes gym,11.66,1,0.0,11.66,Orgánico
O502230,2025-11-18,C101766,Norte,2025-06-01,Hogar,Set de sábanas,33.34,2,0.0,66.68,Redes sociales
O502105,2025-11-18,C100853,Sur,2025-02-24,Hogar,Difusor aromas,51.63,2,0.0,103.26,Redes sociales
O509347,2025-11-18,C100980,Centro,2025-10-27,Moda,Tenis running,24.57,1,0.15,24.57,Email
O506679,2025-11-18,C101800,Centro,2025-03-04,Deportes,Botella térmica,17.07,1,0.0,17.07,Redes sociales
O503032,2025-11-18,C102656,Sur,2025-08-17,Deportes,Botella térmica,17.07,2,0.0,34.14,Orgánico
O511255,2025-11-19,C102144,Centro,2025-06-22,Moda,Camiseta básica,37.12,2,0.0,74.24,Orgánico
O513021,2025-11-19,C102642,Sur,2025-05-13,Moda,Mochila urbana,19.25,2,0.0,38.5,Orgánico
O502081,2025-11-19,C102165,Este,2025-06-27,Electrónica,Smartwatch,88.17,1,0.0,88.17,Pauta pagada
O500892,2025-11-19,C103218,Sur,2025-07-11,Moda,Gorra,39.58,2,0.0,79.16,Directo
O511277,2025-11-19,C101517,Centro,2025-06-20,Electrónica,Audífonos BT,73.05,1,0.0,73.05,Directo
O500182,2025-11-19,C103369,Este,2025-02-01,Belleza,Shampoo reparador,9.08,3,0.15,27.24,Redes sociales
O502262,2025-11-19,C101065,Centro,2025-04-20,Hogar,Difusor aromas,51.63,2,0.0,103.26,Redes sociales
O510938,2025-11-19,C101916,Sur,2025-04-26,Moda,Camiseta básica,37.12,1,0.0,37.12,Redes sociales
O512774,2025-11-19,C100681,Norte,2025-09-13,Belleza,Protector solar,10.84,2,0.0,21.68,Orgánico
O508087,2025-11-19,C102294,Este,2025-10-21,Electrónica,Audífonos BT,73.05,1,0.0,73.05,Orgánico
O505214,2025-11-19,C101393,Centro,2025-08-06,Hogar,Organizador closet,14.85,2,0.1,29.7,Orgánico
O508057,2025-11-19,C101141,Centro,2025-07-13,Moda,Camiseta básica,33.41,1,0.1,33.41,Email
O507089,2025-11-19,C103087,Este,2025-01-19,Moda,Gorra,33.64,2,0.15,67.28,Orgánico
O504844,2025-11-19,C102922,Este,2025-06-07,Belleza,Serum facial,22.15,1,0.0,22.15,Directo
O507284,2025-11-19,C103401,Oeste,2025-01-27,Deportes,Banda resistencia,35.09,2,0.0,70.18,Email
O511542,2025-11-19,C101838,Centro,2025-04-22,Electrónica,Power bank,71.86,1,0.0,71.86,Orgánico
O504671,2025-11-19,C103202,Norte,2025-06-15,Deportes,Guantes gym,11.66,1,0.0,11.66,Orgánico
O502699,2025-11-19,C100814,Este,2025-10-02,Hogar,Set de sábanas,33.34,1,0.0,33.34,Directo
O505188,2025-11-19,C102325,Norte,2025-05-01,Electrónica,Parlante portátil,32.04,3,0.0,96.12,Orgánico
O511585,2025-11-19,C100055,Oeste,2025-02-21,Electrónica,Cargador rápido,42.81,1,0.0,42.81,Redes sociales
O513552,2025-11-19,C102495,Sur,2025-05-28,Hogar,Set de sábanas,33.34,2,0.0,66.68,Orgánico
O503852,2025-11-19,C103254,Centro,2025-01-07,Deportes,Yoga mat,39.18,2,0.15,78.36,Directo
O506109,2025-11-19,C101729,Centro,2025-10-17,Moda,Jeans slim,29.04,1,0.0,29.04,Redes sociales
O509564,2025-11-19,C101673,Norte,2025-06-08,Moda,Tenis running,26.02,2,0.1,52.04,Redes sociales
O507632,2025-11-19,C102943,Este,2025-03-12,Hogar,Set de sábanas,30.01,2,0.1,60.02,Redes sociales
O514803,2025-11-19,C101218,Centro,2025-10-11,Hogar,Organizador closet,14.02,3,0.15,42.06,Orgánico
O501606,2025-11-19,C102620,Sur,2025-04-14,Electrónica,Power bank,71.86,3,0.0,215.58,Email
O505891,2025-11-19,C101758,Este,2025-10-15,Deportes,Mancuernas ajustables,34.98,1,0.15,34.98,Directo
O516355,2025-11-19,C100978,Sur,2025-02-26,Electrónica,Parlante portátil,32.04,1,0.0,32.04,Redes sociales
O511284,2025-11-19,C102865,Norte,2025-07-01,Hogar,Lámpara LED,58.38,2,0.0,116.76,Email
O506032,2025-11-19,C103382,Este,2025-01-14,Hogar,Lámpara LED,58.38,1,0.0,58.38,Pauta pagada
O509266,2025-11-19,C101200,Centro,2025-04-18,Moda,Gorra,39.58,1,0.0,39.58,Orgánico
O503756,2025-11-19,C101507,Centro,2025-08-11,Deportes,Banda resistencia,29.83,2,0.15,59.66,Redes sociales
O501626,2025-11-19,C101339,Norte,2025-01-11,Electrónica,Smartwatch,88.17,2,0.0,176.34,Pauta pagada
O508132,2025-11-19,C102847,Sur,2025-04-25,Hogar,Difusor aromas,51.63,3,0.0,154.89,Orgánico
O513158,2025-11-19,C102008,Este,2025-01-01,Moda,Gorra,39.58,1,0.0,39.58,Orgánico
O505514,2025-11-19,C102181,Sur,2025-07-10,Deportes,Guantes gym,10.49,2,0.1,20.98,Orgánico
O500568,2025-11-19,C102501,Centro,2025-01-30,Belleza,Set de brochas,17.05,2,0.0,34.1,Redes sociales
O500333,2025-11-19,C102659,Este,2025-05-07,Moda,Mochila urbana,19.25,2,0.0,38.5,Orgánico
O500655,2025-11-19,C100270,Centro,2025-05-11,Electrónica,Parlante portátil,32.04,1,0.0,32.04,Email
O511874,2025-11-19,C103137,Norte,2025-09-26,Electrónica,Smartwatch,88.17,1,0.0,88.17,Email
O512454,2025-11-19,C101957,Este,2025-11-03,Electrónica,Cargador rápido,42.81,1,0.0,42.81,Orgánico
O507534,2025-11-19,C102077,Centro,2025-03-03,Belleza,Protector solar,10.84,3,0.0,32.52,Email
O513726,2025-11-19,C100646,Oeste,2025-07-05,Deportes,Botella térmica,17.07,1,0.0,17.07,Pauta pagada
O507184,2025-11-19,C101445,Norte,2025-09-07,Belleza,Shampoo reparador,10.68,1,0.0,10.68,Pauta pagada
O510821,2025-11-19,C100428,Este,2025-07-10,Moda,Camiseta básica,37.12,1,0.0,37.12,Orgánico
O515706,2025-11-19,C103213,Centro,2025-01-19,Moda,Camiseta básica,31.55,1,0.15,31.55,Orgánico
O501565,2025-11-19,C102468,Sur,2025-07-31,Hogar,Lámpara LED,58.38,3,0.0,175.14,Redes sociales
O501194,2025-11-19,C103042,Oeste,2025-03-28,Moda,Tenis running,28.91,1,0.0,28.91,Directo
O505590,2025-11-19,C102991,Sur,2025-03-17,Belleza,Shampoo reparador,10.68,2,0.0,21.36,Pauta pagada
O503185,2025-11-19,C101829,Norte,2025-02-15,Moda,Gorra,39.58,3,0.0,118.74,Redes sociales
O513262,2025-11-19,C102518,Oeste,2025-06-24,Moda,Gorra,39.58,1,0.0,39.58,Redes sociales
O512617,2025-11-19,C101775,Sur,2025-06-22,Belleza,Serum facial,22.15,2,0.0,44.3,Redes sociales
O514941,2025-11-19,C103046,Norte,2025-03-19,Hogar,Difusor aromas,43.89,3,0.15,131.67,Redes sociales
O507900,2025-11-19,C102215,Norte,2025-03-13,Deportes,Botella térmica,17.07,2,0.0,34.14,Orgánico
O510179,2025-11-19,C100771,Centro,2025-01-27,Deportes,Banda resistencia,35.09,2,0.0,70.18,Redes sociales
O501929,2025-11-19,C100018,Norte,2025-08-12,Belleza,Shampoo reparador,8.54,2,0.2,17.08,Email
O509435,2025-11-19,C101572,Centro,2025-04-21,Deportes,Banda resistencia,35.09,2,0.0,70.18,Orgánico
O513328,2025-11-19,C101995,Sur,2025-10-31,Belleza,Shampoo reparador,10.68,1,0.0,10.68,Directo
O501080,2025-11-19,C101113,Norte,2025-03-15,Moda,Mochila urbana,19.25,1,0.0,19.25,Redes sociales
O511164,2025-11-19,C100586,Oeste,2025-10-23,Belleza,Set de brochas,17.05,2,0.0,34.1,Orgánico
O503344,2025-11-19,C101084,Centro,2025-07-14,Belleza,Protector solar,10.84,3,0.0,32.52,Pauta pagada
O509302,2025-11-19,C100028,Norte,2025-01-24,Moda,Jeans slim,29.04,3,0.0,87.12,Orgánico
O513016,2025-11-20,C101527,Este,2025-03-01,Deportes,Banda resistencia,35.09,1,0.0,35.09,Email
O515353,2025-11-20,C101537,Este,2025-02-06,Hogar,Difusor aromas,51.63,3,0.0,154.89,Orgánico
O509810,2025-11-20,C101439,Sur,2025-02-04,Hogar,Cortina blackout,29.37,2,0.0,58.74,Email
O514249,2025-11-20,C101658,Norte,2025-01-14,Hogar,Organizador closet,16.5,1,0.0,16.5,Directo
O516050,2025-11-20,C100063,Sur,2025-04-13,Deportes,Botella térmica,14.51,3,0.15,43.53,Orgánico
O515075,2025-11-20,C103491,Este,2025-04-21,Hogar,Difusor aromas,43.89,2,0.15,87.78,Directo
O507713,2025-11-20,C102115,Centro,2025-02-01,Moda,Tenis running,28.91,2,0.0,57.82,Redes sociales
O506696,2025-11-20,C103084,Centro,2025-01-27,Electrónica,Audífonos BT,58.44,1,0.2,58.44,Pauta pagada
O507330,2025-11-20,C101207,Oeste,2025-06-16,Deportes,Guantes gym,11.66,1,0.0,11.66,Redes sociales
O501577,2025-11-20,C102942,Este,2025-09-02,Hogar,Organizador closet,16.5,2,0.0,33.0,Directo
O507333,2025-11-20,C100741,Norte,2025-07-20,Belleza,Set de brochas,17.05,2,0.0,34.1,Orgánico
O501139,2025-11-20,C100448,Norte,2025-01-19,Hogar,Difusor aromas,51.63,2,0.0,103.26,Directo
O502426,2025-11-20,C101594,Centro,2025-09-29,Electrónica,Cargador rápido,42.81,1,0.0,42.81,Pauta pagada
O516047,2025-11-20,C101657,Este,2025-02-28,Belleza,Shampoo reparador,10.68,2,0.0,21.36,Email
O508982,2025-11-20,C101885,Centro,2025-09-08,Moda,Jeans slim,29.04,2,0.0,58.08,Redes sociales
O512728,2025-11-20,C102218,Norte,2025-01-10,Moda,Camiseta básica,29.7,2,0.2,59.4,Directo
O504974,2025-11-20,C102421,Este,2025-11-09,Moda,Tenis running,28.91,1,0.0,28.91,Redes sociales
O508697,2025-11-20,C102756,Este,2025-08-07,Deportes,Botella térmica,17.07,1,0.0,17.07,Orgánico
O512067,2025-11-20,C103102,Norte,2025-02-08,Moda,Gorra,39.58,2,0.0,79.16,Pauta pagada
O513588,2025-11-20,C100045,Este,2025-07-10,Electrónica,Power bank,71.86,1,0.0,71.86,Orgánico
O503460,2025-11-20,C100676,Este,2025-07-17,Electrónica,Audífonos BT,73.05,2,0.0,146.1,Email
O508194,2025-11-20,C102937,Este,2025-05-28,Hogar,Lámpara LED,58.38,1,0.0,58.38,Redes sociales
O506935,2025-11-20,C101390,Sur,2025-09-21,Electrónica,Cargador rápido,36.39,1,0.15,36.39,Pauta pagada
O512298,2025-11-20,C102860,Centro,2025-07-16,Deportes,Mancuernas ajustables,41.15,2,0.0,82.3,Pauta pagada
O502046,2025-11-20,C100280,Centro,2025-08-07,Hogar,Difusor aromas,51.63,2,0.0,103.26,Redes sociales
O510790,2025-11-20,C102920,Norte,2025-08-18,Deportes,Yoga mat,36.88,1,0.2,36.88,Directo
O502803,2025-11-20,C100287,Sur,2025-02-12,Belleza,Perfume,9.42,1,0.0,9.42,Directo
O502503,2025-11-20,C103372,Norte,2025-05-01,Electrónica,Power bank,64.67,2,0.1,129.34,Orgánico
O505063,2025-11-20,C102548,Sur,2025-09-16,Belleza,Protector solar,9.21,2,0.15,18.42,Redes sociales
O501749,2025-11-20,C101007,Este,2025-07-22,Moda,Mochila urbana,19.25,1,0.0,19.25,Redes sociales
O515902,2025-11-20,C102115,Centro,2025-02-01,Hogar,Lámpara LED,52.54,1,0.1,52.54,Pauta pagada
O500567,2025-11-20,C100765,Centro,2025-11-02,Belleza,Serum facial,22.15,2,0.0,44.3,Redes sociales
O509879,2025-11-20,C101562,Sur,2025-09-03,Moda,Jeans slim,29.04,1,0.0,29.04,Orgánico
O512207,2025-11-20,C103323,Centro,2025-05-01,Electrónica,Power bank,71.86,2,0.0,143.72,Pauta pagada
O505998,2025-11-20,C103308,Oeste,2025-03-03,Moda,Jeans slim,24.68,1,0.15,24.68,Email
O511351,2025-11-20,C101447,Centro,2025-02-24,Deportes,Guantes gym,11.66,2,0.0,23.32,Orgánico
O508878,2025-11-20,C102254,Centro,2025-01-19,Belleza,Serum facial,22.15,2,0.0,44.3,Redes sociales
O515609,2025-11-20,C100737,Este,2025-04-26,Electrónica,Cargador rápido,42.81,2,0.0,85.62,Orgánico
O503778,2025-11-20,C100627,Centro,2025-09-29,Moda,Jeans slim,29.04,1,0.0,29.04,Directo
O511870,2025-11-20,C103424,Norte,2025-08-24,Hogar,Cortina blackout,29.37,1,0.0,29.37,Directo
O501851,2025-11-20,C101281,Norte,2025-01-04,Hogar,Lámpara LED,58.38,1,0.0,58.38,Pauta pagada
O504307,2025-11-20,C100971,Sur,2025-07-21,Belleza,Protector solar,10.84,1,0.0,10.84,Redes sociales
O500835,2025-11-20,C102998,Oeste,2025-02-21,Electrónica,Smartwatch,88.17,3,0.0,264.51,Pauta pagada
O503231,2025-11-20,C103481,Oeste,2025-11-10,Electrónica,Cargador rápido,36.39,2,0.15,72.78,Redes sociales
O508246,2025-11-20,C100339,Centro,2025-11-04,Belleza,Protector solar,10.84,3,0.0,32.52,Directo
O514610,2025-11-20,C103200,Sur,2025-06-23,Hogar,Lámpara LED,58.38,2,0.0,116.76,Redes sociales
O500141,2025-11-20,C103080,Sur,2025-08-13,Deportes,Banda resistencia,35.09,2,0.0,70.18,Directo
O507347,2025-11-20,C102367,Este,2025-01-20,Electrónica,Power bank,71.86,2,0.0,143.72,Redes sociales
O509602,2025-11-20,C101858,Oeste,2025-04-13,Hogar,Difusor aromas,51.63,2,0.0,103.26,Orgánico
O502150,2025-11-20,C101609,Oeste,2025-09-26,Moda,Mochila urbana,19.25,2,0.0,38.5,Pauta pagada
O508313,2025-11-20,C101512,Centro,2025-01-04,Electrónica,Cargador rápido,42.81,1,0.0,42.81,Orgánico
O513851,2025-11-20,C100913,Centro,2025-07-13,Moda,Camiseta básica,29.7,2,0.2,59.4,Directo
O500434,2025-11-20,C100225,Centro,2025-10-14,Electrónica,Power bank,71.86,2,0.0,143.72,Orgánico
O510771,2025-11-20,C102149,Centro,2025-09-26,Electrónica,Smartwatch,79.35,1,0.1,79.35,Redes sociales
O501601,2025-11-20,C102066,Norte,2025-02-01,Hogar,Organizador closet,16.5,1,0.0,16.5,Orgánico
O513285,2025-11-20,C100984,Este,2025-08-21,Electrónica,Smartwatch,88.17,3,0.0,264.51,Email
O507853,2025-11-20,C103091,Sur,2025-04-22,Hogar,Organizador closet,16.5,2,0.0,33.0,Redes sociales
O507048,2025-11-20,C100472,Centro,2025-11-05,Electrónica,Parlante portátil,32.04,1,0.0,32.04,Orgánico
O502660,2025-11-20,C101537,Este,2025-02-06,Electrónica,Audífonos BT,73.05,1,0.0,73.05,Email
O514333,2025-11-20,C100137,Norte,2025-10-31,Moda,Gorra,39.58,1,0.0,39.58,Redes sociales
O514903,2025-11-20,C100596,Centro,2025-02-27,Deportes,Yoga mat,41.49,1,0.1,41.49,Orgánico
O507133,2025-11-20,C100630,Norte,2025-02-01,Moda,Gorra,35.62,1,0.1,35.62,Pauta pagada
O506805,2025-11-20,C101602,Centro,2025-06-15,Moda,Jeans slim,24.68,2,0.15,49.36,Pauta pagada
O510871,2025-11-20,C103451,Oeste,2025-03-26,Electrónica,Parlante portátil,32.04,3,0.0,96.12,Pauta pagada
O508256,2025-11-20,C103476,Centro,2025-02-09,Belleza,Protector solar,8.67,2,0.2,17.34,Orgánico
O501883,2025-11-20,C102975,Norte,2025-10-09,Deportes,Banda resistencia,35.09,1,0.0,35.09,Redes sociales
O507618,2025-11-20,C100175,Centro,2025-03-14,Deportes,Yoga mat,46.1,1,0.0,46.1,Directo
O507037,2025-11-20,C102130,Norte,2025-03-07,Hogar,Organizador closet,16.5,1,0.0,16.5,Directo
O511983,2025-11-20,C101938,Norte,2025-06-18,Electrónica,Audífonos BT,73.05,1,0.0,73.05,Redes sociales
O515591,2025-11-20,C101633,Oeste,2025-11-05,Moda,Camiseta básica,37.12,1,0.0,37.12,Directo
O512256,2025-11-21,C102064,Norte,2025-03-24,Electrónica,Parlante portátil,32.04,1,0.0,32.04,Redes sociales
O501924,2025-11-21,C102526,Centro,2025-07-10,Moda,Gorra,39.58,2,0.0,79.16,Orgánico
O506182,2025-11-21,C101232,Oeste,2025-04-16,Hogar,Lámpara LED,58.38,1,0.0,58.38,Email
O513345,2025-11-21,C103441,Norte,2025-08-17,Moda,Tenis running,28.91,1,0.0,28.91,Orgánico
O501594,2025-11-21,C101888,Sur,2025-07-16,Deportes,Mancuernas ajustables,41.15,1,0.0,41.15,Orgánico
O505385,2025-11-21,C101884,Norte,2025-06-10,Hogar,Set de sábanas,28.34,1,0.15,28.34,Orgánico
O505349,2025-11-21,C101195,Norte,2025-01-14,Belleza,Perfume,9.42,2,0.0,18.84,Pauta pagada
O506235,2025-11-21,C101332,Norte,2025-07-08,Electrónica,Audífonos BT,62.09,1,0.15,62.09,Pauta pagada
O506141,2025-11-21,C101019,Centro,2025-01-18,Hogar,Set de sábanas,33.34,2,0.0,66.68,Directo
O513133,2025-11-21,C100299,Sur,2025-09-06,Belleza,Perfume,9.42,2,0.0,18.84,Pauta pagada
O511905,2025-11-21,C102354,Sur,2025-10-04,Belleza,Serum facial,22.15,1,0.0,22.15,Directo
O513725,2025-11-21,C102238,Este,2025-07-11,Electrónica,Smartwatch,88.17,3,0.0,264.51,Email
O514415,2025-11-21,C101208,Centro,2025-04-07,Electrónica,Smartwatch,88.17,1,0.0,88.17,Directo
O505706,2025-11-21,C101442,Norte,2025-08-28,Deportes,Banda resistencia,35.09,1,0.0,35.09,Orgánico
O512257,2025-11-21,C103196,Sur,2025-04-27,Hogar,Cortina blackout,29.37,2,0.0,58.74,Redes sociales
O516219,2025-11-21,C100472,Centro,2025-11-05,Electrónica,Smartwatch,88.17,2,0.0,176.34,Email
O512480,2025-11-21,C103087,Este,2025-01-19,Hogar,Organizador closet,14.85,3,0.1,44.55,Pauta pagada
O502002,2025-11-21,C102553,Sur,2025-01-24,Moda,Mochila urbana,16.36,2,0.15,32.72,Directo
O501350,2025-11-21,C100263,Centro,2025-10-26,Belleza,Serum facial,22.15,2,0.0,44.3,Pauta pagada
O514486,2025-11-21,C100561,Oeste,2025-11-17,Electrónica,Cargador rápido,38.53,2,0.1,77.06,Directo
O512150,2025-11-21,C101799,Centro,2025-08-29,Deportes,Yoga mat,46.1,1,0.0,46.1,Directo
O501379,2025-11-21,C101860,Centro,2025-04-13,Moda,Mochila urbana,19.25,1,0.0,19.25,Orgánico
O500209,2025-11-21,C101421,Centro,2025-07-26,Hogar,Lámpara LED,58.38,2,0.0,116.76,Pauta pagada
O510058,2025-11-21,C101144,Sur,2025-03-20,Moda,Jeans slim,29.04,2,0.0,58.08,Redes sociales
O500423,2025-11-21,C103417,Centro,2025-03-08,Electrónica,Smartwatch,79.35,1,0.1,79.35,Pauta pagada
O507907,2025-11-21,C101756,Centro,2025-06-08,Deportes,Yoga mat,46.1,2,0.0,92.2,Pauta pagada
O505169,2025-11-21,C102887,Centro,2025-06-24,Moda,Camiseta básica,37.12,2,0.0,74.24,Pauta pagada
O505045,2025-11-21,C101611,Oeste,2025-04-19,Belleza,Shampoo reparador,10.68,1,0.0,10.68,Email
O509644,2025-11-21,C100838,Norte,2025-08-26,Belleza,Perfume,9.42,1,0.0,9.42,Pauta pagada
O502759,2025-11-21,C102484,Centro,2025-06-13,Belleza,Protector solar,9.76,1,0.1,9.76,Directo
O503530,2025-11-21,C103148,Oeste,2025-01-03,Moda,Gorra,39.58,1,0.0,39.58,Orgánico
O515187,2025-11-21,C102267,Norte,2025-07-12,Belleza,Shampoo reparador,10.68,1,0.0,10.68,Directo
O509516,2025-11-21,C101235,Sur,2025-11-11,Deportes,Botella térmica,17.07,2,0.0,34.14,Directo
O509489,2025-11-21,C103030,Oeste,2025-02-01,Electrónica,Power bank,71.86,2,0.0,143.72,Orgánico
O504154,2025-11-21,C100867,Norte,2025-08-03,Moda,Mochila urbana,19.25,1,0.0,19.25,Email
O503608,2025-11-21,C103045,Sur,2025-10-18,Deportes,Mancuernas ajustables,41.15,3,0.0,123.45,Redes sociales
O508470,2025-11-21,C102265,Sur,2025-10-27,Deportes,Banda resistencia,35.09,1,0.0,35.09,Pauta pagada
O508566,2025-11-21,C102711,Este,2025-06-03,Electrónica,Audífonos BT,73.05,3,0.0,219.15,Pauta pagada
O515455,2025-11-21,C102459,Centro,2025-11-16,Deportes,Mancuernas ajustables,37.03,3,0.1,111.09,Orgánico
O507207,2025-11-21,C100854,Centro,2025-04-22,Deportes,Guantes gym,9.33,1,0.2,9.33,Directo
O509052,2025-11-21,C100149,Este,2025-04-24,Deportes,Guantes gym,9.91,2,0.15,19.82,Pauta pagada
O508902,2025-11-21,C102435,Este,2025-06-25,Moda,Camiseta básica,37.12,3,0.0,111.36,Directo
O508891,2025-11-21,C100405,Este,2025-07-14,Moda,Camiseta básica,37.12,1,0.0,37.12,Email
O500576,2025-11-21,C100485,Centro,2025-09-02,Belleza,Protector solar,10.84,1,0.0,10.84,Directo
O500408,2025-11-21,C100530,Sur,2025-11-17,Belleza,Set de brochas,13.64,2,0.2,27.28,Email
O500859,2025-11-21,C103433,Norte,2025-07-28,Electrónica,Audífonos BT,73.05,1,0.0,73.05,Email
O509693,2025-11-21,C101217,Centro,2025-05-21,Hogar,Lámpara LED,58.38,2,0.0,116.76,Pauta pagada
O504588,2025-11-21,C100051,Sur,2025-10-29,Deportes,Botella térmica,17.07,2,0.0,34.14,Orgánico
O514512,2025-11-21,C100423,Norte,2025-02-04,Deportes,Banda resistencia,35.09,1,0.0,35.09,Redes sociales
O506742,2025-11-21,C101017,Oeste,2025-05-17,Deportes,Yoga mat,46.1,1,0.0,46.1,Pauta pagada
O510577,2025-11-21,C103206,Oeste,2025-10-01,Belleza,Protector solar,10.84,3,0.0,32.52,Orgánico
O503025,2025-11-21,C102522,Centro,2025-03-16,Moda,Mochila urbana,19.25,3,0.0,57.75,Redes sociales
O510392,2025-11-21,C101039,Este,2025-08-15,Hogar,Set de sábanas,33.34,2,0.0,66.68,Directo
O511671,2025-11-21,C100964,Norte,2025-01-28,Belleza,Perfume,9.42,3,0.0,28.26,Directo
O511382,2025-11-22,C100657,Oeste,2025-03-05,Deportes,Yoga mat,46.1,2,0.0,92.2,Email
O512054,2025-11-22,C100574,Oeste,2025-08-16,Deportes,Mancuernas ajustables,41.15,3,0.0,123.45,Redes sociales
O501590,2025-11-22,C102140,Este,2025-06-15,Moda,Mochila urbana,19.25,3,0.0,57.75,Directo
O515510,2025-11-22,C101749,Oeste,2025-04-13,Deportes,Yoga mat,46.1,1,0.0,46.1,Orgánico
O512370,2025-11-22,C102742,Este,2025-03-12,Electrónica,Audífonos BT,73.05,2,0.0,146.1,Email
O509470,2025-11-22,C102074,Sur,2025-09-30,Hogar,Difusor aromas,46.47,1,0.1,46.47,Orgánico
O508346,2025-11-22,C101104,Centro,2025-03-22,Deportes,Botella térmica,17.07,2,0.0,34.14,Pauta pagada
O500959,2025-11-22,C102113,Centro,2025-02-13,Moda,Tenis running,28.91,1,0.0,28.91,Pauta pagada
O501414,2025-11-22,C102368,Este,2025-08-28,Electrónica,Parlante portátil,32.04,1,0.0,32.04,Directo
O506033,2025-11-22,C101782,Este,2025-02-03,Electrónica,Power bank,64.67,3,0.1,194.01,Directo
O514836,2025-11-22,C100691,Norte,2025-05-28,Deportes,Yoga mat,41.49,1,0.1,41.49,Redes sociales
O509588,2025-11-22,C100607,Norte,2025-01-21,Moda,Tenis running,28.91,2,0.0,57.82,Redes sociales
O509638,2025-11-22,C103403,Norte,2025-07-08,Belleza,Protector solar,10.84,1,0.0,10.84,Redes sociales
O513864,2025-11-22,C101916,Sur,2025-04-26,Deportes,Guantes gym,11.66,1,0.0,11.66,Directo
O512138,2025-11-22,C101173,Centro,2025-09-04,Hogar,Organizador closet,16.5,2,0.0,33.0,Email
O508187,2025-11-22,C101799,Centro,2025-08-29,Hogar,Set de sábanas,33.34,1,0.0,33.34,Orgánico
O500688,2025-11-22,C100624,Este,2025-09-12,Deportes,Banda resistencia,35.09,1,0.0,35.09,Redes sociales
O507294,2025-11-22,C100757,Centro,2025-07-03,Moda,Gorra,39.58,1,0.0,39.58,Redes sociales
O500518,2025-11-22,C100883,Oeste,2025-10-06,Moda,Camiseta básica,37.12,3,0.0,111.36,Pauta pagada
O512749,2025-11-22,C101415,Sur,2025-05-25,Deportes,Guantes gym,10.49,1,0.1,10.49,Pauta pagada
O503881,2025-11-22,C102803,Norte,2025-05-11,Electrónica,Audífonos BT,73.05,1,0.0,73.05,Email
O507159,2025-11-22,C101923,Este,2025-10-07,Belleza,Set de brochas,17.05,2,0.0,34.1,Pauta pagada
O505301,2025-11-22,C100504,Oeste,2025-07-22,Hogar,Organizador closet,14.02,1,0.15,14.02,Orgánico
O515410,2025-11-22,C102418,Oeste,2025-01-28,Electrónica,Parlante portátil,28.84,1,0.1,28.84,Redes sociales
O505503,2025-11-22,C100935,Norte,2025-04-23,Hogar,Organizador closet,16.5,2,0.0,33.0,Orgánico
O501110,2025-11-22,C100722,Este,2025-06-24,Electrónica,Smartwatch,88.17,2,0.0,176.34,Pauta pagada
O506421,2025-11-22,C103372,Norte,2025-05-01,Moda,Gorra,39.58,1,0.0,39.58,Orgánico
O515435,2025-11-22,C101028,Centro,2025-01-03,Hogar,Set de sábanas,33.34,1,0.0,33.34,Pauta pagada
O501605,2025-11-22,C102761,Sur,2025-07-04,Belleza,Shampoo reparador,10.68,1,0.0,10.68,Pauta pagada
O509174,2025-11-22,C100799,Oeste,2025-02-13,Moda,Camiseta básica,37.12,1,0.0,37.12,Redes sociales
O501799,2025-11-22,C100689,Oeste,2025-07-05,Belleza,Shampoo reparador,10.68,3,0.0,32.04,Orgánico
O510581,2025-11-22,C102053,Norte,2025-11-17,Hogar,Cortina blackout,23.5,1,0.2,23.5,Email
O510418,2025-11-22,C102670,Sur,2025-04-29,Hogar,Lámpara LED,46.7,1,0.2,46.7,Directo
O501617,2025-11-22,C100462,Sur,2025-09-23,Moda,Tenis running,28.91,1,0.0,28.91,Pauta pagada
O511352,2025-11-22,C103128,Norte,2025-11-10,Electrónica,Parlante portátil,32.04,3,0.0,96.12,Redes sociales
O504835,2025-11-22,C102678,Oeste,2025-03-09,Belleza,Set de brochas,17.05,1,0.0,17.05,Redes sociales
O512043,2025-11-22,C100747,Sur,2025-05-12,Deportes,Banda resistencia,35.09,1,0.0,35.09,Orgánico
O509371,2025-11-22,C101936,Norte,2025-04-22,Belleza,Set de brochas,17.05,2,0.0,34.1,Pauta pagada
O515949,2025-11-22,C103142,Este,2025-10-18,Electrónica,Parlante portátil,27.23,1,0.15,27.23,Directo
O508154,2025-11-22,C100357,Norte,2025-07-07,Hogar,Organizador closet,16.5,1,0.0,16.5,Email
O514620,2025-11-22,C100581,Oeste,2025-03-29,Deportes,Botella térmica,17.07,1,0.0,17.07,Orgánico
O513823,2025-11-22,C100356,Oeste,2025-04-28,Belleza,Protector solar,10.84,2,0.0,21.68,Redes sociales
O510830,2025-11-22,C103253,Centro,2025-03-15,Moda,Camiseta básica,37.12,3,0.0,111.36,Email
O511544,2025-11-22,C102533,Centro,2025-11-02,Electrónica,Cargador rápido,42.81,3,0.0,128.43,Directo
O509997,2025-11-22,C103192,Sur,2025-06-16,Electrónica,Power bank,71.86,1,0.0,71.86,Orgánico
O510003,2025-11-22,C102252,Este,2025-10-02,Deportes,Yoga mat,46.1,1,0.0,46.1,Directo
O502453,2025-11-22,C103093,Norte,2025-08-14,Hogar,Lámpara LED,49.62,2,0.15,99.24,Redes sociales
O500382,2025-11-22,C101556,Oeste,2025-01-04,Moda,Jeans slim,29.04,1,0.0,29.04,Email
O512230,2025-11-22,C103167,Sur,2025-11-16,Hogar,Lámpara LED,58.38,1,0.0,58.38,Pauta pagada
O507481,2025-11-22,C100126,Este,2025-09-26,Electrónica,Audífonos BT,73.05,3,0.0,219.15,Directo
O512472,2025-11-22,C100034,Centro,2025-06-11,Moda,Gorra,39.58,1,0.0,39.58,Email
O506184,2025-11-22,C101143,Sur,2025-09-28,Moda,Tenis running,28.91,2,0.0,57.82,Orgánico
O506633,2025-11-22,C102244,Este,2025-06-02,Electrónica,Power bank,61.08,1,0.15,61.08,Orgánico
O505714,2025-11-22,C101823,Norte,2025-05-05,Belleza,Protector solar,10.84,2,0.0,21.68,Redes sociales
O514532,2025-11-22,C103401,Oeste,2025-01-27,Moda,Mochila urbana,16.36,2,0.15,32.72,Redes sociales
O506292,2025-11-22,C101587,Norte,2025-04-22,Moda,Tenis running,26.02,1,0.1,26.02,Redes sociales
O500351,2025-11-22,C100334,Norte,2025-05-28,Hogar,Cortina blackout,29.37,2,0.0,58.74,Email
O512438,2025-11-22,C100460,Oeste,2025-09-05,Electrónica,Parlante portátil,32.04,1,0.0,32.04,Pauta pagada
O516032,2025-11-22,C102469,Centro,2025-03-01,Deportes,Yoga mat,46.1,1,0.0,46.1,Orgánico
O515044,2025-11-22,C100273,Centro,2025-10-29,Moda,Gorra,35.62,1,0.1,35.62,Redes sociales
O507693,2025-11-22,C102023,Norte,2025-06-18,Belleza,Shampoo reparador,9.61,1,0.1,9.61,Pauta pagada
O510770,2025-11-22,C102843,Este,2025-03-29,Hogar,Organizador closet,16.5,2,0.0,33.0,Orgánico
O503403,2025-11-22,C102318,Centro,2025-05-19,Deportes,Botella térmica,17.07,1,0.0,17.07,Orgánico
O514761,2025-11-22,C102906,Centro,2025-10-09,Moda,Camiseta básica,37.12,1,0.0,37.12,Directo
O501955,2025-11-22,C100394,Centro,2025-10-09,Electrónica,Cargador rápido,42.81,3,0.0,128.43,Email
O505692,2025-11-22,C103467,Centro,2025-04-02,Belleza,Serum facial,19.93,2,0.1,39.86,Redes sociales
O515646,2025-11-22,C102337,Este,2025-04-28,Deportes,Botella térmica,17.07,1,0.0,17.07,Pauta pagada
O503365,2025-11-22,C101816,Oeste,2025-09-22,Electrónica,Cargador rápido,42.81,1,0.0,42.81,Email
O510924,2025-11-22,C102512,Norte,2025-05-14,Moda,Gorra,33.64,2,0.15,67.28,Pauta pagada
O509954,2025-11-22,C103272,Este,2025-10-30,Hogar,Cortina blackout,29.37,2,0.0,58.74,Directo
O509869,2025-11-22,C100293,Sur,2025-03-05,Deportes,Mancuernas ajustables,41.15,2,0.0,82.3,Orgánico
O503523,2025-11-23,C101119,Oeste,2025-08-20,Deportes,Banda resistencia,35.09,1,0.0,35.09,Directo
O509153,2025-11-23,C100570,Oeste,2025-01-09,Hogar,Lámpara LED,58.38,3,0.0,175.14,Directo
O505924,2025-11-23,C100028,Norte,2025-01-24,Belleza,Set de brochas,17.05,3,0.0,51.15,Orgánico
O510366,2025-11-23,C101902,Norte,2025-11-09,Belleza,Shampoo reparador,9.08,2,0.15,18.16,Redes sociales
O510504,2025-11-23,C100499,Sur,2025-02-27,Belleza,Set de brochas,17.05,3,0.0,51.15,Orgánico
O503241,2025-11-23,C100912,Este,2025-11-06,Electrónica,Power bank,71.86,1,0.0,71.86,Pauta pagada
O505496,2025-11-23,C100217,Oeste,2025-08-06,Electrónica,Smartwatch,88.17,3,0.0,264.51,Directo
O500783,2025-11-23,C100743,Centro,2025-06-07,Hogar,Difusor aromas,51.63,1,0.0,51.63,Orgánico
O503770,2025-11-23,C101324,Centro,2025-02-24,Deportes,Mancuernas ajustables,41.15,2,0.0,82.3,Redes sociales
O514086,2025-11-23,C101864,Este,2025-09-28,Deportes,Banda resistencia,35.09,1,0.0,35.09,Pauta pagada
O516024,2025-11-23,C101470,Oeste,2025-02-02,Deportes,Mancuernas ajustables,41.15,1,0.0,41.15,Email
O512667,2025-11-23,C102494,Este,2025-03-14,Moda,Camiseta básica,29.7,2,0.2,59.4,Directo
O505885,2025-11-23,C100679,Sur,2025-07-30,Electrónica,Cargador rápido,38.53,1,0.1,38.53,Email
O514862,2025-11-23,C101252,Norte,2025-03-25,Hogar,Cortina blackout,29.37,1,0.0,29.37,Orgánico
O505376,2025-11-23,C101719,Norte,2025-02-25,Moda,Tenis running,28.91,1,0.0,28.91,Redes sociales
O501708,2025-11-23,C100020,Norte,2025-04-18,Hogar,Set de sábanas,33.34,1,0.0,33.34,Email
O503762,2025-11-23,C101229,Oeste,2025-06-02,Moda,Tenis running,28.91,1,0.0,28.91,Redes sociales
O511145,2025-11-23,C100419,Sur,2025-02-18,Electrónica,Parlante portátil,32.04,1,0.0,32.04,Pauta pagada
O503705,2025-11-23,C101214,Centro,2025-11-07,Moda,Tenis running,28.91,1,0.0,28.91,Orgánico
O506934,2025-11-23,C100410,Norte,2025-03-06,Deportes,Banda resistencia,28.07,3,0.2,84.21,Directo
O503601,2025-11-23,C100163,Oeste,2025-02-18,Electrónica,Parlante portátil,32.04,1,0.0,32.04,Pauta pagada
O514283,2025-11-23,C100834,Oeste,2025-03-15,Electrónica,Parlante portátil,32.04,2,0.0,64.08,Redes sociales
O502712,2025-11-23,C103271,Centro,2025-05-02,Hogar,Cortina blackout,29.37,3,0.0,88.11,Redes sociales
O500091,2025-11-23,C101557,Centro,2025-06-25,Belleza,Shampoo reparador,10.68,2,0.0,21.36,Orgánico
O514355,2025-11-23,C101660,Centro,2025-01-28,Deportes,Botella térmica,15.36,1,0.1,15.36,Directo
O512827,2025-11-23,C103238,Centro,2025-06-11,Electrónica,Smartwatch,79.35,2,0.1,158.7,Redes sociales
O509994,2025-11-23,C102668,Este,2025-11-07,Deportes,Botella térmica,15.36,2,0.1,30.72,Pauta pagada
O509995,2025-11-23,C102423,Este,2025-03-10,Hogar,Organizador closet,14.02,1,0.15,14.02,Email
O512186,2025-11-23,C101429,Centro,2025-07-07,Electrónica,Smartwatch,88.17,3,0.0,264.51,Orgánico
O512773,2025-11-23,C100853,Sur,2025-02-24,Moda,Mochila urbana,19.25,2,0.0,38.5,Redes sociales
O509504,2025-11-23,C102212,Oeste,2025-06-23,Moda,Mochila urbana,15.4,3,0.2,46.2,Pauta pagada
O511966,2025-11-23,C101516,Oeste,2025-07-04,Belleza,Set de brochas,17.05,1,0.0,17.05,Orgánico
O503657,2025-11-23,C103307,Norte,2025-05-07,Moda,Tenis running,23.13,1,0.2,23.13,Pauta pagada
O512612,2025-11-23,C102989,Oeste,2025-01-15,Moda,Camiseta básica,37.12,3,0.0,111.36,Redes sociales
O505088,2025-11-23,C102841,Sur,2025-05-24,Electrónica,Cargador rápido,42.81,2,0.0,85.62,Pauta pagada
O510912,2025-11-23,C100823,Sur,2025-07-11,Moda,Camiseta básica,29.7,1,0.2,29.7,Orgánico
O501800,2025-11-23,C100322,Este,2025-04-14,Belleza,Protector solar,10.84,2,0.0,21.68,Orgánico
O512515,2025-11-23,C101016,Centro,2025-01-21,Electrónica,Power bank,71.86,1,0.0,71.86,Pauta pagada
O510744,2025-11-23,C101250,Norte,2025-07-13,Electrónica,Smartwatch,88.17,1,0.0,88.17,Pauta pagada
O507053,2025-11-23,C102613,Sur,2025-08-12,Deportes,Botella térmica,15.36,1,0.1,15.36,Redes sociales
O514912,2025-11-23,C102651,Centro,2025-10-20,Belleza,Shampoo reparador,10.68,1,0.0,10.68,Pauta pagada
O512391,2025-11-23,C100342,Centro,2025-03-29,Deportes,Banda resistencia,35.09,2,0.0,70.18,Pauta pagada
O513077,2025-11-23,C100355,Sur,2025-07-15,Hogar,Difusor aromas,46.47,2,0.1,92.94,Redes sociales
O500437,2025-11-23,C101836,Centro,2025-09-25,Belleza,Perfume,8.01,1,0.15,8.01,Orgánico
O515691,2025-11-23,C100744,Centro,2025-07-13,Deportes,Mancuernas ajustables,41.15,1,0.0,41.15,Pauta pagada
O513595,2025-11-23,C101072,Centro,2025-07-20,Moda,Gorra,33.64,1,0.15,33.64,Directo
O513977,2025-11-23,C102409,Centro,2025-02-28,Belleza,Serum facial,22.15,1,0.0,22.15,Pauta pagada
O507209,2025-11-23,C101426,Sur,2025-02-24,Deportes,Mancuernas ajustables,37.03,2,0.1,74.06,Orgánico
O508134,2025-11-23,C103323,Centro,2025-05-01,Hogar,Difusor aromas,51.63,2,0.0,103.26,Redes sociales
O513516,2025-11-23,C100079,Centro,2025-07-22,Hogar,Cortina blackout,29.37,1,0.0,29.37,Orgánico
O508215,2025-11-23,C102247,Centro,2025-11-21,Moda,Camiseta básica,37.12,2,0.0,74.24,Redes sociales
O513463,2025-11-23,C101736,Sur,2025-10-29,Electrónica,Smartwatch,88.17,2,0.0,176.34,Redes sociales
O508530,2025-11-23,C102333,Este,2025-08-29,Belleza,Serum facial,22.15,2,0.0,44.3,Pauta pagada
O507296,2025-11-23,C100983,Centro,2025-10-01,Belleza,Perfume,8.48,1,0.1,8.48,Orgánico
O508224,2025-11-23,C102516,Centro,2025-05-15,Deportes,Yoga mat,46.1,1,0.0,46.1,Redes sociales
O511410,2025-11-23,C102042,Este,2025-03-27,Electrónica,Parlante portátil,27.23,2,0.15,54.46,Pauta pagada
O508230,2025-11-23,C100119,Este,2025-10-09,Electrónica,Smartwatch,88.17,1,0.0,88.17,Orgánico
O508259,2025-11-23,C101737,Oeste,2025-03-19,Electrónica,Power bank,71.86,1,0.0,71.86,Directo
O514570,2025-11-23,C100211,Sur,2025-02-21,Hogar,Organizador closet,14.85,2,0.1,29.7,Redes sociales
O506387,2025-11-23,C102320,Este,2025-10-20,Belleza,Set de brochas,17.05,2,0.0,34.1,Email
O508358,2025-11-23,C103263,Sur,2025-02-21,Deportes,Botella térmica,15.36,1,0.1,15.36,Directo
O506283,2025-11-23,C101210,Sur,2025-10-16,Moda,Mochila urbana,16.36,1,0.15,16.36,Redes sociales
O507856,2025-11-23,C102150,Centro,2025-01-03,Belleza,Serum facial,22.15,2,0.0,44.3,Email
O515528,2025-11-23,C100393,Centro,2025-06-25,Belleza,Perfume,9.42,1,0.0,9.42,Redes sociales
O513679,2025-11-23,C101836,Centro,2025-09-25,Belleza,Serum facial,22.15,1,0.0,22.15,Orgánico
O507718,2025-11-23,C101884,Norte,2025-06-10,Electrónica,Power bank,61.08,1,0.15,61.08,Redes sociales
O514542,2025-11-23,C100348,Norte,2025-08-18,Hogar,Difusor aromas,51.63,2,0.0,103.26,Directo
O514515,2025-11-23,C102121,Norte,2025-10-28,Hogar,Lámpara LED,58.38,1,0.0,58.38,Orgánico
O511962,2025-11-23,C101105,Oeste,2025-07-01,Hogar,Organizador closet,14.02,1,0.15,14.02,Pauta pagada
O513784,2025-11-23,C100961,Oeste,2025-10-13,Moda,Jeans slim,24.68,1,0.15,24.68,Orgánico
O514505,2025-11-23,C102668,Este,2025-11-07,Electrónica,Cargador rápido,42.81,1,0.0,42.81,Redes sociales
O505864,2025-11-24,C100205,Sur,2025-07-22,Hogar,Lámpara LED,58.38,1,0.0,58.38,Orgánico
O502777,2025-11-24,C100630,Norte,2025-02-01,Deportes,Guantes gym,11.66,1,0.0,11.66,Pauta pagada
O512768,2025-11-24,C101100,Centro,2025-01-23,Belleza,Set de brochas,17.05,1,0.0,17.05,Orgánico
O511833,2025-11-24,C101124,Norte,2025-11-20,Electrónica,Smartwatch,70.54,1,0.2,70.54,Redes sociales
O507652,2025-11-24,C100691,Norte,2025-05-28,Belleza,Shampoo reparador,10.68,2,0.0,21.36,Redes sociales
O503266,2025-11-24,C102782,Norte,2025-07-25,Electrónica,Audífonos BT,73.05,1,0.0,73.05,Directo
O503491,2025-11-24,C101039,Este,2025-08-15,Deportes,Botella térmica,13.66,2,0.2,27.32,Orgánico
O502506,2025-11-24,C101335,Sur,2025-04-26,Moda,Tenis running,28.91,3,0.0,86.73,Redes sociales
O503109,2025-11-24,C102541,Este,2025-02-26,Moda,Jeans slim,26.14,2,0.1,52.28,Directo
O507551,2025-11-24,C101034,Oeste,2025-05-20,Deportes,Banda resistencia,35.09,1,0.0,35.09,Pauta pagada
O504669,2025-11-24,C100298,Norte,2025-07-08,Belleza,Serum facial,22.15,2,0.0,44.3,Orgánico
O505251,2025-11-24,C100793,Oeste,2025-05-16,Hogar,Cortina blackout,29.37,3,0.0,88.11,Email
O513817,2025-11-24,C100576,Centro,2025-09-06,Hogar,Lámpara LED,58.38,1,0.0,58.38,Pauta pagada
O505677,2025-11-24,C102102,Norte,2025-09-18,Electrónica,Parlante portátil,32.04,1,0.0,32.04,Email
O506270,2025-11-24,C100473,Norte,2025-02-13,Belleza,Perfume,7.54,2,0.2,15.08,Pauta pagada
O506137,2025-11-24,C100943,Este,2025-09-14,Deportes,Botella térmica,17.07,2,0.0,34.14,Orgánico
O506072,2025-11-24,C101280,Sur,2025-02-02,Moda,Tenis running,28.91,3,0.0,86.73,Orgánico
O510746,2025-11-24,C102860,Centro,2025-07-16,Deportes,Botella térmica,15.36,2,0.1,30.72,Email
O503295,2025-11-24,C100897,Centro,2025-10-08,Electrónica,Cargador rápido,42.81,3,0.0,128.43,Redes sociales
O501453,2025-11-24,C102014,Sur,2025-02-08,Belleza,Set de brochas,15.34,1,0.1,15.34,Directo
O502461,2025-11-24,C101046,Norte,2025-04-06,Deportes,Botella térmica,17.07,2,0.0,34.14,Pauta pagada
O506584,2025-11-24,C102289,Oeste,2025-06-30,Deportes,Guantes gym,9.91,1,0.15,9.91,Email
O503326,2025-11-24,C101712,Este,2025-02-22,Electrónica,Power bank,71.86,3,0.0,215.58,Orgánico
O501481,2025-11-24,C101680,Centro,2025-02-02,Hogar,Difusor aromas,51.63,1,0.0,51.63,Email
O507996,2025-11-24,C100196,Este,2025-04-25,Electrónica,Power bank,71.86,2,0.0,143.72,Orgánico
O507736,2025-11-24,C101811,Sur,2025-07-25,Electrónica,Cargador rápido,42.81,2,0.0,85.62,Pauta pagada
O509939,2025-11-24,C100414,Sur,2025-08-07,Belleza,Set de brochas,17.05,2,0.0,34.1,Directo
O504364,2025-11-24,C100927,Norte,2025-03-11,Belleza,Serum facial,22.15,1,0.0,22.15,Pauta pagada
O512618,2025-11-24,C101920,Oeste,2025-01-08,Electrónica,Cargador rápido,42.81,1,0.0,42.81,Directo
O502335,2025-11-24,C100136,Sur,2025-01-25,Deportes,Botella térmica,17.07,1,0.0,17.07,Pauta pagada
O500041,2025-11-24,C100808,Oeste,2025-06-04,Belleza,Set de brochas,17.05,1,0.0,17.05,Directo
O504343,2025-11-24,C101042,Centro,2025-06-11,Deportes,Banda resistencia,35.09,1,0.0,35.09,Orgánico
O509759,2025-11-24,C100835,Centro,2025-11-03,Deportes,Botella térmica,17.07,2,0.0,34.14,Directo
O506749,2025-11-24,C101652,Norte,2025-09-20,Belleza,Set de brochas,17.05,1,0.0,17.05,Email
O513905,2025-11-24,C102307,Oeste,2025-11-13,Deportes,Mancuernas ajustables,41.15,2,0.0,82.3,Directo
O507158,2025-11-24,C101860,Centro,2025-04-13,Hogar,Lámpara LED,46.7,3,0.2,140.1,Email
O502147,2025-11-24,C100408,Centro,2025-01-27,Electrónica,Cargador rápido,42.81,1,0.0,42.81,Orgánico
O511697,2025-11-24,C101077,Norte,2025-01-31,Electrónica,Parlante portátil,32.04,1,0.0,32.04,Directo
O508534,2025-11-24,C101942,Sur,2025-04-15,Moda,Mochila urbana,17.32,3,0.1,51.96,Directo
O509215,2025-11-24,C102845,Este,2025-10-02,Moda,Jeans slim,29.04,3,0.0,87.12,Directo
O503924,2025-11-24,C100189,Este,2025-05-26,Electrónica,Parlante portátil,32.04,3,0.0,96.12,Orgánico
O504020,2025-11-24,C102612,Norte,2025-11-01,Electrónica,Power bank,71.86,1,0.0,71.86,Redes sociales
O512033,2025-11-24,C102170,Sur,2025-04-05,Deportes,Mancuernas ajustables,41.15,1,0.0,41.15,Email
O504011,2025-11-24,C103409,Norte,2025-06-30,Deportes,Yoga mat,46.1,2,0.0,92.2,Redes sociales
O508888,2025-11-24,C101039,Este,2025-08-15,Moda,Camiseta básica,37.12,1,0.0,37.12,Orgánico
O501690,2025-11-24,C102231,Centro,2025-11-11,Belleza,Set de brochas,17.05,2,0.0,34.1,Directo
O503927,2025-11-24,C101741,Sur,2025-06-09,Electrónica,Smartwatch,88.17,1,0.0,88.17,Email
O509293,2025-11-24,C102357,Centro,2025-04-04,Deportes,Yoga mat,39.18,1,0.15,39.18,Redes sociales
O502287,2025-11-24,C100679,Sur,2025-07-30,Moda,Tenis running,28.91,1,0.0,28.91,Orgánico
O506416,2025-11-24,C100574,Oeste,2025-08-16,Moda,Mochila urbana,19.25,2,0.0,38.5,Orgánico
O504888,2025-11-24,C101097,Norte,2025-09-13,Hogar,Lámpara LED,49.62,1,0.15,49.62,Orgánico
O516230,2025-11-24,C101768,Norte,2025-09-20,Deportes,Botella térmica,17.07,2,0.0,34.14,Orgánico
O509430,2025-11-24,C101386,Oeste,2025-03-02,Electrónica,Cargador rápido,38.53,1,0.1,38.53,Orgánico
O502276,2025-11-24,C100603,Sur,2025-03-29,Electrónica,Power bank,71.86,1,0.0,71.86,Pauta pagada
O508714,2025-11-24,C101101,Oeste,2025-05-24,Hogar,Cortina blackout,24.96,2,0.15,49.92,Pauta pagada
O513075,2025-11-24,C101673,Norte,2025-06-08,Hogar,Difusor aromas,51.63,3,0.0,154.89,Directo
O505506,2025-11-24,C100413,Norte,2025-03-15,Belleza,Perfume,9.42,2,0.0,18.84,Pauta pagada
O500274,2025-11-24,C100385,Oeste,2025-09-08,Hogar,Set de sábanas,33.34,3,0.0,100.02,Pauta pagada
O507059,2025-11-24,C100193,Sur,2025-06-28,Hogar,Difusor aromas,51.63,1,0.0,51.63,Orgánico
O512045,2025-11-24,C102758,Sur,2025-08-18,Belleza,Perfume,9.42,2,0.0,18.84,Pauta pagada
O515345,2025-11-24,C101470,Oeste,2025-02-02,Electrónica,Parlante portátil,32.04,3,0.0,96.12,Email
O505993,2025-11-24,C102910,Centro,2025-02-13,Hogar,Set de sábanas,33.34,1,0.0,33.34,Orgánico
O506985,2025-11-24,C102788,Norte,2025-04-14,Belleza,Serum facial,22.15,1,0.0,22.15,Orgánico
O506008,2025-11-24,C103305,Oeste,2025-06-13,Deportes,Yoga mat,39.18,1,0.15,39.18,Directo
O511963,2025-11-24,C102281,Centro,2025-10-22,Belleza,Serum facial,18.83,3,0.15,56.49,Pauta pagada
O508849,2025-11-24,C101888,Sur,2025-07-16,Electrónica,Parlante portátil,32.04,2,0.0,64.08,Redes sociales
O511873,2025-11-24,C100410,Norte,2025-03-06,Deportes,Guantes gym,9.33,1,0.2,9.33,Orgánico
O501838,2025-11-24,C100069,Centro,2025-10-08,Belleza,Set de brochas,17.05,1,0.0,17.05,Directo
O506482,2025-11-24,C103253,Centro,2025-03-15,Belleza,Protector solar,10.84,1,0.0,10.84,Pauta pagada
O513109,2025-11-25,C101968,Oeste,2025-04-15,Moda,Gorra,33.64,1,0.15,33.64,Orgánico
O513244,2025-11-25,C103150,Oeste,2025-10-25,Electrónica,Smartwatch,88.17,2,0.0,176.34,Pauta pagada
O512534,2025-11-25,C100490,Oeste,2025-10-26,Belleza,Set de brochas,17.05,2,0.0,34.1,Pauta pagada
O504462,2025-11-25,C103224,Centro,2025-04-19,Deportes,Botella térmica,17.07,3,0.0,51.21,Directo
O506224,2025-11-25,C101798,Sur,2025-10-02,Electrónica,Parlante portátil,28.84,3,0.1,86.52,Pauta pagada
O506992,2025-11-25,C100737,Este,2025-04-26,Moda,Jeans slim,29.04,1,0.0,29.04,Orgánico
O502672,2025-11-25,C103375,Este,2025-09-29,Hogar,Difusor aromas,51.63,3,0.0,154.89,Redes sociales
O510848,2025-11-25,C103187,Sur,2025-08-29,Moda,Gorra,33.64,1,0.15,33.64,Redes sociales
O514549,2025-11-25,C102779,Este,2025-11-23,Moda,Gorra,39.58,1,0.0,39.58,Email
O503765,2025-11-25,C102064,Norte,2025-03-24,Electrónica,Smartwatch,88.17,1,0.0,88.17,Email
O507951,2025-11-25,C101029,Sur,2025-11-12,Moda,Camiseta básica,37.12,1,0.0,37.12,Directo
O511105,2025-11-25,C101140,Centro,2025-04-22,Hogar,Lámpara LED,58.38,1,0.0,58.38,Pauta pagada
O508295,2025-11-25,C100607,Norte,2025-01-21,Hogar,Set de sábanas,26.67,3,0.2,80.01,Pauta pagada
O506105,2025-11-25,C100001,Sur,2025-06-30,Electrónica,Parlante portátil,32.04,2,0.0,64.08,Redes sociales
O511050,2025-11-25,C101004,Norte,2025-08-26,Belleza,Serum facial,22.15,1,0.0,22.15,Orgánico
O510765,2025-11-25,C102813,Centro,2025-02-16,Electrónica,Power bank,64.67,1,0.1,64.67,Redes sociales
O502037,2025-11-25,C102091,Este,2025-05-24,Belleza,Perfume,9.42,1,0.0,9.42,Pauta pagada
O515003,2025-11-25,C101751,Centro,2025-01-23,Deportes,Mancuernas ajustables,34.98,1,0.15,34.98,Orgánico
O510158,2025-11-25,C101872,Centro,2025-08-01,Belleza,Shampoo reparador,8.54,3,0.2,25.62,Orgánico
O504894,2025-11-25,C101377,Sur,2025-08-02,Electrónica,Smartwatch,88.17,1,0.0,88.17,Redes sociales
O506485,2025-11-25,C101893,Oeste,2025-08-11,Hogar,Set de sábanas,33.34,1,0.0,33.34,Orgánico
O513214,2025-11-25,C102542,Norte,2025-09-21,Electrónica,Power bank,71.86,1,0.0,71.86,Orgánico
O503256,2025-11-25,C100541,Sur,2025-06-15,Deportes,Botella térmica,17.07,1,0.0,17.07,Pauta pagada
O503182,2025-11-25,C100754,Sur,2025-02-16,Deportes,Yoga mat,46.1,1,0.0,46.1,Redes sociales
O507826,2025-11-25,C100134,Oeste,2025-01-12,Electrónica,Smartwatch,79.35,2,0.1,158.7,Directo
O510700,2025-11-25,C100705,Norte,2025-08-12,Moda,Jeans slim,29.04,1,0.0,29.04,Orgánico
O514075,2025-11-25,C100475,Norte,2025-02-12,Deportes,Mancuernas ajustables,41.15,1,0.0,41.15,Pauta pagada
O501111,2025-11-25,C101007,Este,2025-07-22,Moda,Camiseta básica,37.12,1,0.0,37.12,Email
O508956,2025-11-25,C100670,Sur,2025-11-15,Moda,Gorra,39.58,2,0.0,79.16,Pauta pagada
O503516,2025-11-25,C102248,Sur,2025-01-12,Hogar,Organizador closet,16.5,1,0.0,16.5,Directo
O506315,2025-11-25,C100779,Este,2025-05-02,Hogar,Cortina blackout,29.37,1,0.0,29.37,Redes sociales
O502624,2025-11-25,C100352,Norte,2025-09-27,Belleza,Perfume,9.42,3,0.0,28.26,Orgánico
O515235,2025-11-25,C102104,Oeste,2025-04-23,Belleza,Shampoo reparador,10.68,1,0.0,10.68,Redes sociales
O508168,2025-11-25,C101974,Sur,2025-05-27,Moda,Gorra,39.58,1,0.0,39.58,Pauta pagada
O513454,2025-11-25,C102903,Sur,2025-10-17,Moda,Jeans slim,29.04,3,0.0,87.12,Directo
O513303,2025-11-25,C100823,Sur,2025-07-11,Moda,Camiseta básica,31.55,2,0.15,63.1,Orgánico
O515989,2025-11-25,C102284,Norte,2025-10-20,Deportes,Banda resistencia,35.09,2,0.0,70.18,Orgánico
O506915,2025-11-25,C101063,Sur,2025-11-08,Belleza,Shampoo reparador,10.68,2,0.0,21.36,Redes sociales
O501376,2025-11-25,C101174,Sur,2025-04-04,Belleza,Set de brochas,17.05,1,0.0,17.05,Directo
O515131,2025-11-25,C100550,Centro,2025-01-05,Hogar,Cortina blackout,29.37,1,0.0,29.37,Orgánico
O514404,2025-11-25,C101809,Norte,2025-05-28,Deportes,Banda resistencia,35.09,2,0.0,70.18,Redes sociales
O512195,2025-11-25,C102255,Centro,2025-02-12,Hogar,Cortina blackout,29.37,1,0.0,29.37,Orgánico
O504616,2025-11-25,C100767,Oeste,2025-06-30,Deportes,Guantes gym,11.66,1,0.0,11.66,Directo
O513147,2025-11-25,C101695,Centro,2025-02-13,Deportes,Mancuernas ajustables,41.15,1,0.0,41.15,Redes sociales
O511147,2025-11-25,C100148,Sur,2025-04-13,Hogar,Lámpara LED,58.38,1,0.0,58.38,Orgánico
O507421,2025-11-25,C101469,Este,2025-07-08,Deportes,Guantes gym,11.66,2,0.0,23.32,Orgánico
O512639,2025-11-25,C101722,Centro,2025-09-06,Belleza,Serum facial,18.83,1,0.15,18.83,Email
O507230,2025-11-25,C103118,Sur,2025-06-04,Moda,Jeans slim,29.04,3,0.0,87.12,Email
O501456,2025-11-25,C100209,Oeste,2025-02-08,Hogar,Lámpara LED,58.38,1,0.0,58.38,Pauta pagada
O513797,2025-11-25,C103193,Sur,2025-03-22,Hogar,Difusor aromas,51.63,2,0.0,103.26,Pauta pagada
O502745,2025-11-25,C102819,Sur,2025-01-26,Deportes,Guantes gym,11.66,2,0.0,23.32,Pauta pagada
O508812,2025-11-25,C102961,Norte,2025-04-11,Belleza,Protector solar,10.84,3,0.0,32.52,Email
O513575,2025-11-25,C103319,Centro,2025-03-31,Hogar,Difusor aromas,51.63,1,0.0,51.63,Pauta pagada
O512587,2025-11-25,C101729,Centro,2025-10-17,Deportes,Botella térmica,17.07,1,0.0,17.07,Pauta pagada
O500391,2025-11-25,C102351,Oeste,2025-03-20,Electrónica,Audífonos BT,73.05,2,0.0,146.1,Orgánico
O514970,2025-11-26,C100668,Sur,2025-04-03,Hogar,Difusor aromas,51.63,2,0.0,103.26,Pauta pagada
O513893,2025-11-26,C103423,Sur,2025-01-01,Moda,Gorra,39.58,1,0.0,39.58,Redes sociales
O510295,2025-11-26,C101021,Centro,2025-02-09,Hogar,Cortina blackout,29.37,1,0.0,29.37,Directo
O501396,2025-11-26,C102686,Sur,2025-10-08,Deportes,Botella térmica,17.07,1,0.0,17.07,Redes sociales
O513136,2025-11-26,C101267,Centro,2025-01-18,Moda,Tenis running,28.91,2,0.0,57.82,Orgánico
O500007,2025-11-26,C103361,Norte,2025-09-07,Deportes,Banda resistencia,35.09,1,0.0,35.09,Orgánico
O514353,2025-11-26,C101570,Sur,2025-04-25,Hogar,Organizador closet,16.5,1,0.0,16.5,Orgánico
O500363,2025-11-26,C100614,Oeste,2025-11-05,Belleza,Protector solar,10.84,1,0.0,10.84,Orgánico
O509444,2025-11-26,C101959,Sur,2025-02-20,Hogar,Lámpara LED,58.38,3,0.0,175.14,Orgánico
O507828,2025-11-26,C100732,Sur,2025-07-19,Moda,Camiseta básica,37.12,1,0.0,37.12,Redes sociales
O512825,2025-11-26,C100769,Sur,2025-02-12,Deportes,Guantes gym,11.66,1,0.0,11.66,Orgánico
O508277,2025-11-26,C102733,Norte,2025-10-28,Moda,Jeans slim,29.04,1,0.0,29.04,Pauta pagada
O512865,2025-11-26,C103448,Norte,2025-04-16,Hogar,Set de sábanas,30.01,3,0.1,90.03,Directo
O503546,2025-11-26,C101172,Oeste,2025-08-03,Electrónica,Cargador rápido,42.81,2,0.0,85.62,Directo
O505550,2025-11-26,C101717,Centro,2025-06-21,Belleza,Perfume,9.42,1,0.0,9.42,Email
O508442,2025-11-26,C100037,Centro,2025-07-28,Deportes,Guantes gym,11.66,1,0.0,11.66,Redes sociales
O513961,2025-11-26,C100119,Este,2025-10-09,Deportes,Mancuernas ajustables,41.15,2,0.0,82.3,Orgánico
O513326,2025-11-26,C100270,Centro,2025-05-11,Hogar,Organizador closet,16.5,2,0.0,33.0,Orgánico
O504781,2025-11-26,C102745,Norte,2025-08-19,Belleza,Serum facial,22.15,1,0.0,22.15,Email
O503469,2025-11-26,C101829,Norte,2025-02-15,Moda,Jeans slim,24.68,2,0.15,49.36,Orgánico
O508643,2025-11-26,C100792,Norte,2025-06-01,Belleza,Protector solar,10.84,1,0.0,10.84,Orgánico
O513528,2025-11-26,C102775,Centro,2025-08-17,Deportes,Mancuernas ajustables,32.92,1,0.2,32.92,Orgánico
O510230,2025-11-26,C102901,Este,2025-03-24,Belleza,Protector solar,10.84,1,0.0,10.84,Pauta pagada
O515111,2025-11-26,C100726,Oeste,2025-02-04,Deportes,Yoga mat,39.18,2,0.15,78.36,Directo
O508036,2025-11-26,C101855,Centro,2025-04-11,Hogar,Organizador closet,16.5,2,0.0,33.0,Directo
O509871,2025-11-26,C101483,Oeste,2025-11-12,Deportes,Botella térmica,17.07,3,0.0,51.21,Redes sociales
O503353,2025-11-26,C101074,Centro,2025-11-13,Deportes,Botella térmica,17.07,1,0.0,17.07,Orgánico
O513566,2025-11-26,C101481,Oeste,2025-11-26,Deportes,Guantes gym,11.66,1,0.0,11.66,Orgánico
O508010,2025-11-26,C101151,Sur,2025-03-30,Moda,Tenis running,28.91,1,0.0,28.91,Pauta pagada
O509970,2025-11-26,C102799,Oeste,2025-09-16,Moda,Tenis running,26.02,1,0.1,26.02,Pauta pagada
O504435,2025-11-26,C102229,Centro,2025-02-19,Belleza,Protector solar,10.84,1,0.0,10.84,Email
O501998,2025-11-26,C100479,Este,2025-08-29,Deportes,Yoga mat,39.18,2,0.15,78.36,Redes sociales
O505859,2025-11-26,C102628,Este,2025-11-14,Belleza,Set de brochas,17.05,3,0.0,51.15,Pauta pagada
O510566,2025-11-26,C101082,Norte,2025-06-05,Electrónica,Cargador rápido,42.81,1,0.0,42.81,Orgánico
O500403,2025-11-26,C100591,Centro,2025-08-28,Electrónica,Smartwatch,79.35,2,0.1,158.7,Redes sociales
O516021,2025-11-26,C101774,Centro,2025-01-27,Hogar,Organizador closet,16.5,1,0.0,16.5,Email
O512989,2025-11-26,C102885,Este,2025-01-06,Belleza,Protector solar,9.21,1,0.15,9.21,Directo
O505741,2025-11-26,C101835,Centro,2025-08-28,Electrónica,Cargador rápido,42.81,3,0.0,128.43,Pauta pagada
O501207,2025-11-26,C102748,Centro,2025-06-08,Belleza,Protector solar,10.84,2,0.0,21.68,Redes sociales
O502965,2025-11-26,C103222,Oeste,2025-09-26,Deportes,Guantes gym,10.49,3,0.1,31.47,Directo
O510767,2025-11-26,C101230,Oeste,2025-02-25,Hogar,Cortina blackout,29.37,1,0.0,29.37,Pauta pagada
O502795,2025-11-26,C100093,Este,2025-07-07,Belleza,Shampoo reparador,10.68,2,0.0,21.36,Email
O502927,2025-11-26,C100907,Oeste,2025-11-07,Belleza,Protector solar,9.76,2,0.1,19.52,Pauta pagada
O511467,2025-11-26,C103039,Sur,2025-03-09,Electrónica,Smartwatch,88.17,2,0.0,176.34,Redes sociales
O506636,2025-11-26,C102983,Norte,2025-01-02,Moda,Jeans slim,29.04,1,0.0,29.04,Orgánico
O502691,2025-11-26,C100984,Este,2025-08-21,Deportes,Banda resistencia,35.09,1,0.0,35.09,Orgánico
O511472,2025-11-26,C100403,Centro,2025-10-21,Hogar,Lámpara LED,58.38,1,0.0,58.38,Redes sociales
O511061,2025-11-26,C102994,Oeste,2025-09-24,Electrónica,Smartwatch,88.17,1,0.0,88.17,Redes sociales
O512175,2025-11-26,C100456,Sur,2025-01-03,Belleza,Perfume,9.42,1,0.0,9.42,Redes sociales
O512083,2025-11-26,C101723,Centro,2025-05-05,Hogar,Organizador closet,16.5,3,0.0,49.5,Orgánico
O502736,2025-11-26,C100797,Sur,2025-08-08,Moda,Mochila urbana,19.25,2,0.0,38.5,Directo
O512284,2025-11-26,C101228,Centro,2025-03-26,Hogar,Difusor aromas,51.63,1,0.0,51.63,Directo
O510605,2025-11-26,C101835,Centro,2025-08-28,Hogar,Set de sábanas,28.34,1,0.15,28.34,Orgánico
O502438,2025-11-26,C100597,Centro,2025-01-19,Hogar,Organizador closet,14.85,1,0.1,14.85,Orgánico
O505122,2025-11-26,C103089,Sur,2025-11-13,Belleza,Perfume,9.42,1,0.0,9.42,Pauta pagada
O501021,2025-11-26,C102765,Norte,2025-06-17,Electrónica,Parlante portátil,32.04,3,0.0,96.12,Orgánico
O502432,2025-11-26,C103277,Este,2025-02-02,Moda,Jeans slim,24.68,3,0.15,74.04,Redes sociales
O504773,2025-11-27,C103402,Centro,2025-05-30,Hogar,Set de sábanas,33.34,3,0.0,100.02,Pauta pagada
O507249,2025-11-27,C103435,Este,2025-02-26,Deportes,Mancuernas ajustables,41.15,1,0.0,41.15,Orgánico
O506886,2025-11-27,C101622,Centro,2025-08-09,Deportes,Yoga mat,46.1,1,0.0,46.1,Directo
O506301,2025-11-27,C102745,Norte,2025-08-19,Belleza,Set de brochas,17.05,1,0.0,17.05,Orgánico
O500728,2025-11-27,C101754,Norte,2025-10-19,Electrónica,Cargador rápido,38.53,1,0.1,38.53,Pauta pagada
O513489,2025-11-27,C101349,Norte,2025-09-16,Electrónica,Power bank,71.86,1,0.0,71.86,Directo
O508968,2025-11-27,C100159,Norte,2025-01-06,Electrónica,Smartwatch,88.17,1,0.0,88.17,Orgánico
O515296,2025-11-27,C101433,Oeste,2025-10-18,Hogar,Difusor aromas,51.63,2,0.0,103.26,Redes sociales
O509111,2025-11-27,C101813,Oeste,2025-09-20,Belleza,Shampoo reparador,10.68,1,0.0,10.68,Pauta pagada
O512718,2025-11-27,C101355,Este,2025-11-21,Moda,Jeans slim,29.04,2,0.0,58.08,Orgánico
O513434,2025-11-27,C102275,Sur,2025-04-29,Deportes,Mancuernas ajustables,41.15,1,0.0,41.15,Email
O503993,2025-11-27,C103039,Sur,2025-03-09,Moda,Tenis running,24.57,2,0.15,49.14,Orgánico
O516321,2025-11-27,C101441,Centro,2025-11-21,Deportes,Mancuernas ajustables,41.15,1,0.0,41.15,Orgánico
O508375,2025-11-27,C102603,Centro,2025-02-02,Hogar,Difusor aromas,46.47,3,0.1,139.41,Directo
O511107,2025-11-27,C100151,Centro,2025-10-11,Belleza,Shampoo reparador,10.68,1,0.0,10.68,Redes sociales
O510845,2025-11-27,C101649,Este,2025-05-04,Hogar,Cortina blackout,23.5,2,0.2,47.0,Pauta pagada
O513384,2025-11-27,C103197,Este,2025-07-25,Hogar,Lámpara LED,58.38,1,0.0,58.38,Orgánico
O511877,2025-11-27,C100843,Norte,2025-05-24,Moda,Jeans slim,29.04,2,0.0,58.08,Directo
O511388,2025-11-27,C101098,Centro,2025-09-26,Deportes,Banda resistencia,35.09,1,0.0,35.09,Directo
O512458,2025-11-27,C101355,Este,2025-11-21,Deportes,Mancuernas ajustables,37.03,1,0.1,37.03,Orgánico
O513367,2025-11-27,C101864,Este,2025-09-28,Deportes,Yoga mat,46.1,2,0.0,92.2,Redes sociales
O511380,2025-11-27,C100045,Este,2025-07-10,Deportes,Yoga mat,46.1,1,0.0,46.1,Directo
O505838,2025-11-27,C103156,Centro,2025-05-10,Belleza,Perfume,7.54,2,0.2,15.08,Orgánico
O502850,2025-11-27,C103405,Centro,2025-06-25,Electrónica,Smartwatch,88.17,2,0.0,176.34,Orgánico
O504099,2025-11-27,C100801,Este,2025-05-14,Deportes,Mancuernas ajustables,41.15,2,0.0,82.3,Email
O507271,2025-11-27,C102157,Oeste,2025-09-17,Electrónica,Smartwatch,79.35,3,0.1,238.05,Redes sociales
O501174,2025-11-27,C103125,Norte,2025-07-04,Electrónica,Cargador rápido,42.81,3,0.0,128.43,Orgánico
O510554,2025-11-27,C101887,Norte,2025-01-09,Electrónica,Audífonos BT,62.09,1,0.15,62.09,Email
O513072,2025-11-27,C100871,Norte,2025-01-31,Belleza,Protector solar,10.84,3,0.0,32.52,Redes sociales
O508667,2025-11-27,C100540,Norte,2025-02-04,Belleza,Protector solar,10.84,3,0.0,32.52,Redes sociales
O503227,2025-11-27,C101837,Centro,2025-08-30,Electrónica,Smartwatch,70.54,1,0.2,70.54,Redes sociales
O513951,2025-11-27,C101006,Norte,2025-03-23,Deportes,Guantes gym,9.91,1,0.15,9.91,Redes sociales
O514629,2025-11-27,C102970,Sur,2025-09-13,Moda,Tenis running,26.02,3,0.1,78.06,Pauta pagada
O501821,2025-11-27,C100336,Este,2025-09-09,Hogar,Organizador closet,16.5,2,0.0,33.0,Orgánico
O511029,2025-11-27,C100734,Sur,2025-08-03,Deportes,Botella térmica,17.07,1,0.0,17.07,Orgánico
O507775,2025-11-27,C102576,Centro,2025-05-13,Electrónica,Cargador rápido,42.81,1,0.0,42.81,Orgánico
O515091,2025-11-27,C103058,Sur,2025-01-09,Deportes,Banda resistencia,35.09,1,0.0,35.09,Directo
O503560,2025-11-27,C103390,Norte,2025-09-21,Moda,Gorra,39.58,3,0.0,118.74,Orgánico
O515094,2025-11-27,C103364,Oeste,2025-10-02,Hogar,Difusor aromas,51.63,1,0.0,51.63,Pauta pagada
O506029,2025-11-27,C101070,Este,2025-02-11,Deportes,Guantes gym,11.66,2,0.0,23.32,Pauta pagada
O507027,2025-11-27,C100646,Oeste,2025-07-05,Deportes,Yoga mat,39.18,2,0.15,78.36,Directo
O501906,2025-11-27,C103089,Sur,2025-11-13,Deportes,Banda resistencia,35.09,1,0.0,35.09,Redes sociales
O504497,2025-11-27,C102535,Sur,2025-02-12,Belleza,Protector solar,10.84,1,0.0,10.84,Orgánico
O507850,2025-11-27,C100939,Norte,2025-01-03,Electrónica,Power bank,57.49,3,0.2,172.47,Email
O507835,2025-11-27,C101511,Este,2025-05-30,Electrónica,Audífonos BT,73.05,3,0.0,219.15,Orgánico
O513890,2025-11-27,C102370,Sur,2025-11-06,Deportes,Guantes gym,9.91,1,0.15,9.91,Redes sociales
O502756,2025-11-27,C102395,Centro,2025-01-02,Deportes,Banda resistencia,35.09,1,0.0,35.09,Orgánico
O514413,2025-11-27,C101619,Norte,2025-10-09,Moda,Gorra,35.62,1,0.1,35.62,Email
O514902,2025-11-27,C102074,Sur,2025-09-30,Hogar,Set de sábanas,28.34,1,0.15,28.34,Orgánico
O506020,2025-11-27,C101823,Norte,2025-05-05,Electrónica,Power bank,71.86,2,0.0,143.72,Directo
O505424,2025-11-27,C102985,Este,2025-07-28,Electrónica,Smartwatch,79.35,1,0.1,79.35,Redes sociales
O500430,2025-11-27,C101221,Norte,2025-09-12,Deportes,Guantes gym,10.49,1,0.1,10.49,Redes sociales
O506476,2025-11-27,C100762,Norte,2025-03-31,Electrónica,Smartwatch,88.17,1,0.0,88.17,Directo
O505979,2025-11-27,C102126,Sur,2025-11-08,Deportes,Banda resistencia,35.09,3,0.0,105.27,Orgánico
O511495,2025-11-27,C101325,Centro,2025-04-27,Belleza,Set de brochas,17.05,1,0.0,17.05,Email
O510115,2025-11-27,C100227,Centro,2025-01-07,Deportes,Guantes gym,11.66,2,0.0,23.32,Redes sociales
O504555,2025-11-27,C100518,Norte,2025-02-21,Belleza,Serum facial,22.15,2,0.0,44.3,Redes sociales
O515757,2025-11-27,C100814,Este,2025-10-02,Hogar,Organizador closet,16.5,1,0.0,16.5,Orgánico
O515769,2025-11-27,C101336,Centro,2025-10-28,Belleza,Set de brochas,17.05,3,0.0,51.15,Directo
O506647,2025-11-27,C102427,Centro,2025-11-17,Moda,Jeans slim,29.04,1,0.0,29.04,Orgánico
O502725,2025-11-27,C100797,Sur,2025-08-08,Deportes,Yoga mat,46.1,2,0.0,92.2,Orgánico
O514436,2025-11-27,C100758,Oeste,2025-09-25,Belleza,Serum facial,22.15,1,0.0,22.15,Redes sociales
O502586,2025-11-27,C102653,Sur,2025-08-14,Electrónica,Smartwatch,70.54,1,0.2,70.54,Email
O515041,2025-11-27,C100018,Norte,2025-08-12,Deportes,Botella térmica,14.51,3,0.15,43.53,Redes sociales
O510027,2025-11-28,C103048,Centro,2025-07-16,Belleza,Shampoo reparador,10.68,1,0.0,10.68,Redes sociales
O511257,2025-11-28,C100492,Este,2025-08-20,Deportes,Guantes gym,11.66,1,0.0,11.66,Redes sociales
O511231,2025-11-28,C101486,Sur,2025-07-03,Electrónica,Power bank,71.86,2,0.0,143.72,Orgánico
O509721,2025-11-28,C100297,Este,2025-08-04,Hogar,Cortina blackout,29.37,1,0.0,29.37,Redes sociales
O512530,2025-11-28,C101341,Sur,2025-05-07,Electrónica,Smartwatch,88.17,1,0.0,88.17,Redes sociales
O501940,2025-11-28,C103317,Norte,2025-02-26,Deportes,Mancuernas ajustables,34.98,3,0.15,104.94,Directo
O500746,2025-11-28,C101940,Sur,2025-05-13,Deportes,Botella térmica,17.07,1,0.0,17.07,Directo
O501114,2025-11-28,C102142,Este,2025-08-14,Deportes,Mancuernas ajustables,41.15,3,0.0,123.45,Redes sociales
O505903,2025-11-28,C101387,Norte,2025-08-15,Electrónica,Power bank,64.67,3,0.1,194.01,Email
O504911,2025-11-28,C100061,Este,2025-09-03,Deportes,Yoga mat,46.1,3,0.0,138.3,Redes sociales
O507073,2025-11-28,C100749,Oeste,2025-07-07,Hogar,Lámpara LED,52.54,3,0.1,157.62,Orgánico
O501985,2025-11-28,C102149,Centro,2025-09-26,Hogar,Lámpara LED,58.38,1,0.0,58.38,Directo
O510878,2025-11-28,C103371,Este,2025-03-23,Hogar,Cortina blackout,26.43,2,0.1,52.86,Pauta pagada
O514125,2025-11-28,C102494,Este,2025-03-14,Hogar,Lámpara LED,58.38,1,0.0,58.38,Email
O502195,2025-11-28,C103119,Oeste,2025-02-13,Moda,Gorra,31.66,1,0.2,31.66,Email
O502604,2025-11-28,C102823,Este,2025-10-13,Deportes,Yoga mat,36.88,1,0.2,36.88,Redes sociales
O505470,2025-11-28,C102329,Centro,2025-07-27,Belleza,Serum facial,17.72,1,0.2,17.72,Pauta pagada
O509805,2025-11-28,C103130,Este,2025-10-31,Electrónica,Parlante portátil,32.04,2,0.0,64.08,Orgánico
O514418,2025-11-28,C100847,Sur,2025-10-03,Deportes,Banda resistencia,31.58,2,0.1,63.16,Orgánico
O500697,2025-11-28,C100935,Norte,2025-04-23,Hogar,Cortina blackout,29.37,3,0.0,88.11,Directo
O509562,2025-11-28,C103003,Sur,2025-05-16,Deportes,Botella térmica,17.07,1,0.0,17.07,Email
O515042,2025-11-28,C102390,Este,2025-03-29,Electrónica,Cargador rápido,38.53,1,0.1,38.53,Orgánico
O507045,2025-11-28,C102370,Sur,2025-11-06,Electrónica,Parlante portátil,28.84,1,0.1,28.84,Orgánico
O510140,2025-11-28,C103255,Sur,2025-11-21,Moda,Gorra,39.58,2,0.0,79.16,Pauta pagada
O514441,2025-11-28,C102385,Centro,2025-01-10,Belleza,Set de brochas,15.34,1,0.1,15.34,Pauta pagada
O502970,2025-11-28,C101710,Centro,2025-11-03,Belleza,Shampoo reparador,10.68,1,0.0,10.68,Directo
O510291,2025-11-28,C100542,Este,2025-09-21,Hogar,Cortina blackout,24.96,2,0.15,49.92,Orgánico
O504328,2025-11-28,C100810,Centro,2025-10-09,Hogar,Organizador closet,16.5,2,0.0,33.0,Pauta pagada
O503148,2025-11-28,C100148,Sur,2025-04-13,Electrónica,Parlante portátil,32.04,3,0.0,96.12,Pauta pagada
O505603,2025-11-28,C102660,Norte,2025-02-10,Deportes,Botella térmica,14.51,2,0.15,29.02,Redes sociales
O515628,2025-11-28,C102976,Centro,2025-07-31,Belleza,Serum facial,22.15,1,0.0,22.15,Directo
O500441,2025-11-28,C101632,Centro,2025-03-06,Deportes,Yoga mat,39.18,3,0.15,117.54,Email
O502469,2025-11-28,C102031,Centro,2025-05-09,Moda,Jeans slim,29.04,1,0.0,29.04,Directo
O502334,2025-11-28,C100437,Sur,2025-08-05,Electrónica,Audífonos BT,73.05,2,0.0,146.1,Orgánico
O507997,2025-11-28,C100869,Sur,2025-06-30,Hogar,Cortina blackout,29.37,2,0.0,58.74,Email
O510607,2025-11-28,C102241,Oeste,2025-04-07,Hogar,Cortina blackout,29.37,1,0.0,29.37,Directo
O513589,2025-11-28,C103419,Centro,2025-03-21,Electrónica,Audífonos BT,73.05,1,0.0,73.05,Pauta pagada
O516393,2025-11-28,C100353,Norte,2025-02-19,Electrónica,Cargador rápido,42.81,1,0.0,42.81,Orgánico
O513609,2025-11-28,C102945,Centro,2025-03-06,Deportes,Guantes gym,11.66,1,0.0,11.66,Orgánico
O503114,2025-11-28,C102634,Sur,2025-05-10,Belleza,Serum facial,22.15,1,0.0,22.15,Email
O507492,2025-11-28,C103263,Sur,2025-02-21,Electrónica,Smartwatch,79.35,2,0.1,158.7,Orgánico
O505627,2025-11-28,C103146,Centro,2025-06-15,Electrónica,Audífonos BT,73.05,2,0.0,146.1,Orgánico
O501351,2025-11-28,C101419,Este,2025-09-22,Hogar,Difusor aromas,51.63,2,0.0,103.26,Redes sociales
O504698,2025-11-28,C100704,Centro,2025-10-14,Electrónica,Parlante portátil,32.04,1,0.0,32.04,Orgánico
O504600,2025-11-28,C101838,Centro,2025-04-22,Electrónica,Smartwatch,74.94,1,0.15,74.94,Redes sociales
O511666,2025-11-28,C102413,Centro,2025-07-01,Hogar,Cortina blackout,26.43,3,0.1,79.29,Pauta pagada
O507575,2025-11-28,C102467,Oeste,2025-09-09,Deportes,Guantes gym,11.66,1,0.0,11.66,Directo
O502388,2025-11-28,C102720,Centro,2025-08-12,Belleza,Perfume,9.42,1,0.0,9.42,Orgánico
O511825,2025-11-28,C100582,Norte,2025-06-15,Belleza,Set de brochas,14.49,1,0.15,14.49,Email
O516382,2025-11-28,C102579,Este,2025-02-16,Hogar,Difusor aromas,51.63,3,0.0,154.89,Redes sociales
O513506,2025-11-28,C102120,Norte,2025-01-17,Deportes,Banda resistencia,35.09,2,0.0,70.18,Redes sociales
O503443,2025-11-28,C102952,Este,2025-10-08,Deportes,Mancuernas ajustables,34.98,1,0.15,34.98,Directo
O508417,2025-11-28,C101490,Sur,2025-06-07,Belleza,Perfume,9.42,1,0.0,9.42,Pauta pagada
O508353,2025-11-28,C100531,Oeste,2025-08-21,Moda,Gorra,39.58,1,0.0,39.58,Redes sociales
O510087,2025-11-28,C102412,Norte,2025-02-24,Hogar,Set de sábanas,33.34,2,0.0,66.68,Pauta pagada
O507211,2025-11-28,C102197,Este,2025-08-24,Deportes,Yoga mat,46.1,3,0.0,138.3,Orgánico
O511955,2025-11-28,C100901,Oeste,2025-07-04,Belleza,Perfume,9.42,2,0.0,18.84,Pauta pagada
O500514,2025-11-28,C101413,Norte,2025-07-22,Deportes,Mancuernas ajustables,41.15,3,0.0,123.45,Redes sociales
O501041,2025-11-28,C103355,Centro,2025-02-19,Moda,Camiseta básica,37.12,3,0.0,111.36,Directo
O504862,2025-11-28,C103428,Sur,2025-07-16,Electrónica,Power bank,61.08,2,0.15,122.16,Redes sociales
O508599,2025-11-28,C101070,Este,2025-02-11,Hogar,Set de sábanas,28.34,2,0.15,56.68,Email
O500565,2025-11-28,C103474,Norte,2025-01-04,Deportes,Guantes gym,11.66,1,0.0,11.66,Pauta pagada
O506613,2025-11-28,C101408,Norte,2025-11-03,Deportes,Botella térmica,15.36,3,0.1,46.08,Directo
O511549,2025-11-29,C102241,Oeste,2025-04-07,Deportes,Banda resistencia,35.09,1,0.0,35.09,Directo
O511553,2025-11-29,C101748,Centro,2025-04-13,Moda,Gorra,39.58,1,0.0,39.58,Redes sociales
O507878,2025-11-29,C100246,Norte,2025-02-13,Electrónica,Cargador rápido,42.81,1,0.0,42.81,Email
O501685,2025-11-29,C101462,Centro,2025-11-18,Deportes,Mancuernas ajustables,41.15,2,0.0,82.3,Pauta pagada
O504968,2025-11-29,C103111,Oeste,2025-09-29,Moda,Jeans slim,29.04,1,0.0,29.04,Redes sociales
O507129,2025-11-29,C101627,Norte,2025-11-24,Moda,Mochila urbana,16.36,3,0.15,49.08,Orgánico
O513682,2025-11-29,C102331,Norte,2025-06-18,Deportes,Botella térmica,17.07,2,0.0,34.14,Directo
O509593,2025-11-29,C102915,Este,2025-05-27,Moda,Camiseta básica,33.41,1,0.1,33.41,Redes sociales
O515398,2025-11-29,C102771,Centro,2025-02-17,Belleza,Serum facial,19.93,1,0.1,19.93,Email
O507740,2025-11-29,C101467,Norte,2025-05-19,Electrónica,Audífonos BT,73.05,1,0.0,73.05,Redes sociales
O500275,2025-11-29,C102041,Este,2025-04-28,Belleza,Serum facial,22.15,2,0.0,44.3,Redes sociales
O515923,2025-11-29,C101241,Norte,2025-06-28,Belleza,Protector solar,10.84,1,0.0,10.84,Orgánico
O501710,2025-11-29,C103213,Centro,2025-01-19,Hogar,Set de sábanas,33.34,2,0.0,66.68,Directo
O514240,2025-11-29,C100683,Este,2025-08-25,Moda,Tenis running,28.91,2,0.0,57.82,Redes sociales
O510944,2025-11-29,C100608,Sur,2025-09-02,Electrónica,Power bank,71.86,1,0.0,71.86,Pauta pagada
O508876,2025-11-29,C102688,Centro,2025-11-26,Deportes,Guantes gym,11.66,1,0.0,11.66,Directo
O501290,2025-11-29,C101405,Oeste,2025-03-26,Moda,Tenis running,28.91,1,0.0,28.91,Pauta pagada
O508325,2025-11-29,C101899,Centro,2025-11-08,Belleza,Shampoo reparador,10.68,1,0.0,10.68,Orgánico
O507120,2025-11-29,C100475,Norte,2025-02-12,Deportes,Mancuernas ajustables,34.98,3,0.15,104.94,Orgánico
O513027,2025-11-29,C102600,Oeste,2025-03-13,Electrónica,Smartwatch,74.94,2,0.15,149.88,Directo
O513450,2025-11-29,C103035,Norte,2025-06-20,Moda,Gorra,39.58,2,0.0,79.16,Pauta pagada
O509103,2025-11-29,C100532,Sur,2025-02-14,Hogar,Cortina blackout,29.37,2,0.0,58.74,Orgánico
O502499,2025-11-29,C100573,Oeste,2025-08-26,Deportes,Yoga mat,46.1,2,0.0,92.2,Orgánico
O515940,2025-11-29,C102463,Este,2025-07-09,Belleza,Protector solar,10.84,3,0.0,32.52,Orgánico
O506455,2025-11-29,C102320,Este,2025-10-20,Hogar,Difusor aromas,51.63,2,0.0,103.26,Orgánico
O514590,2025-11-29,C100746,Centro,2025-07-12,Moda,Camiseta básica,37.12,3,0.0,111.36,Orgánico
O500471,2025-11-29,C101439,Sur,2025-02-04,Hogar,Difusor aromas,51.63,1,0.0,51.63,Directo
O502657,2025-11-29,C102632,Norte,2025-07-25,Belleza,Set de brochas,17.05,1,0.0,17.05,Pauta pagada
O500338,2025-11-29,C103421,Centro,2025-02-04,Moda,Camiseta básica,37.12,2,0.0,74.24,Pauta pagada
O501695,2025-11-29,C103045,Sur,2025-10-18,Electrónica,Parlante portátil,32.04,3,0.0,96.12,Directo
O501523,2025-11-29,C102714,Centro,2025-09-25,Moda,Gorra,39.58,1,0.0,39.58,Orgánico
O509282,2025-11-29,C100555,Centro,2025-10-13,Moda,Camiseta básica,33.41,1,0.1,33.41,Directo
O511486,2025-11-29,C101878,Centro,2025-01-24,Moda,Camiseta básica,31.55,3,0.15,94.65,Orgánico
O515974,2025-11-29,C100382,Centro,2025-06-08,Belleza,Perfume,9.42,1,0.0,9.42,Redes sociales
O508980,2025-11-29,C101378,Este,2025-05-22,Electrónica,Cargador rápido,42.81,1,0.0,42.81,Orgánico
O511093,2025-11-29,C101104,Centro,2025-03-22,Moda,Camiseta básica,37.12,1,0.0,37.12,Directo
O508110,2025-11-29,C103164,Centro,2025-08-07,Electrónica,Power bank,71.86,3,0.0,215.58,Directo
O504009,2025-11-29,C100439,Sur,2025-10-13,Electrónica,Audífonos BT,73.05,2,0.0,146.1,Pauta pagada
O506356,2025-11-29,C101809,Norte,2025-05-28,Moda,Mochila urbana,19.25,1,0.0,19.25,Redes sociales
O505594,2025-11-29,C101431,Norte,2025-01-05,Moda,Jeans slim,24.68,3,0.15,74.04,Redes sociales
O502286,2025-11-29,C101603,Centro,2025-02-28,Electrónica,Power bank,61.08,2,0.15,122.16,Email
O512303,2025-11-29,C103006,Oeste,2025-03-05,Moda,Tenis running,28.91,1,0.0,28.91,Directo
O512155,2025-11-29,C103177,Oeste,2025-11-19,Moda,Jeans slim,29.04,2,0.0,58.08,Directo
O502119,2025-11-29,C101238,Oeste,2025-02-10,Hogar,Cortina blackout,29.37,2,0.0,58.74,Redes sociales
O501186,2025-11-29,C101561,Sur,2025-08-27,Hogar,Set de sábanas,33.34,1,0.0,33.34,Orgánico
O514799,2025-11-29,C102571,Sur,2025-10-30,Belleza,Set de brochas,17.05,1,0.0,17.05,Redes sociales
O506609,2025-11-29,C101181,Oeste,2025-03-09,Belleza,Set de brochas,17.05,3,0.0,51.15,Orgánico
O503097,2025-11-29,C102829,Norte,2025-06-13,Electrónica,Smartwatch,88.17,3,0.0,264.51,Orgánico
O510037,2025-11-29,C102680,Centro,2025-03-05,Hogar,Organizador closet,16.5,3,0.0,49.5,Pauta pagada
O503146,2025-11-29,C100817,Centro,2025-08-22,Deportes,Yoga mat,39.18,1,0.15,39.18,Orgánico
O510739,2025-11-29,C103344,Norte,2025-04-01,Electrónica,Parlante portátil,32.04,1,0.0,32.04,Directo
O510674,2025-11-29,C101709,Centro,2025-03-10,Electrónica,Smartwatch,74.94,1,0.15,74.94,Directo
O502873,2025-11-29,C101824,Este,2025-09-12,Electrónica,Power bank,61.08,2,0.15,122.16,Pauta pagada
O511087,2025-11-30,C102896,Sur,2025-08-23,Electrónica,Power bank,71.86,1,0.0,71.86,Orgánico
O501029,2025-11-30,C100339,Centro,2025-11-04,Belleza,Protector solar,9.21,1,0.15,9.21,Directo
O512306,2025-11-30,C103121,Norte,2025-03-28,Moda,Mochila urbana,15.4,1,0.2,15.4,Orgánico
O515746,2025-11-30,C102838,Centro,2025-03-26,Deportes,Guantes gym,11.66,1,0.0,11.66,Directo
O500114,2025-11-30,C100137,Norte,2025-10-31,Deportes,Botella térmica,17.07,1,0.0,17.07,Directo
O516206,2025-11-30,C100255,Norte,2025-06-15,Electrónica,Cargador rápido,42.81,1,0.0,42.81,Pauta pagada
O510829,2025-11-30,C103077,Sur,2025-03-18,Moda,Mochila urbana,15.4,1,0.2,15.4,Redes sociales
O503974,2025-11-30,C103396,Centro,2025-08-23,Belleza,Perfume,9.42,1,0.0,9.42,Pauta pagada
O504754,2025-11-30,C102527,Norte,2025-11-26,Belleza,Shampoo reparador,10.68,2,0.0,21.36,Directo
O514576,2025-11-30,C101023,Oeste,2025-09-04,Electrónica,Parlante portátil,32.04,1,0.0,32.04,Directo
O508871,2025-11-30,C103300,Norte,2025-06-10,Deportes,Mancuernas ajustables,41.15,1,0.0,41.15,Redes sociales
O514691,2025-11-30,C102584,Centro,2025-05-22,Hogar,Cortina blackout,29.37,1,0.0,29.37,Email
O501370,2025-11-30,C102156,Sur,2025-05-16,Deportes,Yoga mat,46.1,2,0.0,92.2,Orgánico
O507381,2025-11-30,C100631,Centro,2025-11-07,Moda,Camiseta básica,37.12,1,0.0,37.12,Redes sociales
O502714,2025-11-30,C100601,Norte,2025-10-20,Deportes,Botella térmica,17.07,2,0.0,34.14,Directo
O500132,2025-11-30,C102788,Norte,2025-04-14,Belleza,Set de brochas,17.05,2,0.0,34.1,Redes sociales
O514651,2025-11-30,C102275,Sur,2025-04-29,Hogar,Set de sábanas,30.01,1,0.1,30.01,Pauta pagada
O514543,2025-11-30,C103380,Centro,2025-06-19,Belleza,Protector solar,10.84,2,0.0,21.68,Orgánico
O511712,2025-11-30,C101664,Sur,2025-04-30,Electrónica,Parlante portátil,32.04,2,0.0,64.08,Pauta pagada
O511251,2025-11-30,C103087,Este,2025-01-19,Belleza,Serum facial,22.15,1,0.0,22.15,Orgánico
O510048,2025-11-30,C101969,Centro,2025-03-12,Hogar,Lámpara LED,58.38,1,0.0,58.38,Redes sociales
O510917,2025-11-30,C101580,Centro,2025-05-10,Belleza,Serum facial,22.15,2,0.0,44.3,Redes sociales
O502819,2025-11-30,C102066,Norte,2025-02-01,Moda,Camiseta básica,31.55,2,0.15,63.1,Orgánico
O502371,2025-11-30,C102634,Sur,2025-05-10,Deportes,Botella térmica,17.07,1,0.0,17.07,Redes sociales
O504529,2025-11-30,C101451,Este,2025-03-07,Belleza,Serum facial,18.83,1,0.15,18.83,Redes sociales
O501274,2025-11-30,C100806,Centro,2025-06-14,Electrónica,Audífonos BT,65.74,1,0.1,65.74,Redes sociales
O515099,2025-11-30,C103139,Norte,2025-09-05,Deportes,Yoga mat,46.1,1,0.0,46.1,Directo
O513141,2025-11-30,C102833,Norte,2025-03-29,Electrónica,Cargador rápido,42.81,2,0.0,85.62,Redes sociales
O500802,2025-11-30,C103112,Norte,2025-01-17,Hogar,Difusor aromas,46.47,2,0.1,92.94,Email
O502468,2025-11-30,C100218,Norte,2025-03-08,Electrónica,Smartwatch,88.17,1,0.0,88.17,Orgánico
O506367,2025-11-30,C102198,Norte,2025-10-12,Belleza,Serum facial,22.15,2,0.0,44.3,Orgánico
O506146,2025-11-30,C103312,Este,2025-06-03,Hogar,Difusor aromas,51.63,1,0.0,51.63,Redes sociales
O505309,2025-11-30,C101052,Oeste,2025-09-13,Hogar,Cortina blackout,29.37,1,0.0,29.37,Orgánico
O513601,2025-11-30,C100497,Sur,2025-04-25,Electrónica,Cargador rápido,42.81,3,0.0,128.43,Orgánico
O501614,2025-11-30,C102550,Sur,2025-10-17,Electrónica,Audífonos BT,73.05,2,0.0,146.1,Directo
O507438,2025-11-30,C100082,Norte,2025-04-24,Electrónica,Cargador rápido,42.81,2,0.0,85.62,Redes sociales
O506461,2025-11-30,C102412,Norte,2025-02-24,Belleza,Set de brochas,17.05,1,0.0,17.05,Pauta pagada
O515268,2025-11-30,C101186,Este,2025-06-05,Deportes,Yoga mat,46.1,2,0.0,92.2,Orgánico
O513734,2025-11-30,C100778,Centro,2025-07-26,Moda,Jeans slim,23.23,3,0.2,69.69,Directo
O501072,2025-11-30,C102201,Oeste,2025-11-21,Moda,Mochila urbana,19.25,1,0.0,19.25,Redes sociales
O510975,2025-11-30,C101349,Norte,2025-09-16,Electrónica,Cargador rápido,34.25,2,0.2,68.5,Orgánico
O504561,2025-11-30,C100998,Sur,2025-04-29,Hogar,Organizador closet,16.5,2,0.0,33.0,Pauta pagada
O513711,2025-11-30,C100900,Sur,2025-05-16,Hogar,Cortina blackout,29.37,1,0.0,29.37,Email
O500807,2025-11-30,C101378,Este,2025-05-22,Deportes,Guantes gym,11.66,1,0.0,11.66,Orgánico
O503672,2025-11-30,C102614,Este,2025-02-01,Electrónica,Smartwatch,88.17,2,0.0,176.34,Pauta pagada
O510722,2025-11-30,C103157,Norte,2025-08-21,Belleza,Set de brochas,17.05,1,0.0,17.05,Orgánico
O515755,2025-11-30,C102779,Este,2025-11-23,Belleza,Protector solar,10.84,2,0.0,21.68,Redes sociales
O507374,2025-11-30,C102693,Oeste,2025-03-10,Electrónica,Cargador rápido,36.39,2,0.15,72.78,Email
O500265,2025-11-30,C100861,Norte,2025-03-26,Hogar,Organizador closet,16.5,1,0.0,16.5,Directo
O506397,2025-11-30,C101597,Oeste,2025-07-17,Belleza,Perfume,9.42,1,0.0,9.42,Orgánico
O511592,2025-11-30,C100654,Oeste,2025-06-17,Hogar,Difusor aromas,41.3,2,0.2,82.6,Pauta pagada
O507756,2025-11-30,C103250,Norte,2025-01-23,Belleza,Shampoo reparador,9.61,2,0.1,19.22,Orgánico
O512460,2025-11-30,C100989,Este,2025-01-15,Deportes,Botella térmica,17.07,1,0.0,17.07,Pauta pagada
O507038,2025-11-30,C103216,Centro,2025-07-16,Moda,Jeans slim,29.04,2,0.0,58.08,Directo
O508364,2025-11-30,C101462,Centro,2025-11-18,Deportes,Yoga mat,41.49,1,0.1,41.49,Orgánico
O509064,2025-11-30,C103306,Sur,2025-09-15,Belleza,Set de brochas,17.05,2,0.0,34.1,Pauta pagada
O516169,2025-11-30,C101552,Centro,2025-06-15,Moda,Mochila urbana,19.25,1,0.0,19.25,Redes sociales
O513853,2025-12-01,C102556,Centro,2025-04-16,Electrónica,Audífonos BT,58.44,1,0.2,58.44,Email
O500147,2025-12-01,C101956,Oeste,2025-02-19,Deportes,Botella térmica,17.07,1,0.0,17.07,Orgánico
O504610,2025-12-01,C103491,Este,2025-04-21,Electrónica,Power bank,71.86,1,0.0,71.86,Redes sociales
O509259,2025-12-01,C101266,Norte,2025-06-26,Electrónica,Audífonos BT,62.09,2,0.15,124.18,Pauta pagada
O513875,2025-12-01,C100216,Centro,2025-03-02,Electrónica,Cargador rápido,42.81,1,0.0,42.81,Orgánico
O503600,2025-12-01,C103207,Este,2025-01-12,Electrónica,Power bank,71.86,1,0.0,71.86,Orgánico
O515229,2025-12-01,C101756,Centro,2025-06-08,Deportes,Banda resistencia,35.09,2,0.0,70.18,Directo
O511140,2025-12-01,C100586,Oeste,2025-10-23,Deportes,Yoga mat,46.1,2,0.0,92.2,Directo
O511159,2025-12-01,C100780,Centro,2025-06-27,Electrónica,Cargador rápido,42.81,3,0.0,128.43,Pauta pagada
O511094,2025-12-01,C101644,Centro,2025-02-18,Moda,Camiseta básica,29.7,3,0.2,89.1,Directo
O500267,2025-12-01,C102915,Este,2025-05-27,Deportes,Guantes gym,9.91,1,0.15,9.91,Redes sociales
O513432,2025-12-01,C101538,Norte,2025-06-22,Electrónica,Smartwatch,79.35,1,0.1,79.35,Redes sociales
O500179,2025-12-01,C102838,Centro,2025-03-26,Deportes,Botella térmica,17.07,3,0.0,51.21,Orgánico
O510445,2025-12-01,C102403,Sur,2025-05-17,Electrónica,Cargador rápido,42.81,3,0.0,128.43,Orgánico
O505502,2025-12-01,C102879,Centro,2025-10-16,Moda,Jeans slim,26.14,3,0.1,78.42,Directo
O505221,2025-12-01,C101720,Centro,2025-10-30,Moda,Gorra,39.58,2,0.0,79.16,Pauta pagada
O511657,2025-12-01,C100590,Centro,2025-04-16,Belleza,Set de brochas,14.49,3,0.15,43.47,Orgánico
O513228,2025-12-01,C101342,Norte,2025-05-20,Moda,Tenis running,28.91,1,0.0,28.91,Redes sociales
O510134,2025-12-01,C100592,Oeste,2025-11-28,Hogar,Cortina blackout,29.37,1,0.0,29.37,Orgánico
O515830,2025-12-01,C100184,Norte,2025-06-08,Electrónica,Cargador rápido,42.81,1,0.0,42.81,Directo
O512092,2025-12-01,C100534,Centro,2025-06-24,Belleza,Shampoo reparador,10.68,2,0.0,21.36,Redes sociales
O504648,2025-12-01,C100556,Centro,2025-07-18,Belleza,Shampoo reparador,9.61,2,0.1,19.22,Directo
O501660,2025-12-01,C102247,Centro,2025-11-21,Deportes,Botella térmica,17.07,1,0.0,17.07,Redes sociales
O514310,2025-12-01,C102039,Sur,2025-06-02,Hogar,Lámpara LED,58.38,3,0.0,175.14,Pauta pagada
O508641,2025-12-01,C103199,Centro,2025-06-30,Moda,Camiseta básica,37.12,2,0.0,74.24,Redes sociales
O503013,2025-12-01,C102806,Norte,2025-10-20,Electrónica,Power bank,71.86,1,0.0,71.86,Directo
O502562,2025-12-01,C102599,Este,2025-05-12,Electrónica,Audífonos BT,73.05,1,0.0,73.05,Directo
O511347,2025-12-01,C102010,Norte,2025-01-09,Electrónica,Cargador rápido,38.53,1,0.1,38.53,Email
O505237,2025-12-01,C100194,Este,2025-07-05,Deportes,Banda resistencia,35.09,1,0.0,35.09,Pauta pagada
O511790,2025-12-01,C102370,Sur,2025-11-06,Electrónica,Cargador rápido,42.81,1,0.0,42.81,Email
O506788,2025-12-01,C103197,Este,2025-07-25,Belleza,Protector solar,10.84,3,0.0,32.52,Redes sociales
O503006,2025-12-01,C102475,Norte,2025-08-14,Belleza,Shampoo reparador,10.68,1,0.0,10.68,Redes sociales
O511818,2025-12-01,C102220,Sur,2025-11-22,Deportes,Guantes gym,9.33,1,0.2,9.33,Pauta pagada
O515890,2025-12-01,C100502,Oeste,2025-02-01,Electrónica,Parlante portátil,32.04,3,0.0,96.12,Redes sociales
O510929,2025-12-01,C100762,Norte,2025-03-31,Hogar,Set de sábanas,33.34,2,0.0,66.68,Redes sociales
O505670,2025-12-01,C100499,Sur,2025-02-27,Deportes,Yoga mat,46.1,1,0.0,46.1,Pauta pagada
O510109,2025-12-01,C101135,Sur,2025-03-27,Belleza,Perfume,9.42,3,0.0,28.26,Directo
O514520,2025-12-01,C102685,Centro,2025-03-25,Deportes,Mancuernas ajustables,41.15,1,0.0,41.15,Directo
O502607,2025-12-01,C102766,Norte,2025-07-14,Hogar,Set de sábanas,26.67,2,0.2,53.34,Orgánico
O501282,2025-12-01,C100674,Sur,2025-04-01,Hogar,Set de sábanas,33.34,1,0.0,33.34,Email
O509226,2025-12-01,C101162,Norte,2025-04-02,Hogar,Cortina blackout,29.37,2,0.0,58.74,Redes sociales
O500140,2025-12-01,C100561,Oeste,2025-11-17,Hogar,Cortina blackout,29.37,1,0.0,29.37,Pauta pagada
O501552,2025-12-01,C100869,Sur,2025-06-30,Belleza,Shampoo reparador,10.68,2,0.0,21.36,Redes sociales
O512221,2025-12-01,C100426,Centro,2025-07-31,Belleza,Protector solar,10.84,2,0.0,21.68,Directo
O509553,2025-12-01,C101532,Sur,2025-01-09,Moda,Jeans slim,26.14,2,0.1,52.28,Email
O507146,2025-12-01,C101473,Centro,2025-09-24,Deportes,Botella térmica,17.07,2,0.0,34.14,Email
O514281,2025-12-02,C102312,Norte,2025-09-01,Deportes,Guantes gym,10.49,1,0.1,10.49,Pauta pagada
O508973,2025-12-02,C102835,Centro,2025-05-12,Hogar,Organizador closet,16.5,2,0.0,33.0,Email
O503713,2025-12-02,C100595,Este,2025-01-02,Deportes,Botella térmica,17.07,1,0.0,17.07,Pauta pagada
O511800,2025-12-02,C100888,Sur,2025-09-29,Deportes,Banda resistencia,35.09,1,0.0,35.09,Pauta pagada
O515900,2025-12-02,C100951,Este,2025-06-24,Hogar,Cortina blackout,29.37,2,0.0,58.74,Directo
O511895,2025-12-02,C102633,Centro,2025-01-18,Belleza,Shampoo reparador,10.68,1,0.0,10.68,Email
O503936,2025-12-02,C101868,Este,2025-07-19,Electrónica,Parlante portátil,32.04,2,0.0,64.08,Pauta pagada
O515523,2025-12-02,C100469,Centro,2025-08-07,Deportes,Banda resistencia,35.09,3,0.0,105.27,Redes sociales
O516211,2025-12-02,C102495,Sur,2025-05-28,Electrónica,Parlante portátil,32.04,2,0.0,64.08,Email
O508338,2025-12-02,C102884,Centro,2025-09-17,Electrónica,Audífonos BT,73.05,1,0.0,73.05,Orgánico
O506471,2025-12-02,C102880,Este,2025-05-11,Electrónica,Power bank,64.67,1,0.1,64.67,Pauta pagada
O508234,2025-12-02,C102755,Sur,2025-05-16,Belleza,Serum facial,22.15,1,0.0,22.15,Pauta pagada
O508881,2025-12-02,C102450,Oeste,2025-11-18,Deportes,Banda resistencia,35.09,1,0.0,35.09,Redes sociales
O515728,2025-12-02,C100625,Norte,2025-07-04,Deportes,Banda resistencia,29.83,2,0.15,59.66,Orgánico
O515289,2025-12-02,C102006,Centro,2025-10-18,Hogar,Set de sábanas,33.34,2,0.0,66.68,Redes sociales
O514337,2025-12-02,C103123,Sur,2025-07-03,Moda,Camiseta básica,37.12,1,0.0,37.12,Orgánico
O514773,2025-12-02,C100957,Este,2025-09-21,Hogar,Difusor aromas,51.63,2,0.0,103.26,Orgánico
O508797,2025-12-02,C101109,Norte,2025-05-14,Electrónica,Parlante portátil,25.63,1,0.2,25.63,Pauta pagada
O510247,2025-12-02,C102578,Oeste,2025-08-17,Electrónica,Audífonos BT,73.05,1,0.0,73.05,Directo
O513919,2025-12-02,C101048,Oeste,2025-07-13,Hogar,Cortina blackout,24.96,2,0.15,49.92,Orgánico
O510130,2025-12-02,C100939,Norte,2025-01-03,Deportes,Mancuernas ajustables,41.15,3,0.0,123.45,Orgánico
O506368,2025-12-02,C100211,Sur,2025-02-21,Moda,Camiseta básica,37.12,1,0.0,37.12,Orgánico
O515422,2025-12-02,C101601,Centro,2025-04-03,Electrónica,Smartwatch,88.17,2,0.0,176.34,Orgánico
O504277,2025-12-02,C100901,Oeste,2025-07-04,Hogar,Cortina blackout,29.37,1,0.0,29.37,Orgánico
O510393,2025-12-02,C102731,Centro,2025-01-23,Electrónica,Power bank,64.67,1,0.1,64.67,Orgánico
O505218,2025-12-02,C103093,Norte,2025-08-14,Electrónica,Power bank,61.08,1,0.15,61.08,Directo
O510055,2025-12-02,C103223,Centro,2025-11-20,Belleza,Set de brochas,17.05,1,0.0,17.05,Orgánico
O514764,2025-12-02,C100932,Centro,2025-09-10,Belleza,Perfume,7.54,2,0.2,15.08,Directo
O501188,2025-12-02,C102451,Norte,2025-10-18,Deportes,Yoga mat,46.1,1,0.0,46.1,Directo
O503885,2025-12-02,C102178,Este,2025-10-03,Electrónica,Audífonos BT,73.05,2,0.0,146.1,Email
O502011,2025-12-02,C101895,Centro,2025-06-12,Hogar,Lámpara LED,58.38,3,0.0,175.14,Directo
O503994,2025-12-02,C100367,Sur,2025-04-08,Moda,Mochila urbana,19.25,2,0.0,38.5,Orgánico
O500770,2025-12-02,C103422,Sur,2025-08-03,Electrónica,Smartwatch,88.17,3,0.0,264.51,Email
O509105,2025-12-02,C101713,Centro,2025-10-26,Moda,Mochila urbana,19.25,2,0.0,38.5,Redes sociales
O515912,2025-12-02,C100989,Este,2025-01-15,Hogar,Difusor aromas,51.63,2,0.0,103.26,Pauta pagada
O509115,2025-12-02,C101689,Centro,2025-03-17,Electrónica,Cargador rápido,38.53,1,0.1,38.53,Directo
O514379,2025-12-02,C100778,Centro,2025-07-26,Hogar,Organizador closet,16.5,1,0.0,16.5,Orgánico
O507204,2025-12-02,C102505,Este,2025-11-15,Moda,Tenis running,26.02,3,0.1,78.06,Directo
O503088,2025-12-02,C102803,Norte,2025-05-11,Electrónica,Power bank,71.86,2,0.0,143.72,Orgánico
O509611,2025-12-02,C102197,Este,2025-08-24,Moda,Tenis running,28.91,1,0.0,28.91,Redes sociales
O512921,2025-12-02,C101320,Sur,2025-01-29,Belleza,Protector solar,10.84,1,0.0,10.84,Pauta pagada
O502705,2025-12-02,C101278,Norte,2025-01-08,Deportes,Yoga mat,46.1,1,0.0,46.1,Orgánico
O505257,2025-12-02,C102958,Centro,2025-06-03,Belleza,Set de brochas,17.05,1,0.0,17.05,Directo
O506380,2025-12-02,C102293,Este,2025-05-19,Moda,Gorra,39.58,1,0.0,39.58,Directo
O501236,2025-12-02,C100595,Este,2025-01-02,Hogar,Set de sábanas,28.34,1,0.15,28.34,Orgánico
O516296,2025-12-02,C102659,Este,2025-05-07,Hogar,Difusor aromas,46.47,2,0.1,92.94,Directo
O501559,2025-12-02,C102496,Norte,2025-03-23,Deportes,Guantes gym,11.66,2,0.0,23.32,Orgánico
O515951,2025-12-02,C103151,Este,2025-12-02,Hogar,Organizador closet,16.5,2,0.0,33.0,Directo
O507388,2025-12-02,C100968,Sur,2025-10-23,Moda,Mochila urbana,15.4,1,0.2,15.4,Pauta pagada
O509376,2025-12-02,C101632,Centro,2025-03-06,Hogar,Difusor aromas,51.63,2,0.0,103.26,Redes sociales
O506999,2025-12-02,C100830,Este,2025-12-02,Electrónica,Cargador rápido,36.39,2,0.15,72.78,Orgánico
O504634,2025-12-02,C100900,Sur,2025-05-16,Hogar,Lámpara LED,58.38,1,0.0,58.38,Pauta pagada
O512846,2025-12-02,C101303,Norte,2025-08-14,Electrónica,Cargador rápido,42.81,1,0.0,42.81,Email
O509463,2025-12-02,C100040,Norte,2025-10-22,Electrónica,Parlante portátil,32.04,3,0.0,96.12,Orgánico
O513955,2025-12-02,C103143,Oeste,2025-03-10,Hogar,Difusor aromas,51.63,3,0.0,154.89,Orgánico
O509702,2025-12-02,C102094,Norte,2025-08-03,Electrónica,Cargador rápido,42.81,3,0.0,128.43,Pauta pagada
O512867,2025-12-02,C100514,Norte,2025-05-12,Deportes,Guantes gym,11.66,1,0.0,11.66,Redes sociales
O501202,2025-12-02,C100061,Este,2025-09-03,Deportes,Yoga mat,41.49,1,0.1,41.49,Redes sociales
O514246,2025-12-02,C103097,Sur,2025-02-16,Moda,Camiseta básica,37.12,3,0.0,111.36,Pauta pagada
O506525,2025-12-02,C101464,Este,2025-08-24,Electrónica,Audífonos BT,73.05,1,0.0,73.05,Pauta pagada
O501074,2025-12-02,C100684,Norte,2025-06-11,Deportes,Mancuernas ajustables,41.15,1,0.0,41.15,Directo
O500847,2025-12-02,C100928,Oeste,2025-04-05,Hogar,Cortina blackout,23.5,2,0.2,47.0,Email
O506383,2025-12-02,C101230,Oeste,2025-02-25,Belleza,Shampoo reparador,8.54,2,0.2,17.08,Redes sociales
O500944,2025-12-02,C101006,Norte,2025-03-23,Hogar,Set de sábanas,33.34,1,0.0,33.34,Orgánico
O514073,2025-12-03,C100894,Centro,2025-05-01,Deportes,Botella térmica,13.66,1,0.2,13.66,Orgánico
O515594,2025-12-03,C101676,Oeste,2025-05-12,Moda,Camiseta básica,37.12,1,0.0,37.12,Pauta pagada
O508343,2025-12-03,C100216,Centro,2025-03-02,Hogar,Organizador closet,16.5,1,0.0,16.5,Redes sociales
O515226,2025-12-03,C100455,Oeste,2025-07-26,Moda,Jeans slim,29.04,1,0.0,29.04,Redes sociales
O514832,2025-12-03,C102095,Centro,2025-04-04,Deportes,Mancuernas ajustables,34.98,1,0.15,34.98,Email
O503587,2025-12-03,C102568,Centro,2025-02-16,Electrónica,Power bank,71.86,2,0.0,143.72,Orgánico
O508032,2025-12-03,C100951,Este,2025-06-24,Belleza,Protector solar,10.84,1,0.0,10.84,Orgánico
O508135,2025-12-03,C101242,Oeste,2025-01-11,Moda,Mochila urbana,19.25,3,0.0,57.75,Redes sociales
O511245,2025-12-03,C103449,Norte,2025-10-05,Moda,Camiseta básica,37.12,2,0.0,74.24,Pauta pagada
O513423,2025-12-03,C100159,Norte,2025-01-06,Moda,Mochila urbana,15.4,1,0.2,15.4,Pauta pagada
O508327,2025-12-03,C102763,Norte,2025-09-26,Deportes,Yoga mat,46.1,2,0.0,92.2,Email
O500058,2025-12-03,C101872,Centro,2025-08-01,Deportes,Botella térmica,17.07,2,0.0,34.14,Redes sociales
O506966,2025-12-03,C103041,Centro,2025-06-19,Moda,Jeans slim,29.04,1,0.0,29.04,Orgánico
O511513,2025-12-03,C102105,Norte,2025-05-15,Belleza,Protector solar,10.84,1,0.0,10.84,Orgánico
O502967,2025-12-03,C101367,Centro,2025-07-05,Hogar,Difusor aromas,51.63,1,0.0,51.63,Email
O514700,2025-12-03,C100694,Centro,2025-02-17,Electrónica,Cargador rápido,36.39,2,0.15,72.78,Redes sociales
O510389,2025-12-03,C102920,Norte,2025-08-18,Deportes,Banda resistencia,31.58,1,0.1,31.58,Orgánico
O502930,2025-12-03,C103432,Sur,2025-03-20,Deportes,Mancuernas ajustables,37.03,2,0.1,74.06,Redes sociales
O501315,2025-12-03,C102222,Oeste,2025-06-01,Belleza,Shampoo reparador,10.68,1,0.0,10.68,Redes sociales
O511341,2025-12-03,C101621,Centro,2025-03-17,Hogar,Set de sábanas,33.34,2,0.0,66.68,Pauta pagada
O509685,2025-12-03,C101363,Sur,2025-09-10,Belleza,Shampoo reparador,10.68,2,0.0,21.36,Orgánico
O508687,2025-12-03,C100695,Norte,2025-02-13,Hogar,Set de sábanas,33.34,3,0.0,100.02,Pauta pagada
O503486,2025-12-03,C102481,Centro,2025-07-10,Deportes,Botella térmica,17.07,3,0.0,51.21,Orgánico
O503181,2025-12-03,C100777,Centro,2025-04-13,Belleza,Perfume,9.42,2,0.0,18.84,Redes sociales
O501921,2025-12-03,C100267,Centro,2025-01-25,Deportes,Mancuernas ajustables,41.15,2,0.0,82.3,Orgánico
O504646,2025-12-03,C100459,Este,2025-06-20,Belleza,Shampoo reparador,10.68,1,0.0,10.68,Directo
O502757,2025-12-03,C100514,Norte,2025-05-12,Electrónica,Cargador rápido,42.81,2,0.0,85.62,Directo
O505344,2025-12-03,C101347,Centro,2025-09-22,Hogar,Organizador closet,16.5,2,0.0,33.0,Redes sociales
O514299,2025-12-03,C100922,Sur,2025-05-23,Electrónica,Cargador rápido,38.53,1,0.1,38.53,Orgánico
O506000,2025-12-03,C102344,Oeste,2025-04-22,Moda,Gorra,33.64,2,0.15,67.28,Orgánico
O507292,2025-12-03,C102674,Sur,2025-06-04,Belleza,Set de brochas,17.05,2,0.0,34.1,Email
O513848,2025-12-03,C101552,Centro,2025-06-15,Belleza,Set de brochas,17.05,2,0.0,34.1,Redes sociales
O508414,2025-12-03,C101984,Norte,2025-08-03,Electrónica,Smartwatch,88.17,2,0.0,176.34,Redes sociales
O513790,2025-12-03,C100283,Este,2025-04-14,Belleza,Set de brochas,13.64,2,0.2,27.28,Orgánico
O508798,2025-12-03,C100325,Norte,2025-05-17,Hogar,Organizador closet,16.5,1,0.0,16.5,Redes sociales
O513615,2025-12-03,C102047,Sur,2025-06-29,Moda,Jeans slim,29.04,1,0.0,29.04,Orgánico
O511307,2025-12-03,C102297,Centro,2025-08-02,Deportes,Botella térmica,17.07,2,0.0,34.14,Directo
O508786,2025-12-03,C102965,Centro,2025-04-07,Hogar,Difusor aromas,41.3,2,0.2,82.6,Directo
O515280,2025-12-03,C100334,Norte,2025-05-28,Deportes,Yoga mat,46.1,1,0.0,46.1,Redes sociales
O507304,2025-12-03,C100182,Este,2025-10-29,Deportes,Botella térmica,17.07,1,0.0,17.07,Email
O509359,2025-12-03,C101697,Sur,2025-12-01,Moda,Mochila urbana,19.25,2,0.0,38.5,Pauta pagada
O505687,2025-12-03,C100152,Sur,2025-04-27,Hogar,Difusor aromas,51.63,2,0.0,103.26,Orgánico
O511726,2025-12-03,C100408,Centro,2025-01-27,Belleza,Protector solar,10.84,2,0.0,21.68,Orgánico
O500116,2025-12-03,C103186,Norte,2025-04-18,Deportes,Botella térmica,17.07,1,0.0,17.07,Pauta pagada
O515069,2025-12-03,C101553,Centro,2025-04-05,Hogar,Lámpara LED,49.62,3,0.15,148.86,Orgánico
O512947,2025-12-03,C103202,Norte,2025-06-15,Hogar,Lámpara LED,58.38,1,0.0,58.38,Pauta pagada
O507494,2025-12-03,C103293,Norte,2025-10-10,Hogar,Set de sábanas,30.01,3,0.1,90.03,Orgánico
O511133,2025-12-03,C102925,Este,2025-07-23,Electrónica,Parlante portátil,32.04,1,0.0,32.04,Orgánico
O514280,2025-12-03,C100123,Centro,2025-05-17,Deportes,Guantes gym,11.66,1,0.0,11.66,Directo
O510540,2025-12-03,C101823,Norte,2025-05-05,Hogar,Difusor aromas,51.63,2,0.0,103.26,Redes sociales
O513069,2025-12-03,C100137,Norte,2025-10-31,Deportes,Yoga mat,46.1,1,0.0,46.1,Redes sociales
O514879,2025-12-03,C103231,Norte,2025-03-31,Deportes,Mancuernas ajustables,41.15,1,0.0,41.15,Redes sociales
O509919,2025-12-03,C101032,Norte,2025-05-24,Hogar,Cortina blackout,29.37,2,0.0,58.74,Directo
O512615,2025-12-03,C102191,Sur,2025-01-01,Belleza,Shampoo reparador,10.68,2,0.0,21.36,Directo
O501416,2025-12-03,C101434,Norte,2025-05-11,Belleza,Shampoo reparador,10.68,2,0.0,21.36,Redes sociales
O508089,2025-12-03,C101570,Sur,2025-04-25,Deportes,Botella térmica,13.66,3,0.2,40.98,Directo
O512013,2025-12-03,C100570,Oeste,2025-01-09,Hogar,Lámpara LED,58.38,1,0.0,58.38,Pauta pagada
O511200,2025-12-03,C100985,Este,2025-05-07,Electrónica,Cargador rápido,38.53,2,0.1,77.06,Redes sociales
O511445,2025-12-03,C102028,Este,2025-05-15,Deportes,Yoga mat,46.1,2,0.0,92.2,Orgánico
O504915,2025-12-03,C101646,Centro,2025-07-29,Moda,Camiseta básica,37.12,2,0.0,74.24,Redes sociales
O509217,2025-12-03,C103183,Oeste,2025-05-03,Electrónica,Audífonos BT,73.05,1,0.0,73.05,Directo
O503058,2025-12-03,C100312,Oeste,2025-06-29,Hogar,Lámpara LED,58.38,1,0.0,58.38,Directo
O509177,2025-12-04,C100868,Centro,2025-09-21,Moda,Tenis running,26.02,1,0.1,26.02,Orgánico
O515808,2025-12-04,C100296,Sur,2025-06-06,Electrónica,Smartwatch,88.17,1,0.0,88.17,Orgánico
O513191,2025-12-04,C100016,Centro,2025-06-13,Deportes,Botella térmica,13.66,1,0.2,13.66,Pauta pagada
O514681,2025-12-04,C100208,Norte,2025-11-03,Deportes,Guantes gym,10.49,1,0.1,10.49,Directo
O514044,2025-12-04,C101387,Norte,2025-08-15,Electrónica,Cargador rápido,42.81,1,0.0,42.81,Email
O510480,2025-12-04,C102254,Centro,2025-01-19,Deportes,Mancuernas ajustables,41.15,1,0.0,41.15,Redes sociales
O510311,2025-12-04,C102053,Norte,2025-11-17,Deportes,Banda resistencia,28.07,1,0.2,28.07,Pauta pagada
O500794,2025-12-04,C103082,Sur,2025-04-01,Moda,Camiseta básica,31.55,1,0.15,31.55,Orgánico
O500839,2025-12-04,C100949,Centro,2025-08-15,Deportes,Banda resistencia,35.09,1,0.0,35.09,Email
O506505,2025-12-04,C100939,Norte,2025-01-03,Deportes,Guantes gym,9.91,1,0.15,9.91,Directo
O512719,2025-12-04,C103091,Sur,2025-04-22,Hogar,Lámpara LED,58.38,3,0.0,175.14,Orgánico
O502470,2025-12-04,C102735,Centro,2025-08-25,Electrónica,Power bank,71.86,2,0.0,143.72,Email
O502901,2025-12-04,C100284,Norte,2025-07-30,Deportes,Guantes gym,11.66,3,0.0,34.98,Directo
O514730,2025-12-04,C100305,Centro,2025-07-04,Electrónica,Cargador rápido,42.81,1,0.0,42.81,Redes sociales
O505849,2025-12-04,C101032,Norte,2025-05-24,Electrónica,Cargador rápido,34.25,1,0.2,34.25,Orgánico
O503663,2025-12-04,C102029,Sur,2025-09-03,Hogar,Organizador closet,16.5,3,0.0,49.5,Directo
O507199,2025-12-04,C100718,Norte,2025-12-02,Belleza,Set de brochas,17.05,1,0.0,17.05,Redes sociales
O513839,2025-12-04,C102100,Norte,2025-07-16,Electrónica,Smartwatch,88.17,1,0.0,88.17,Pauta pagada
O506518,2025-12-04,C101783,Centro,2025-09-05,Electrónica,Smartwatch,88.17,1,0.0,88.17,Pauta pagada
O504922,2025-12-04,C102316,Centro,2025-10-20,Belleza,Serum facial,22.15,1,0.0,22.15,Redes sociales
O500289,2025-12-04,C102725,Oeste,2025-06-21,Moda,Gorra,39.58,2,0.0,79.16,Directo
O504221,2025-12-04,C101359,Norte,2025-02-15,Belleza,Shampoo reparador,10.68,1,0.0,10.68,Orgánico
O512722,2025-12-04,C100664,Este,2025-08-05,Hogar,Cortina blackout,29.37,1,0.0,29.37,Pauta pagada
O512311,2025-12-04,C100604,Centro,2025-04-16,Deportes,Guantes gym,11.66,2,0.0,23.32,Orgánico
O501432,2025-12-04,C102271,Norte,2025-01-17,Moda,Jeans slim,29.04,3,0.0,87.12,Directo
O508638,2025-12-04,C102171,Sur,2025-10-04,Hogar,Difusor aromas,51.63,1,0.0,51.63,Orgánico
O505653,2025-12-04,C102624,Centro,2025-05-20,Deportes,Mancuernas ajustables,41.15,2,0.0,82.3,Redes sociales
O511023,2025-12-04,C101253,Oeste,2025-04-28,Belleza,Serum facial,22.15,1,0.0,22.15,Orgánico
O504105,2025-12-04,C101133,Norte,2025-11-24,Belleza,Serum facial,22.15,3,0.0,66.45,Orgánico
O504676,2025-12-04,C100317,Centro,2025-04-02,Deportes,Banda resistencia,35.09,2,0.0,70.18,Pauta pagada
O509204,2025-12-04,C103488,Centro,2025-09-01,Moda,Mochila urbana,16.36,1,0.15,16.36,Directo
O516266,2025-12-04,C100493,Sur,2025-04-09,Deportes,Botella térmica,17.07,1,0.0,17.07,Directo
O503079,2025-12-04,C103420,Oeste,2025-02-22,Deportes,Yoga mat,46.1,2,0.0,92.2,Orgánico
O516198,2025-12-04,C102961,Norte,2025-04-11,Belleza,Serum facial,22.15,1,0.0,22.15,Email
O511384,2025-12-04,C102694,Oeste,2025-10-28,Electrónica,Audífonos BT,58.44,1,0.2,58.44,Pauta pagada
O507722,2025-12-04,C102387,Sur,2025-09-29,Deportes,Botella térmica,17.07,2,0.0,34.14,Email
O502734,2025-12-04,C101116,Centro,2025-04-21,Belleza,Perfume,9.42,1,0.0,9.42,Directo
O505652,2025-12-04,C101391,Norte,2025-01-19,Deportes,Mancuernas ajustables,41.15,3,0.0,123.45,Orgánico
O504143,2025-12-04,C103068,Centro,2025-04-04,Deportes,Mancuernas ajustables,32.92,1,0.2,32.92,Orgánico
O503603,2025-12-04,C101887,Norte,2025-01-09,Deportes,Botella térmica,17.07,1,0.0,17.07,Redes sociales
O504145,2025-12-04,C103328,Este,2025-11-18,Moda,Jeans slim,29.04,3,0.0,87.12,Pauta pagada
O514838,2025-12-04,C101547,Oeste,2025-03-09,Deportes,Banda resistencia,35.09,1,0.0,35.09,Redes sociales
O507539,2025-12-04,C101511,Este,2025-05-30,Belleza,Set de brochas,17.05,1,0.0,17.05,Directo
O503599,2025-12-04,C101040,Norte,2025-03-27,Hogar,Set de sábanas,28.34,2,0.15,56.68,Directo
O515123,2025-12-04,C100639,Sur,2025-04-09,Moda,Jeans slim,29.04,1,0.0,29.04,Email
O505898,2025-12-04,C100603,Sur,2025-03-29,Moda,Gorra,39.58,1,0.0,39.58,Directo
O514359,2025-12-04,C101740,Oeste,2025-07-13,Moda,Camiseta básica,37.12,1,0.0,37.12,Email
O503468,2025-12-04,C102414,Oeste,2025-03-20,Moda,Camiseta básica,31.55,1,0.15,31.55,Redes sociales
O513062,2025-12-04,C103169,Sur,2025-04-14,Deportes,Botella térmica,17.07,2,0.0,34.14,Orgánico
O515114,2025-12-04,C102185,Centro,2025-07-25,Hogar,Organizador closet,16.5,1,0.0,16.5,Orgánico
O511561,2025-12-04,C102428,Sur,2025-07-31,Belleza,Set de brochas,15.34,2,0.1,30.68,Directo
O509510,2025-12-04,C100647,Sur,2025-01-20,Hogar,Organizador closet,16.5,1,0.0,16.5,Directo
O500061,2025-12-04,C100322,Este,2025-04-14,Moda,Mochila urbana,19.25,1,0.0,19.25,Orgánico
O510250,2025-12-04,C101964,Sur,2025-02-12,Hogar,Cortina blackout,29.37,2,0.0,58.74,Orgánico
O506761,2025-12-04,C100723,Centro,2025-06-23,Moda,Camiseta básica,37.12,3,0.0,111.36,Orgánico
O509047,2025-12-04,C102949,Este,2025-04-07,Deportes,Banda resistencia,35.09,1,0.0,35.09,Email
O508523,2025-12-04,C101677,Sur,2025-02-15,Deportes,Mancuernas ajustables,41.15,1,0.0,41.15,Redes sociales
O500227,2025-12-04,C101223,Sur,2025-03-17,Hogar,Set de sábanas,33.34,2,0.0,66.68,Redes sociales
O501014,2025-12-04,C100371,Sur,2025-06-24,Deportes,Banda resistencia,35.09,2,0.0,70.18,Redes sociales
O509288,2025-12-05,C101661,Sur,2025-11-21,Hogar,Lámpara LED,58.38,1,0.0,58.38,Orgánico
O502048,2025-12-05,C103045,Sur,2025-10-18,Deportes,Mancuernas ajustables,41.15,1,0.0,41.15,Email
O503467,2025-12-05,C101706,Centro,2025-07-12,Moda,Mochila urbana,19.25,3,0.0,57.75,Orgánico
O502289,2025-12-05,C100878,Norte,2025-07-23,Electrónica,Smartwatch,88.17,2,0.0,176.34,Directo
O510629,2025-12-05,C102616,Centro,2025-04-26,Moda,Mochila urbana,19.25,1,0.0,19.25,Directo
O515506,2025-12-05,C102414,Oeste,2025-03-20,Hogar,Cortina blackout,24.96,2,0.15,49.92,Pauta pagada
O505413,2025-12-05,C100616,Este,2025-10-27,Deportes,Botella térmica,17.07,2,0.0,34.14,Orgánico
O515763,2025-12-05,C101434,Norte,2025-05-11,Deportes,Banda resistencia,35.09,3,0.0,105.27,Directo
O506319,2025-12-05,C101250,Norte,2025-07-13,Hogar,Organizador closet,16.5,2,0.0,33.0,Email
O512656,2025-12-05,C101378,Este,2025-05-22,Hogar,Lámpara LED,58.38,1,0.0,58.38,Directo
O515463,2025-12-05,C102911,Sur,2025-11-21,Electrónica,Power bank,71.86,3,0.0,215.58,Redes sociales
O513561,2025-12-05,C101585,Este,2025-02-20,Hogar,Lámpara LED,52.54,1,0.1,52.54,Pauta pagada
O503268,2025-12-05,C103487,Norte,2025-07-12,Belleza,Perfume,8.48,3,0.1,25.44,Orgánico
O502395,2025-12-05,C101956,Oeste,2025-02-19,Electrónica,Parlante portátil,32.04,1,0.0,32.04,Email
O511552,2025-12-05,C100121,Sur,2025-08-30,Hogar,Set de sábanas,33.34,2,0.0,66.68,Pauta pagada
O504329,2025-12-05,C101147,Este,2025-08-27,Electrónica,Smartwatch,88.17,1,0.0,88.17,Orgánico
O512400,2025-12-05,C102155,Este,2025-10-30,Belleza,Serum facial,19.93,3,0.1,59.79,Pauta pagada
O511935,2025-12-05,C102443,Centro,2025-06-05,Electrónica,Power bank,61.08,2,0.15,122.16,Email
O514202,2025-12-05,C102765,Norte,2025-06-17,Hogar,Cortina blackout,29.37,1,0.0,29.37,Directo
O510475,2025-12-05,C100876,Centro,2025-11-08,Belleza,Perfume,9.42,1,0.0,9.42,Redes sociales
O501279,2025-12-05,C102468,Sur,2025-07-31,Belleza,Serum facial,22.15,2,0.0,44.3,Orgánico
O506950,2025-12-05,C102770,Centro,2025-05-08,Hogar,Set de sábanas,33.34,2,0.0,66.68,Orgánico
O500065,2025-12-05,C102534,Norte,2025-11-29,Belleza,Set de brochas,17.05,1,0.0,17.05,Orgánico
O506865,2025-12-05,C103439,Sur,2025-03-03,Electrónica,Parlante portátil,32.04,1,0.0,32.04,Redes sociales
O509496,2025-12-05,C103373,Norte,2025-06-10,Deportes,Yoga mat,46.1,1,0.0,46.1,Redes sociales
O505156,2025-12-05,C102122,Este,2025-01-23,Electrónica,Audífonos BT,62.09,1,0.15,62.09,Email
O504958,2025-12-05,C100027,Centro,2025-10-13,Electrónica,Audífonos BT,73.05,2,0.0,146.1,Directo
O515985,2025-12-05,C101169,Centro,2025-06-23,Hogar,Difusor aromas,51.63,3,0.0,154.89,Email
O507496,2025-12-05,C100231,Centro,2025-10-30,Moda,Jeans slim,29.04,3,0.0,87.12,Redes sociales
O512566,2025-12-05,C100356,Oeste,2025-04-28,Moda,Mochila urbana,19.25,1,0.0,19.25,Redes sociales
O513536,2025-12-05,C102276,Este,2025-06-20,Moda,Tenis running,24.57,3,0.15,73.71,Directo
O501861,2025-12-05,C102561,Centro,2025-04-15,Belleza,Shampoo reparador,10.68,1,0.0,10.68,Redes sociales
O515036,2025-12-05,C100609,Centro,2025-10-20,Hogar,Cortina blackout,29.37,2,0.0,58.74,Pauta pagada
O511652,2025-12-05,C101779,Sur,2025-05-06,Deportes,Banda resistencia,28.07,1,0.2,28.07,Orgánico
O506825,2025-12-05,C101583,Norte,2025-01-27,Moda,Jeans slim,29.04,1,0.0,29.04,Redes sociales
O512258,2025-12-05,C100374,Sur,2025-08-09,Hogar,Lámpara LED,58.38,2,0.0,116.76,Orgánico
O501413,2025-12-05,C102578,Oeste,2025-08-17,Moda,Mochila urbana,19.25,2,0.0,38.5,Redes sociales
O503832,2025-12-05,C101409,Norte,2025-04-03,Belleza,Serum facial,19.93,2,0.1,39.86,Redes sociales
O502626,2025-12-05,C102219,Norte,2025-03-20,Deportes,Guantes gym,11.66,2,0.0,23.32,Orgánico
O502027,2025-12-05,C101730,Norte,2025-08-29,Deportes,Botella térmica,17.07,1,0.0,17.07,Directo
O511469,2025-12-05,C103097,Sur,2025-02-16,Hogar,Cortina blackout,29.37,3,0.0,88.11,Email
O512791,2025-12-05,C100919,Centro,2025-12-01,Electrónica,Cargador rápido,38.53,1,0.1,38.53,Orgánico
O501112,2025-12-05,C100245,Sur,2025-05-31,Belleza,Shampoo reparador,10.68,3,0.0,32.04,Pauta pagada
O514442,2025-12-05,C101262,Norte,2025-09-29,Belleza,Perfume,9.42,2,0.0,18.84,Directo
O508720,2025-12-05,C100626,Oeste,2025-07-17,Hogar,Difusor aromas,43.89,3,0.15,131.67,Email
O516125,2025-12-05,C101402,Este,2025-01-19,Belleza,Set de brochas,17.05,1,0.0,17.05,Pauta pagada
O506509,2025-12-05,C102025,Norte,2025-06-05,Electrónica,Cargador rápido,42.81,1,0.0,42.81,Email
O510126,2025-12-05,C103491,Este,2025-04-21,Hogar,Cortina blackout,29.37,1,0.0,29.37,Redes sociales
O504638,2025-12-05,C102196,Oeste,2025-10-10,Moda,Camiseta básica,37.12,2,0.0,74.24,Orgánico
O503953,2025-12-05,C103470,Norte,2025-08-22,Deportes,Mancuernas ajustables,41.15,2,0.0,82.3,Orgánico
O515263,2025-12-05,C101381,Norte,2025-11-24,Belleza,Set de brochas,17.05,2,0.0,34.1,Pauta pagada
O506520,2025-12-05,C100612,Centro,2025-02-13,Hogar,Difusor aromas,51.63,1,0.0,51.63,Pauta pagada
O511866,2025-12-05,C102149,Centro,2025-09-26,Electrónica,Parlante portátil,32.04,2,0.0,64.08,Directo
O504914,2025-12-05,C101595,Este,2025-08-14,Hogar,Set de sábanas,26.67,1,0.2,26.67,Directo
O503640,2025-12-05,C100470,Norte,2025-02-20,Electrónica,Smartwatch,88.17,2,0.0,176.34,Orgánico
O512166,2025-12-05,C100339,Centro,2025-11-04,Deportes,Banda resistencia,35.09,1,0.0,35.09,Redes sociales
O500301,2025-12-05,C100273,Centro,2025-10-29,Belleza,Set de brochas,15.34,1,0.1,15.34,Email
O503532,2025-12-05,C102852,Sur,2025-01-06,Deportes,Yoga mat,41.49,1,0.1,41.49,Directo
O515824,2025-12-05,C103365,Norte,2025-06-13,Hogar,Lámpara LED,58.38,3,0.0,175.14,Orgánico
O515825,2025-12-05,C100291,Centro,2025-01-21,Belleza,Set de brochas,17.05,2,0.0,34.1,Email
O514035,2025-12-05,C100629,Sur,2025-08-18,Belleza,Serum facial,22.15,2,0.0,44.3,Email
O511869,2025-12-06,C103042,Oeste,2025-03-28,Hogar,Cortina blackout,29.37,2,0.0,58.74,Directo
O505787,2025-12-06,C101089,Sur,2025-05-29,Electrónica,Power bank,71.86,2,0.0,143.72,Pauta pagada
O510361,2025-12-06,C102265,Sur,2025-10-27,Hogar,Organizador closet,16.5,1,0.0,16.5,Email
O515852,2025-12-06,C101331,Norte,2025-03-20,Belleza,Shampoo reparador,10.68,2,0.0,21.36,Pauta pagada
O513542,2025-12-06,C103168,Sur,2025-02-05,Moda,Jeans slim,24.68,3,0.15,74.04,Directo
O506133,2025-12-06,C100813,Sur,2025-09-15,Hogar,Set de sábanas,33.34,2,0.0,66.68,Directo
O513504,2025-12-06,C102942,Este,2025-09-02,Belleza,Shampoo reparador,10.68,2,0.0,21.36,Email
O503187,2025-12-06,C100769,Sur,2025-02-12,Electrónica,Cargador rápido,42.81,1,0.0,42.81,Pauta pagada
O500222,2025-12-06,C100282,Sur,2025-02-26,Hogar,Cortina blackout,29.37,2,0.0,58.74,Orgánico
O509765,2025-12-06,C102932,Oeste,2025-09-30,Electrónica,Parlante portátil,32.04,3,0.0,96.12,Redes sociales
O506399,2025-12-06,C102741,Norte,2025-08-21,Moda,Tenis running,23.13,1,0.2,23.13,Pauta pagada
O503720,2025-12-06,C101787,Centro,2025-01-15,Electrónica,Cargador rápido,38.53,1,0.1,38.53,Email
O506781,2025-12-06,C101841,Centro,2025-04-30,Electrónica,Parlante portátil,32.04,1,0.0,32.04,Directo
O511620,2025-12-06,C100263,Centro,2025-10-26,Hogar,Lámpara LED,58.38,2,0.0,116.76,Pauta pagada
O509252,2025-12-06,C101660,Centro,2025-01-28,Moda,Jeans slim,29.04,2,0.0,58.08,Orgánico
O503345,2025-12-06,C101857,Oeste,2025-02-20,Electrónica,Power bank,71.86,3,0.0,215.58,Pauta pagada
O514425,2025-12-06,C102979,Norte,2025-11-01,Belleza,Protector solar,10.84,2,0.0,21.68,Redes sociales
O507684,2025-12-06,C102373,Norte,2025-12-04,Electrónica,Power bank,61.08,3,0.15,183.24,Orgánico
O500180,2025-12-06,C103087,Este,2025-01-19,Belleza,Set de brochas,17.05,1,0.0,17.05,Orgánico
O507002,2025-12-06,C101046,Norte,2025-04-06,Moda,Mochila urbana,16.36,3,0.15,49.08,Directo
O509407,2025-12-06,C100192,Centro,2025-02-18,Hogar,Set de sábanas,33.34,2,0.0,66.68,Orgánico
O504606,2025-12-06,C102506,Sur,2025-11-19,Electrónica,Power bank,71.86,3,0.0,215.58,Orgánico
O507614,2025-12-06,C101393,Centro,2025-08-06,Electrónica,Cargador rápido,42.81,1,0.0,42.81,Pauta pagada
O500955,2025-12-06,C102565,Norte,2025-02-04,Electrónica,Audífonos BT,73.05,1,0.0,73.05,Orgánico
O509835,2025-12-06,C103292,Centro,2025-02-01,Moda,Camiseta básica,33.41,2,0.1,66.82,Orgánico
O510858,2025-12-06,C100892,Oeste,2025-12-06,Moda,Mochila urbana,19.25,3,0.0,57.75,Redes sociales
O515189,2025-12-06,C101734,Sur,2025-08-21,Moda,Gorra,39.58,1,0.0,39.58,Orgánico
O514211,2025-12-06,C101735,Oeste,2025-10-17,Moda,Camiseta básica,31.55,1,0.15,31.55,Orgánico
O515169,2025-12-06,C101906,Centro,2025-06-11,Belleza,Perfume,9.42,1,0.0,9.42,Redes sociales
O509648,2025-12-06,C102534,Norte,2025-11-29,Electrónica,Audífonos BT,73.05,1,0.0,73.05,Pauta pagada
O509653,2025-12-06,C100770,Centro,2025-01-21,Electrónica,Smartwatch,88.17,1,0.0,88.17,Directo
O512143,2025-12-06,C102097,Este,2025-10-02,Deportes,Mancuernas ajustables,41.15,1,0.0,41.15,Email
O510979,2025-12-06,C101943,Oeste,2025-03-21,Moda,Tenis running,28.91,2,0.0,57.82,Directo
O509700,2025-12-06,C100516,Centro,2025-08-12,Hogar,Cortina blackout,29.37,2,0.0,58.74,Orgánico
O515134,2025-12-06,C103163,Centro,2025-02-04,Electrónica,Power bank,71.86,1,0.0,71.86,Pauta pagada
O509780,2025-12-06,C100579,Oeste,2025-01-11,Electrónica,Smartwatch,88.17,1,0.0,88.17,Email
O512704,2025-12-06,C103145,Centro,2025-10-18,Moda,Mochila urbana,15.4,1,0.2,15.4,Email
O503458,2025-12-06,C102900,Norte,2025-09-18,Belleza,Serum facial,22.15,2,0.0,44.3,Redes sociales
O502139,2025-12-06,C100798,Este,2025-09-01,Hogar,Difusor aromas,43.89,1,0.15,43.89,Orgánico
O503447,2025-12-06,C102947,Oeste,2025-10-24,Moda,Jeans slim,29.04,1,0.0,29.04,Redes sociales
O515997,2025-12-06,C100426,Centro,2025-07-31,Hogar,Set de sábanas,33.34,1,0.0,33.34,Orgánico
O507604,2025-12-06,C100171,Este,2025-09-11,Belleza,Perfume,9.42,2,0.0,18.84,Orgánico
O501266,2025-12-06,C100175,Centro,2025-03-14,Hogar,Lámpara LED,58.38,1,0.0,58.38,Orgánico
O502431,2025-12-06,C100631,Centro,2025-11-07,Hogar,Set de sábanas,33.34,1,0.0,33.34,Orgánico
O513198,2025-12-06,C101580,Centro,2025-05-10,Deportes,Guantes gym,11.66,1,0.0,11.66,Pauta pagada
O502341,2025-12-06,C103049,Este,2025-10-20,Deportes,Yoga mat,46.1,3,0.0,138.3,Redes sociales
O506246,2025-12-06,C102310,Centro,2025-07-30,Hogar,Cortina blackout,29.37,3,0.0,88.11,Pauta pagada
O507280,2025-12-06,C100456,Sur,2025-01-03,Deportes,Botella térmica,17.07,1,0.0,17.07,Directo
O506244,2025-12-06,C101958,Este,2025-03-27,Hogar,Set de sábanas,33.34,1,0.0,33.34,Pauta pagada
O502551,2025-12-06,C102450,Oeste,2025-11-18,Hogar,Difusor aromas,43.89,3,0.15,131.67,Pauta pagada
O508573,2025-12-06,C103397,Centro,2025-08-08,Moda,Mochila urbana,19.25,1,0.0,19.25,Orgánico
O515460,2025-12-06,C103046,Norte,2025-03-19,Belleza,Shampoo reparador,10.68,2,0.0,21.36,Orgánico
O508611,2025-12-06,C100045,Este,2025-07-10,Electrónica,Smartwatch,74.94,1,0.15,74.94,Directo
O507247,2025-12-06,C101889,Norte,2025-05-27,Belleza,Perfume,9.42,1,0.0,9.42,Directo
O505227,2025-12-06,C100924,Centro,2025-01-04,Electrónica,Smartwatch,70.54,2,0.2,141.08,Orgánico
O504856,2025-12-06,C103386,Oeste,2025-07-17,Electrónica,Audífonos BT,73.05,1,0.0,73.05,Directo
O509046,2025-12-06,C100368,Sur,2025-01-23,Hogar,Lámpara LED,52.54,1,0.1,52.54,Redes sociales
O506815,2025-12-06,C102095,Centro,2025-04-04,Electrónica,Parlante portátil,32.04,3,0.0,96.12,Directo
O511295,2025-12-06,C102728,Oeste,2025-04-14,Hogar,Lámpara LED,58.38,1,0.0,58.38,Redes sociales
O510660,2025-12-06,C102496,Norte,2025-03-23,Hogar,Set de sábanas,33.34,1,0.0,33.34,Directo
O505516,2025-12-06,C101055,Oeste,2025-09-03,Hogar,Set de sábanas,33.34,3,0.0,100.02,Orgánico
O505391,2025-12-06,C100026,Norte,2025-06-20,Moda,Tenis running,28.91,3,0.0,86.73,Redes sociales
O514900,2025-12-06,C102885,Este,2025-01-06,Hogar,Organizador closet,16.5,1,0.0,16.5,Pauta pagada
O513655,2025-12-06,C103174,Centro,2025-08-11,Moda,Jeans slim,29.04,1,0.0,29.04,Orgánico
O501447,2025-12-06,C102263,Centro,2025-10-03,Belleza,Serum facial,17.72,3,0.2,53.16,Pauta pagada
O507784,2025-12-06,C101070,Este,2025-02-11,Moda,Tenis running,23.13,2,0.2,46.26,Directo
O516234,2025-12-06,C102194,Norte,2025-08-07,Deportes,Yoga mat,41.49,2,0.1,82.98,Orgánico
O500018,2025-12-06,C100619,Centro,2025-01-15,Electrónica,Smartwatch,88.17,1,0.0,88.17,Orgánico
O505679,2025-12-07,C103488,Centro,2025-09-01,Moda,Camiseta básica,37.12,2,0.0,74.24,Redes sociales
O510466,2025-12-07,C101079,Este,2025-05-05,Hogar,Set de sábanas,33.34,2,0.0,66.68,Redes sociales
O514550,2025-12-07,C101408,Norte,2025-11-03,Hogar,Cortina blackout,24.96,2,0.15,49.92,Orgánico
O513815,2025-12-07,C102683,Norte,2025-06-08,Belleza,Protector solar,10.84,2,0.0,21.68,Orgánico
O508122,2025-12-07,C100055,Oeste,2025-02-21,Belleza,Shampoo reparador,10.68,1,0.0,10.68,Pauta pagada
O504564,2025-12-07,C101888,Sur,2025-07-16,Belleza,Shampoo reparador,10.68,2,0.0,21.36,Pauta pagada
O513602,2025-12-07,C100219,Centro,2025-12-07,Hogar,Lámpara LED,49.62,2,0.15,99.24,Email
O507437,2025-12-07,C101755,Norte,2025-02-17,Belleza,Perfume,9.42,2,0.0,18.84,Email
O508103,2025-12-07,C101128,Centro,2025-07-03,Moda,Camiseta básica,37.12,3,0.0,111.36,Pauta pagada
O511504,2025-12-07,C101789,Sur,2025-06-14,Hogar,Organizador closet,16.5,2,0.0,33.0,Email
O512299,2025-12-07,C101238,Oeste,2025-02-10,Belleza,Perfume,7.54,2,0.2,15.08,Email
O516187,2025-12-07,C100540,Norte,2025-02-04,Belleza,Protector solar,10.84,3,0.0,32.52,Redes sociales
O502370,2025-12-07,C100182,Este,2025-10-29,Deportes,Yoga mat,46.1,3,0.0,138.3,Orgánico
O504488,2025-12-07,C102473,Este,2025-05-18,Hogar,Cortina blackout,24.96,1,0.15,24.96,Redes sociales
O506306,2025-12-07,C100376,Centro,2025-05-04,Deportes,Mancuernas ajustables,41.15,1,0.0,41.15,Redes sociales
O514369,2025-12-07,C101638,Centro,2025-01-23,Hogar,Cortina blackout,29.37,1,0.0,29.37,Orgánico
O513614,2025-12-07,C102378,Este,2025-08-14,Electrónica,Parlante portátil,27.23,1,0.15,27.23,Directo
O507586,2025-12-07,C101116,Centro,2025-04-21,Hogar,Organizador closet,14.02,3,0.15,42.06,Email
O505705,2025-12-07,C101298,Centro,2025-06-30,Moda,Mochila urbana,19.25,1,0.0,19.25,Redes sociales
O503976,2025-12-07,C101065,Centro,2025-04-20,Electrónica,Parlante portátil,32.04,1,0.0,32.04,Pauta pagada
O503820,2025-12-07,C100791,Centro,2025-11-09,Hogar,Difusor aromas,51.63,1,0.0,51.63,Email
O500127,2025-12-07,C102945,Centro,2025-03-06,Moda,Mochila urbana,19.25,2,0.0,38.5,Orgánico
O516069,2025-12-07,C101472,Oeste,2025-08-27,Moda,Camiseta básica,33.41,1,0.1,33.41,Redes sociales
O511885,2025-12-07,C103273,Centro,2025-03-03,Hogar,Set de sábanas,28.34,2,0.15,56.68,Redes sociales
O500106,2025-12-07,C102240,Sur,2025-05-05,Moda,Mochila urbana,19.25,2,0.0,38.5,Directo
O515615,2025-12-07,C100470,Norte,2025-02-20,Electrónica,Audífonos BT,58.44,3,0.2,175.32,Pauta pagada
O504944,2025-12-07,C100811,Sur,2025-09-08,Hogar,Organizador closet,14.02,1,0.15,14.02,Orgánico
O511370,2025-12-07,C102072,Norte,2025-05-04,Hogar,Lámpara LED,58.38,1,0.0,58.38,Orgánico
O511361,2025-12-07,C101393,Centro,2025-08-06,Electrónica,Power bank,71.86,2,0.0,143.72,Orgánico
O514999,2025-12-07,C102610,Sur,2025-03-12,Hogar,Set de sábanas,33.34,1,0.0,33.34,Directo
O511318,2025-12-07,C100256,Centro,2025-07-13,Deportes,Yoga mat,46.1,2,0.0,92.2,Email
O508734,2025-12-07,C100467,Centro,2025-06-29,Deportes,Guantes gym,9.33,1,0.2,9.33,Pauta pagada
O502590,2025-12-07,C102945,Centro,2025-03-06,Hogar,Set de sábanas,33.34,3,0.0,100.02,Orgánico
O503923,2025-12-07,C102110,Norte,2025-08-25,Moda,Camiseta básica,37.12,1,0.0,37.12,Orgánico
O500059,2025-12-07,C100318,Norte,2025-08-23,Deportes,Mancuernas ajustables,41.15,1,0.0,41.15,Directo
O514683,2025-12-07,C100381,Centro,2025-04-30,Moda,Jeans slim,29.04,1,0.0,29.04,Directo
O509207,2025-12-07,C101660,Centro,2025-01-28,Electrónica,Smartwatch,88.17,2,0.0,176.34,Redes sociales
O514439,2025-12-07,C102058,Norte,2025-04-23,Belleza,Set de brochas,17.05,2,0.0,34.1,Orgánico
O511978,2025-12-07,C101547,Oeste,2025-03-09,Deportes,Mancuernas ajustables,41.15,1,0.0,41.15,Email
O501982,2025-12-07,C101260,Centro,2025-05-02,Belleza,Protector solar,10.84,1,0.0,10.84,Orgánico
O505213,2025-12-07,C100007,Este,2025-02-07,Belleza,Shampoo reparador,10.68,2,0.0,21.36,Pauta pagada
O509986,2025-12-07,C103145,Centro,2025-10-18,Deportes,Mancuernas ajustables,34.98,1,0.15,34.98,Pauta pagada
O515367,2025-12-07,C102829,Norte,2025-06-13,Electrónica,Power bank,71.86,2,0.0,143.72,Pauta pagada
O502212,2025-12-07,C101467,Norte,2025-05-19,Belleza,Serum facial,22.15,3,0.0,66.45,Pauta pagada
O509401,2025-12-07,C101440,Norte,2025-10-09,Belleza,Shampoo reparador,10.68,2,0.0,21.36,Email
O515886,2025-12-07,C100572,Este,2025-02-19,Hogar,Lámpara LED,58.38,1,0.0,58.38,Redes sociales
O503645,2025-12-07,C102564,Sur,2025-03-14,Belleza,Protector solar,10.84,2,0.0,21.68,Redes sociales
O508366,2025-12-07,C100055,Oeste,2025-02-21,Belleza,Protector solar,10.84,1,0.0,10.84,Pauta pagada
O500474,2025-12-07,C101537,Este,2025-02-06,Belleza,Perfume,9.42,1,0.0,9.42,Orgánico
O511015,2025-12-07,C100202,Norte,2025-07-02,Belleza,Perfume,9.42,2,0.0,18.84,Orgánico
O500094,2025-12-07,C101621,Centro,2025-03-17,Hogar,Cortina blackout,29.37,1,0.0,29.37,Directo
O509767,2025-12-07,C100211,Sur,2025-02-21,Moda,Jeans slim,23.23,1,0.2,23.23,Directo
O515575,2025-12-07,C103305,Oeste,2025-06-13,Deportes,Yoga mat,46.1,1,0.0,46.1,Redes sociales
O501948,2025-12-07,C102650,Oeste,2025-07-05,Deportes,Mancuernas ajustables,41.15,1,0.0,41.15,Orgánico
O509500,2025-12-07,C102992,Sur,2025-11-24,Belleza,Protector solar,10.84,1,0.0,10.84,Redes sociales
O506867,2025-12-07,C102052,Centro,2025-07-28,Deportes,Botella térmica,17.07,2,0.0,34.14,Email
O506967,2025-12-07,C100028,Norte,2025-01-24,Deportes,Guantes gym,9.91,1,0.15,9.91,Orgánico
O503223,2025-12-07,C102897,Norte,2025-11-02,Electrónica,Smartwatch,88.17,1,0.0,88.17,Orgánico
O513396,2025-12-07,C102550,Sur,2025-10-17,Hogar,Lámpara LED,49.62,1,0.15,49.62,Orgánico
O500228,2025-12-07,C103128,Norte,2025-11-10,Belleza,Protector solar,9.21,2,0.15,18.42,Orgánico
O513460,2025-12-07,C102986,Centro,2025-05-13,Belleza,Protector solar,10.84,1,0.0,10.84,Redes sociales
O514426,2025-12-08,C100731,Oeste,2025-09-14,Belleza,Protector solar,10.84,1,0.0,10.84,Email
O514278,2025-12-08,C102923,Centro,2025-05-06,Hogar,Organizador closet,16.5,1,0.0,16.5,Pauta pagada
O505422,2025-12-08,C102965,Centro,2025-04-07,Belleza,Protector solar,10.84,3,0.0,32.52,Email
O511153,2025-12-08,C100160,Centro,2025-03-05,Hogar,Difusor aromas,51.63,1,0.0,51.63,Directo
O514504,2025-12-08,C101530,Centro,2025-01-18,Electrónica,Smartwatch,88.17,1,0.0,88.17,Directo
O515992,2025-12-08,C103178,Norte,2025-10-12,Deportes,Yoga mat,46.1,2,0.0,92.2,Email
O510856,2025-12-08,C100274,Norte,2025-04-27,Electrónica,Smartwatch,79.35,2,0.1,158.7,Pauta pagada
O514759,2025-12-08,C100532,Sur,2025-02-14,Deportes,Mancuernas ajustables,34.98,1,0.15,34.98,Pauta pagada
O502664,2025-12-08,C101840,Centro,2025-11-20,Belleza,Set de brochas,17.05,1,0.0,17.05,Pauta pagada
O502851,2025-12-08,C101064,Norte,2025-11-26,Belleza,Serum facial,22.15,2,0.0,44.3,Orgánico
O509045,2025-12-08,C102143,Norte,2025-03-22,Moda,Camiseta básica,33.41,2,0.1,66.82,Directo
O507101,2025-12-08,C101282,Norte,2025-12-07,Moda,Tenis running,23.13,1,0.2,23.13,Redes sociales
O507110,2025-12-08,C100943,Este,2025-09-14,Moda,Gorra,39.58,1,0.0,39.58,Directo
O512005,2025-12-08,C102599,Este,2025-05-12,Electrónica,Audífonos BT,73.05,1,0.0,73.05,Orgánico
O505121,2025-12-08,C102651,Centro,2025-10-20,Hogar,Set de sábanas,26.67,1,0.2,26.67,Email
O512192,2025-12-08,C100451,Norte,2025-08-13,Moda,Tenis running,28.91,3,0.0,86.73,Pauta pagada
O505041,2025-12-08,C102801,Norte,2025-03-05,Belleza,Perfume,9.42,3,0.0,28.26,Orgánico
O506541,2025-12-08,C102170,Sur,2025-04-05,Electrónica,Cargador rápido,42.81,3,0.0,128.43,Orgánico
O501121,2025-12-08,C100039,Norte,2025-06-22,Deportes,Guantes gym,11.66,1,0.0,11.66,Orgánico
O514365,2025-12-08,C101278,Norte,2025-01-08,Electrónica,Parlante portátil,32.04,1,0.0,32.04,Orgánico
O503361,2025-12-08,C100059,Centro,2025-02-09,Moda,Tenis running,28.91,2,0.0,57.82,Orgánico
O511095,2025-12-08,C102038,Sur,2025-12-08,Electrónica,Audífonos BT,73.05,1,0.0,73.05,Orgánico
O506996,2025-12-08,C102788,Norte,2025-04-14,Belleza,Protector solar,10.84,3,0.0,32.52,Directo
O513748,2025-12-08,C101471,Centro,2025-09-28,Deportes,Banda resistencia,35.09,2,0.0,70.18,Pauta pagada
O502166,2025-12-08,C100419,Sur,2025-02-18,Moda,Gorra,39.58,3,0.0,118.74,Orgánico
O512911,2025-12-08,C101519,Centro,2025-03-13,Electrónica,Power bank,71.86,1,0.0,71.86,Email
O509880,2025-12-08,C102015,Norte,2025-02-04,Hogar,Lámpara LED,49.62,2,0.15,99.24,Email
O514501,2025-12-08,C100504,Oeste,2025-07-22,Moda,Tenis running,28.91,1,0.0,28.91,Orgánico
O506844,2025-12-08,C101626,Oeste,2025-03-27,Hogar,Difusor aromas,51.63,2,0.0,103.26,Orgánico
O509254,2025-12-08,C102202,Oeste,2025-02-04,Deportes,Guantes gym,11.66,1,0.0,11.66,Orgánico
O500752,2025-12-08,C101399,Centro,2025-11-02,Electrónica,Power bank,71.86,1,0.0,71.86,Pauta pagada
O509932,2025-12-08,C103441,Norte,2025-08-17,Moda,Gorra,39.58,2,0.0,79.16,Directo
O509828,2025-12-08,C101907,Centro,2025-08-19,Hogar,Cortina blackout,29.37,1,0.0,29.37,Directo
O509248,2025-12-08,C101114,Oeste,2025-07-22,Belleza,Serum facial,22.15,1,0.0,22.15,Redes sociales
O514275,2025-12-08,C103182,Este,2025-03-17,Belleza,Set de brochas,17.05,1,0.0,17.05,Pauta pagada
O512970,2025-12-08,C101783,Centro,2025-09-05,Electrónica,Smartwatch,88.17,2,0.0,176.34,Redes sociales
O500946,2025-12-08,C100853,Sur,2025-02-24,Hogar,Lámpara LED,58.38,1,0.0,58.38,Directo
O504937,2025-12-08,C100154,Oeste,2025-07-02,Belleza,Shampoo reparador,10.68,1,0.0,10.68,Redes sociales
O500592,2025-12-08,C100109,Oeste,2025-10-01,Deportes,Botella térmica,17.07,1,0.0,17.07,Email
O500458,2025-12-08,C103056,Oeste,2025-04-11,Deportes,Banda resistencia,35.09,2,0.0,70.18,Pauta pagada
O502865,2025-12-08,C100936,Centro,2025-02-21,Electrónica,Cargador rápido,34.25,2,0.2,68.5,Pauta pagada
O508872,2025-12-08,C103001,Sur,2025-09-30,Belleza,Shampoo reparador,10.68,1,0.0,10.68,Redes sociales
O508858,2025-12-08,C100957,Este,2025-09-21,Hogar,Set de sábanas,28.34,2,0.15,56.68,Pauta pagada
O507150,2025-12-08,C101016,Centro,2025-01-21,Deportes,Yoga mat,36.88,1,0.2,36.88,Redes sociales
O500897,2025-12-08,C100369,Sur,2025-02-21,Deportes,Guantes gym,11.66,3,0.0,34.98,Directo
O510085,2025-12-08,C101757,Oeste,2025-02-25,Deportes,Guantes gym,9.91,1,0.15,9.91,Orgánico
O514567,2025-12-08,C101971,Centro,2025-02-26,Hogar,Lámpara LED,58.38,2,0.0,116.76,Orgánico
O508874,2025-12-08,C103244,Este,2025-12-05,Hogar,Organizador closet,14.02,2,0.15,28.04,Pauta pagada
O502513,2025-12-08,C103168,Sur,2025-02-05,Electrónica,Parlante portátil,32.04,1,0.0,32.04,Redes sociales
O501568,2025-12-08,C102035,Este,2025-10-31,Moda,Tenis running,28.91,1,0.0,28.91,Email
O511779,2025-12-08,C101109,Norte,2025-05-14,Electrónica,Parlante portátil,32.04,1,0.0,32.04,Email
O504090,2025-12-08,C100622,Norte,2025-02-11,Moda,Camiseta básica,31.55,1,0.15,31.55,Directo
O508039,2025-12-08,C100746,Centro,2025-07-12,Electrónica,Audífonos BT,73.05,3,0.0,219.15,Pauta pagada
O516326,2025-12-08,C102407,Oeste,2025-04-09,Electrónica,Cargador rápido,42.81,1,0.0,42.81,Directo
O511510,2025-12-08,C101851,Centro,2025-09-01,Belleza,Perfume,9.42,1,0.0,9.42,Redes sociales
O514845,2025-12-08,C103071,Oeste,2025-03-01,Hogar,Lámpara LED,58.38,1,0.0,58.38,Directo
O514824,2025-12-08,C103355,Centro,2025-02-19,Hogar,Lámpara LED,49.62,1,0.15,49.62,Orgánico
O512523,2025-12-08,C100577,Oeste,2025-11-24,Hogar,Cortina blackout,29.37,2,0.0,58.74,Redes sociales
O507385,2025-12-08,C102045,Norte,2025-10-20,Moda,Camiseta básica,37.12,1,0.0,37.12,Redes sociales
O510789,2025-12-08,C100620,Este,2025-06-16,Electrónica,Smartwatch,74.94,1,0.15,74.94,Redes sociales
O504769,2025-12-08,C100654,Oeste,2025-06-17,Electrónica,Smartwatch,88.17,1,0.0,88.17,Orgánico
O514531,2025-12-08,C101576,Oeste,2025-02-08,Electrónica,Smartwatch,70.54,1,0.2,70.54,Redes sociales
O505593,2025-12-08,C101001,Sur,2025-05-31,Electrónica,Parlante portátil,25.63,1,0.2,25.63,Email
O507818,2025-12-08,C103496,Centro,2025-06-13,Moda,Jeans slim,29.04,2,0.0,58.08,Pauta pagada
O508920,2025-12-08,C100654,Oeste,2025-06-17,Moda,Mochila urbana,19.25,1,0.0,19.25,Pauta pagada
O511760,2025-12-08,C101669,Sur,2025-07-13,Deportes,Banda resistencia,28.07,3,0.2,84.21,Pauta pagada
O514954,2025-12-08,C102470,Centro,2025-08-17,Hogar,Set de sábanas,33.34,3,0.0,100.02,Directo
O513405,2025-12-09,C102836,Sur,2025-03-08,Deportes,Banda resistencia,35.09,2,0.0,70.18,Pauta pagada
O504801,2025-12-09,C101752,Oeste,2025-05-26,Deportes,Guantes gym,11.66,1,0.0,11.66,Orgánico
O504360,2025-12-09,C101352,Norte,2025-10-29,Electrónica,Audífonos BT,73.05,1,0.0,73.05,Email
O508324,2025-12-09,C101668,Sur,2025-06-14,Deportes,Botella térmica,14.51,1,0.15,14.51,Redes sociales
O512413,2025-12-09,C102672,Sur,2025-02-15,Hogar,Organizador closet,16.5,1,0.0,16.5,Redes sociales
O503374,2025-12-09,C103094,Oeste,2025-07-16,Electrónica,Audífonos BT,73.05,1,0.0,73.05,Directo
O515877,2025-12-09,C100207,Oeste,2025-08-20,Deportes,Banda resistencia,35.09,1,0.0,35.09,Redes sociales
O507345,2025-12-09,C102170,Sur,2025-04-05,Moda,Gorra,33.64,3,0.15,100.92,Pauta pagada
O503461,2025-12-09,C100638,Norte,2025-01-06,Belleza,Perfume,9.42,2,0.0,18.84,Directo
O508106,2025-12-09,C101886,Sur,2025-07-18,Deportes,Botella térmica,14.51,2,0.15,29.02,Orgánico
O515982,2025-12-09,C103218,Sur,2025-07-11,Moda,Tenis running,28.91,1,0.0,28.91,Redes sociales
O514716,2025-12-09,C101678,Este,2025-03-08,Hogar,Lámpara LED,58.38,3,0.0,175.14,Redes sociales
O511854,2025-12-09,C100647,Sur,2025-01-20,Hogar,Difusor aromas,51.63,3,0.0,154.89,Redes sociales
O507584,2025-12-09,C102740,Sur,2025-06-16,Deportes,Banda resistencia,35.09,3,0.0,105.27,Orgánico
O503404,2025-12-09,C100505,Centro,2025-06-09,Hogar,Cortina blackout,29.37,2,0.0,58.74,Pauta pagada
O514750,2025-12-09,C101918,Norte,2025-12-08,Moda,Jeans slim,29.04,1,0.0,29.04,Orgánico
O501914,2025-12-09,C100640,Centro,2025-02-06,Electrónica,Audífonos BT,73.05,3,0.0,219.15,Email
O502802,2025-12-09,C101348,Oeste,2025-11-05,Hogar,Organizador closet,14.85,1,0.1,14.85,Orgánico
O508178,2025-12-09,C100256,Centro,2025-07-13,Hogar,Lámpara LED,46.7,1,0.2,46.7,Directo
O503450,2025-12-09,C101898,Centro,2025-11-06,Hogar,Lámpara LED,58.38,1,0.0,58.38,Directo
O502722,2025-12-09,C102830,Sur,2025-06-10,Belleza,Protector solar,10.84,1,0.0,10.84,Orgánico
O510462,2025-12-09,C101916,Sur,2025-04-26,Deportes,Botella térmica,17.07,2,0.0,34.14,Orgánico
O515660,2025-12-09,C102487,Oeste,2025-03-10,Belleza,Shampoo reparador,10.68,2,0.0,21.36,Pauta pagada
O516188,2025-12-09,C101030,Oeste,2025-09-28,Hogar,Lámpara LED,58.38,2,0.0,116.76,Orgánico
O502374,2025-12-09,C103215,Este,2025-10-01,Moda,Tenis running,28.91,2,0.0,57.82,Orgánico
O509005,2025-12-09,C100152,Sur,2025-04-27,Belleza,Protector solar,9.21,3,0.15,27.63,Directo
O503861,2025-12-09,C102049,Norte,2025-11-22,Electrónica,Cargador rápido,42.81,2,0.0,85.62,Redes sociales
O510587,2025-12-09,C102692,Norte,2025-10-06,Hogar,Set de sábanas,33.34,2,0.0,66.68,Redes sociales
O507777,2025-12-09,C101884,Norte,2025-06-10,Deportes,Yoga mat,46.1,1,0.0,46.1,Orgánico
O501063,2025-12-09,C103027,Norte,2025-03-31,Belleza,Perfume,9.42,1,0.0,9.42,Orgánico
O501460,2025-12-09,C101616,Norte,2025-02-10,Hogar,Set de sábanas,33.34,1,0.0,33.34,Orgánico
O504524,2025-12-09,C103338,Centro,2025-08-26,Deportes,Mancuernas ajustables,41.15,2,0.0,82.3,Pauta pagada
O503722,2025-12-09,C103358,Este,2025-08-14,Hogar,Lámpara LED,58.38,2,0.0,116.76,Pauta pagada
O509130,2025-12-09,C102812,Este,2025-05-20,Belleza,Set de brochas,17.05,2,0.0,34.1,Pauta pagada
O505865,2025-12-09,C102996,Sur,2025-10-08,Deportes,Yoga mat,46.1,1,0.0,46.1,Orgánico
O513398,2025-12-09,C100357,Norte,2025-07-07,Hogar,Cortina blackout,26.43,3,0.1,79.29,Pauta pagada
O503688,2025-12-09,C100789,Este,2025-10-29,Belleza,Shampoo reparador,8.54,1,0.2,8.54,Orgánico
O503694,2025-12-09,C103453,Este,2025-11-27,Deportes,Guantes gym,10.49,2,0.1,20.98,Directo
O508794,2025-12-09,C103488,Centro,2025-09-01,Moda,Gorra,35.62,3,0.1,106.86,Directo
O508413,2025-12-09,C102858,Sur,2025-11-25,Moda,Tenis running,26.02,1,0.1,26.02,Pauta pagada
O505648,2025-12-09,C102993,Este,2025-07-09,Deportes,Yoga mat,41.49,1,0.1,41.49,Redes sociales
O510177,2025-12-09,C103073,Oeste,2025-08-22,Electrónica,Smartwatch,79.35,2,0.1,158.7,Directo
O507007,2025-12-09,C102781,Centro,2025-04-10,Moda,Jeans slim,29.04,1,0.0,29.04,Directo
O509405,2025-12-09,C100387,Este,2025-04-19,Hogar,Cortina blackout,24.96,1,0.15,24.96,Pauta pagada
O513388,2025-12-09,C101908,Sur,2025-10-24,Belleza,Perfume,9.42,1,0.0,9.42,Orgánico
O510202,2025-12-09,C102683,Norte,2025-06-08,Deportes,Yoga mat,46.1,1,0.0,46.1,Orgánico
O501848,2025-12-09,C100936,Centro,2025-02-21,Hogar,Organizador closet,16.5,3,0.0,49.5,Pauta pagada
O515793,2025-12-10,C102167,Norte,2025-04-05,Moda,Jeans slim,23.23,3,0.2,69.69,Orgánico
O514351,2025-12-10,C100321,Norte,2025-06-01,Belleza,Shampoo reparador,10.68,1,0.0,10.68,Orgánico
O514587,2025-12-10,C102979,Norte,2025-11-01,Moda,Gorra,39.58,2,0.0,79.16,Redes sociales
O513850,2025-12-10,C101179,Oeste,2025-10-15,Belleza,Shampoo reparador,10.68,1,0.0,10.68,Redes sociales
O500578,2025-12-10,C102585,Este,2025-07-18,Moda,Gorra,33.64,1,0.15,33.64,Redes sociales
O515426,2025-12-10,C103313,Centro,2025-10-18,Belleza,Set de brochas,17.05,1,0.0,17.05,Email
O500867,2025-12-10,C102384,Sur,2025-01-31,Belleza,Protector solar,10.84,1,0.0,10.84,Pauta pagada
O500261,2025-12-10,C101462,Centro,2025-11-18,Deportes,Mancuernas ajustables,41.15,2,0.0,82.3,Orgánico
O516178,2025-12-10,C101798,Sur,2025-10-02,Hogar,Difusor aromas,51.63,1,0.0,51.63,Orgánico
O505659,2025-12-10,C102814,Centro,2025-09-16,Moda,Camiseta básica,37.12,1,0.0,37.12,Directo
O508303,2025-12-10,C101520,Centro,2025-05-04,Deportes,Yoga mat,36.88,1,0.2,36.88,Directo
O503192,2025-12-10,C103281,Sur,2025-01-27,Electrónica,Cargador rápido,42.81,1,0.0,42.81,Directo
O503552,2025-12-10,C102895,Oeste,2025-07-21,Moda,Gorra,39.58,2,0.0,79.16,Directo
O511449,2025-12-10,C102575,Centro,2025-11-04,Deportes,Botella térmica,15.36,2,0.1,30.72,Orgánico
O502978,2025-12-10,C101913,Sur,2025-11-30,Electrónica,Audífonos BT,73.05,2,0.0,146.1,Directo
O504732,2025-12-10,C103018,Sur,2025-02-19,Electrónica,Smartwatch,74.94,1,0.15,74.94,Email
O503237,2025-12-10,C101403,Sur,2025-08-06,Deportes,Banda resistencia,35.09,1,0.0,35.09,Email
O509054,2025-12-10,C102728,Oeste,2025-04-14,Electrónica,Smartwatch,70.54,2,0.2,141.08,Pauta pagada
O513315,2025-12-10,C102412,Norte,2025-02-24,Belleza,Perfume,7.54,3,0.2,22.62,Email
O504693,2025-12-10,C101077,Norte,2025-01-31,Electrónica,Smartwatch,88.17,3,0.0,264.51,Email
O507602,2025-12-10,C100651,Centro,2025-01-16,Moda,Mochila urbana,19.25,1,0.0,19.25,Directo
O512715,2025-12-10,C101460,Sur,2025-05-06,Electrónica,Parlante portátil,32.04,2,0.0,64.08,Directo
O501599,2025-12-10,C100427,Este,2025-01-31,Electrónica,Cargador rápido,38.53,1,0.1,38.53,Orgánico
O501836,2025-12-10,C101242,Oeste,2025-01-11,Electrónica,Cargador rápido,42.81,1,0.0,42.81,Pauta pagada
O505862,2025-12-10,C101594,Centro,2025-09-29,Deportes,Mancuernas ajustables,34.98,1,0.15,34.98,Email
O512237,2025-12-10,C100581,Oeste,2025-03-29,Deportes,Guantes gym,11.66,2,0.0,23.32,Orgánico
O507861,2025-12-10,C103470,Norte,2025-08-22,Moda,Jeans slim,29.04,1,0.0,29.04,Directo
O507865,2025-12-10,C101580,Centro,2025-05-10,Moda,Tenis running,28.91,3,0.0,86.73,Pauta pagada
O505353,2025-12-10,C100025,Oeste,2025-06-26,Deportes,Banda resistencia,35.09,3,0.0,105.27,Orgánico
O501510,2025-12-10,C102877,Sur,2025-11-28,Belleza,Perfume,8.01,2,0.15,16.02,Orgánico
O511058,2025-12-10,C102934,Oeste,2025-08-18,Deportes,Botella térmica,17.07,1,0.0,17.07,Email
O508706,2025-12-10,C101961,Oeste,2025-10-10,Hogar,Lámpara LED,58.38,1,0.0,58.38,Orgánico
O512626,2025-12-10,C101020,Norte,2025-05-15,Deportes,Yoga mat,46.1,2,0.0,92.2,Email
O505135,2025-12-10,C101088,Oeste,2025-10-10,Hogar,Organizador closet,16.5,1,0.0,16.5,Pauta pagada
O503871,2025-12-10,C103199,Centro,2025-06-30,Electrónica,Audífonos BT,73.05,2,0.0,146.1,Email
O502989,2025-12-10,C102350,Centro,2025-11-12,Hogar,Difusor aromas,51.63,2,0.0,103.26,Pauta pagada
O511636,2025-12-10,C102178,Este,2025-10-03,Hogar,Set de sábanas,33.34,1,0.0,33.34,Redes sociales
O513208,2025-12-10,C102523,Norte,2025-09-15,Moda,Tenis running,28.91,1,0.0,28.91,Directo
O503338,2025-12-10,C100532,Sur,2025-02-14,Electrónica,Power bank,71.86,3,0.0,215.58,Directo
O506491,2025-12-10,C102236,Centro,2025-03-31,Belleza,Shampoo reparador,9.08,2,0.15,18.16,Redes sociales
O512492,2025-12-10,C100529,Centro,2025-11-07,Moda,Jeans slim,29.04,1,0.0,29.04,Orgánico
O506760,2025-12-10,C102580,Sur,2025-12-03,Electrónica,Smartwatch,79.35,1,0.1,79.35,Directo
O504972,2025-12-10,C102736,Sur,2025-09-30,Moda,Mochila urbana,19.25,3,0.0,57.75,Redes sociales
O505477,2025-12-10,C101341,Sur,2025-05-07,Hogar,Difusor aromas,51.63,1,0.0,51.63,Redes sociales
O503915,2025-12-10,C103038,Centro,2025-03-05,Hogar,Difusor aromas,51.63,1,0.0,51.63,Pauta pagada
O506831,2025-12-10,C100212,Sur,2025-10-01,Belleza,Shampoo reparador,9.61,1,0.1,9.61,Pauta pagada
O512752,2025-12-10,C102175,Centro,2025-07-24,Belleza,Set de brochas,17.05,1,0.0,17.05,Redes sociales
O507043,2025-12-10,C100808,Oeste,2025-06-04,Deportes,Banda resistencia,35.09,1,0.0,35.09,Orgánico
O509686,2025-12-10,C100466,Norte,2025-07-08,Deportes,Banda resistencia,35.09,2,0.0,70.18,Redes sociales
O505640,2025-12-10,C100737,Este,2025-04-26,Deportes,Mancuernas ajustables,41.15,2,0.0,82.3,Orgánico
O514994,2025-12-11,C102370,Sur,2025-11-06,Belleza,Perfume,9.42,1,0.0,9.42,Directo
O508647,2025-12-11,C100275,Oeste,2025-04-24,Hogar,Set de sábanas,33.34,2,0.0,66.68,Redes sociales
O513206,2025-12-11,C101484,Oeste,2025-11-11,Deportes,Botella térmica,14.51,3,0.15,43.53,Redes sociales
O508125,2025-12-11,C100988,Norte,2025-04-19,Belleza,Set de brochas,17.05,2,0.0,34.1,Email
O502072,2025-12-11,C101345,Sur,2025-03-02,Hogar,Set de sábanas,28.34,2,0.15,56.68,Pauta pagada
O503162,2025-12-11,C101342,Norte,2025-05-20,Moda,Gorra,39.58,1,0.0,39.58,Orgánico
O505334,2025-12-11,C102230,Norte,2025-08-26,Deportes,Yoga mat,46.1,1,0.0,46.1,Orgánico
O500476,2025-12-11,C101431,Norte,2025-01-05,Deportes,Mancuernas ajustables,37.03,2,0.1,74.06,Redes sociales
O514752,2025-12-11,C100283,Este,2025-04-14,Electrónica,Audífonos BT,73.05,2,0.0,146.1,Orgánico
O508694,2025-12-11,C100997,Norte,2025-06-19,Belleza,Set de brochas,17.05,2,0.0,34.1,Orgánico
O504027,2025-12-11,C100055,Oeste,2025-02-21,Deportes,Yoga mat,46.1,3,0.0,138.3,Redes sociales
O515316,2025-12-11,C102996,Sur,2025-10-08,Deportes,Botella térmica,14.51,1,0.15,14.51,Email
O514321,2025-12-11,C103199,Centro,2025-06-30,Deportes,Banda resistencia,28.07,1,0.2,28.07,Pauta pagada
O513245,2025-12-11,C101435,Centro,2025-07-09,Belleza,Set de brochas,17.05,3,0.0,51.15,Pauta pagada
O513055,2025-12-11,C103375,Este,2025-09-29,Belleza,Shampoo reparador,10.68,1,0.0,10.68,Redes sociales
O510593,2025-12-11,C101989,Centro,2025-11-19,Belleza,Protector solar,10.84,1,0.0,10.84,Directo
O512344,2025-12-11,C102672,Sur,2025-02-15,Hogar,Difusor aromas,51.63,2,0.0,103.26,Orgánico
O503037,2025-12-11,C101184,Sur,2025-04-27,Belleza,Serum facial,18.83,1,0.15,18.83,Pauta pagada
O512392,2025-12-11,C101857,Oeste,2025-02-20,Hogar,Organizador closet,13.2,2,0.2,26.4,Directo
O503831,2025-12-11,C103373,Norte,2025-06-10,Hogar,Organizador closet,16.5,3,0.0,49.5,Orgánico
O503175,2025-12-11,C100719,Sur,2025-01-14,Moda,Tenis running,23.13,1,0.2,23.13,Orgánico
O513291,2025-12-11,C101915,Sur,2025-12-04,Electrónica,Power bank,71.86,1,0.0,71.86,Orgánico
O505326,2025-12-11,C101885,Centro,2025-09-08,Hogar,Organizador closet,16.5,2,0.0,33.0,Orgánico
O514827,2025-12-11,C102409,Centro,2025-02-28,Hogar,Difusor aromas,51.63,2,0.0,103.26,Email
O514339,2025-12-11,C100814,Este,2025-10-02,Hogar,Difusor aromas,51.63,1,0.0,51.63,Pauta pagada
O510423,2025-12-11,C101543,Norte,2025-04-12,Belleza,Set de brochas,13.64,2,0.2,27.28,Directo
O516330,2025-12-11,C103046,Norte,2025-03-19,Deportes,Yoga mat,46.1,1,0.0,46.1,Redes sociales
O503275,2025-12-11,C101896,Centro,2025-03-06,Deportes,Botella térmica,17.07,1,0.0,17.07,Pauta pagada
O503616,2025-12-11,C103021,Sur,2025-05-31,Electrónica,Power bank,71.86,2,0.0,143.72,Email
O514128,2025-12-11,C102317,Oeste,2025-08-20,Hogar,Cortina blackout,29.37,2,0.0,58.74,Email
O504736,2025-12-11,C100864,Oeste,2025-03-12,Hogar,Difusor aromas,46.47,1,0.1,46.47,Orgánico
O501205,2025-12-11,C102367,Este,2025-01-20,Moda,Jeans slim,29.04,2,0.0,58.08,Orgánico
O509262,2025-12-11,C103233,Este,2025-03-26,Hogar,Difusor aromas,51.63,1,0.0,51.63,Redes sociales
O505560,2025-12-11,C100316,Oeste,2025-03-25,Hogar,Cortina blackout,24.96,2,0.15,49.92,Redes sociales
O501446,2025-12-11,C101364,Sur,2025-01-22,Electrónica,Cargador rápido,42.81,1,0.0,42.81,Orgánico
O513683,2025-12-11,C101261,Centro,2025-03-25,Deportes,Yoga mat,46.1,1,0.0,46.1,Pauta pagada
O500075,2025-12-11,C102939,Este,2025-11-01,Moda,Tenis running,28.91,2,0.0,57.82,Redes sociales
O507034,2025-12-11,C101666,Este,2025-04-14,Electrónica,Smartwatch,88.17,2,0.0,176.34,Directo
O511945,2025-12-11,C101508,Oeste,2025-07-28,Electrónica,Audífonos BT,73.05,2,0.0,146.1,Orgánico
O514495,2025-12-11,C103066,Norte,2025-08-19,Moda,Camiseta básica,29.7,2,0.2,59.4,Pauta pagada
O503462,2025-12-11,C101983,Centro,2025-02-20,Electrónica,Parlante portátil,32.04,2,0.0,64.08,Orgánico
O515961,2025-12-11,C101389,Sur,2025-04-10,Moda,Gorra,35.62,3,0.1,106.86,Orgánico
O511715,2025-12-11,C103275,Oeste,2025-03-19,Hogar,Difusor aromas,51.63,2,0.0,103.26,Orgánico
O503456,2025-12-11,C102642,Sur,2025-05-13,Moda,Mochila urbana,19.25,2,0.0,38.5,Orgánico
O506960,2025-12-11,C102544,Este,2025-01-26,Electrónica,Cargador rápido,42.81,1,0.0,42.81,Pauta pagada
O506927,2025-12-11,C100552,Oeste,2025-07-08,Belleza,Serum facial,17.72,3,0.2,53.16,Directo
O506877,2025-12-11,C102365,Centro,2025-09-02,Hogar,Organizador closet,16.5,1,0.0,16.5,Orgánico
O509867,2025-12-11,C100789,Este,2025-10-29,Moda,Mochila urbana,19.25,2,0.0,38.5,Email
O501377,2025-12-11,C100726,Oeste,2025-02-04,Moda,Camiseta básica,31.55,2,0.15,63.1,Redes sociales
O510002,2025-12-11,C102827,Sur,2025-10-25,Deportes,Botella térmica,14.51,1,0.15,14.51,Orgánico
O516261,2025-12-11,C101712,Este,2025-02-22,Deportes,Banda resistencia,31.58,1,0.1,31.58,Email
O506407,2025-12-11,C100078,Centro,2025-02-21,Belleza,Set de brochas,13.64,1,0.2,13.64,Orgánico
O507829,2025-12-11,C100314,Centro,2025-11-21,Electrónica,Audífonos BT,73.05,2,0.0,146.1,Orgánico
O516085,2025-12-11,C102970,Sur,2025-09-13,Deportes,Banda resistencia,31.58,1,0.1,31.58,Redes sociales
O515017,2025-12-11,C101264,Sur,2025-04-01,Belleza,Set de brochas,17.05,3,0.0,51.15,Pauta pagada
O503283,2025-12-11,C101515,Norte,2025-12-08,Moda,Jeans slim,23.23,2,0.2,46.46,Directo
O511078,2025-12-11,C102049,Norte,2025-11-22,Electrónica,Smartwatch,88.17,3,0.0,264.51,Orgánico
O513533,2025-12-11,C103408,Sur,2025-05-03,Moda,Jeans slim,29.04,2,0.0,58.08,Pauta pagada
O511252,2025-12-11,C102001,Norte,2025-07-21,Moda,Gorra,39.58,3,0.0,118.74,Pauta pagada
O513565,2025-12-11,C101883,Centro,2025-05-26,Hogar,Organizador closet,16.5,2,0.0,33.0,Pauta pagada
O504550,2025-12-11,C103276,Norte,2025-02-18,Electrónica,Smartwatch,88.17,2,0.0,176.34,Redes sociales
O515783,2025-12-11,C102750,Oeste,2025-10-11,Moda,Gorra,39.58,1,0.0,39.58,Directo
O512524,2025-12-11,C100396,Oeste,2025-06-18,Deportes,Banda resistencia,35.09,3,0.0,105.27,Redes sociales
O512915,2025-12-11,C101705,Centro,2025-05-27,Deportes,Yoga mat,36.88,3,0.2,110.64,Redes sociales
O511211,2025-12-11,C102991,Sur,2025-03-17,Belleza,Shampoo reparador,10.68,1,0.0,10.68,Email
O512702,2025-12-11,C102568,Centro,2025-02-16,Deportes,Yoga mat,41.49,2,0.1,82.98,Directo
O501198,2025-12-11,C101112,Este,2025-05-09,Moda,Jeans slim,23.23,1,0.2,23.23,Directo
O512826,2025-12-12,C101226,Norte,2025-06-29,Hogar,Lámpara LED,58.38,2,0.0,116.76,Pauta pagada
O503947,2025-12-12,C100872,Norte,2025-04-09,Hogar,Lámpara LED,58.38,3,0.0,175.14,Redes sociales
O510138,2025-12-12,C101335,Sur,2025-04-26,Moda,Tenis running,24.57,2,0.15,49.14,Orgánico
O508777,2025-12-12,C100475,Norte,2025-02-12,Deportes,Banda resistencia,35.09,3,0.0,105.27,Pauta pagada
O508782,2025-12-12,C101081,Norte,2025-09-19,Moda,Jeans slim,29.04,2,0.0,58.08,Redes sociales
O515400,2025-12-12,C100210,Sur,2025-09-22,Electrónica,Smartwatch,88.17,1,0.0,88.17,Email
O503320,2025-12-12,C101713,Centro,2025-10-26,Deportes,Guantes gym,11.66,1,0.0,11.66,Email
O506342,2025-12-12,C102133,Norte,2025-05-24,Hogar,Organizador closet,16.5,1,0.0,16.5,Email
O503444,2025-12-12,C103356,Centro,2025-04-30,Moda,Gorra,39.58,2,0.0,79.16,Orgánico
O501864,2025-12-12,C103252,Norte,2025-04-24,Hogar,Cortina blackout,29.37,1,0.0,29.37,Pauta pagada
O513009,2025-12-12,C100919,Centro,2025-12-01,Belleza,Perfume,8.01,2,0.15,16.02,Pauta pagada
O501263,2025-12-12,C102211,Este,2025-03-20,Moda,Jeans slim,26.14,1,0.1,26.14,Email
O513057,2025-12-12,C100583,Sur,2025-02-22,Belleza,Serum facial,22.15,2,0.0,44.3,Redes sociales
O506369,2025-12-12,C103435,Este,2025-02-26,Moda,Tenis running,28.91,1,0.0,28.91,Redes sociales
O512675,2025-12-12,C102054,Centro,2025-12-01,Hogar,Difusor aromas,46.47,2,0.1,92.94,Orgánico
O503677,2025-12-12,C101614,Este,2025-11-01,Electrónica,Audífonos BT,73.05,1,0.0,73.05,Email
O515331,2025-12-12,C103103,Centro,2025-09-23,Hogar,Cortina blackout,29.37,2,0.0,58.74,Pauta pagada
O509756,2025-12-12,C103124,Oeste,2025-09-03,Electrónica,Audífonos BT,73.05,2,0.0,146.1,Orgánico
O504441,2025-12-12,C100858,Sur,2025-12-10,Hogar,Organizador closet,16.5,2,0.0,33.0,Redes sociales
O502758,2025-12-12,C102220,Sur,2025-11-22,Deportes,Banda resistencia,29.83,1,0.15,29.83,Directo
O505186,2025-12-12,C101367,Centro,2025-07-05,Deportes,Yoga mat,36.88,1,0.2,36.88,Directo
O507933,2025-12-12,C102482,Sur,2025-12-06,Belleza,Set de brochas,15.34,1,0.1,15.34,Redes sociales
O507928,2025-12-12,C102757,Sur,2025-06-05,Deportes,Botella térmica,14.51,3,0.15,43.53,Pauta pagada
O502685,2025-12-12,C102520,Este,2025-08-30,Hogar,Organizador closet,16.5,2,0.0,33.0,Directo
O514654,2025-12-12,C101026,Centro,2025-08-28,Belleza,Shampoo reparador,10.68,2,0.0,21.36,Email
O502619,2025-12-12,C102100,Norte,2025-07-16,Deportes,Mancuernas ajustables,34.98,2,0.15,69.96,Pauta pagada
O511302,2025-12-12,C101355,Este,2025-11-21,Electrónica,Audífonos BT,62.09,2,0.15,124.18,Pauta pagada
O501465,2025-12-12,C100791,Centro,2025-11-09,Deportes,Botella térmica,17.07,2,0.0,34.14,Directo
O502083,2025-12-12,C101329,Centro,2025-08-08,Hogar,Set de sábanas,33.34,1,0.0,33.34,Pauta pagada
O512106,2025-12-12,C102293,Este,2025-05-19,Deportes,Mancuernas ajustables,41.15,1,0.0,41.15,Redes sociales
O512028,2025-12-12,C102045,Norte,2025-10-20,Belleza,Shampoo reparador,9.61,1,0.1,9.61,Pauta pagada
O511583,2025-12-12,C100233,Sur,2025-10-18,Hogar,Lámpara LED,58.38,1,0.0,58.38,Pauta pagada
O505950,2025-12-12,C101868,Este,2025-07-19,Moda,Camiseta básica,29.7,1,0.2,29.7,Directo
O501426,2025-12-12,C100362,Sur,2025-10-14,Belleza,Serum facial,22.15,2,0.0,44.3,Redes sociales
O507025,2025-12-12,C101503,Este,2025-05-25,Belleza,Protector solar,10.84,2,0.0,21.68,Redes sociales
O501411,2025-12-12,C102043,Oeste,2025-10-01,Deportes,Yoga mat,46.1,3,0.0,138.3,Email
O506949,2025-12-12,C102149,Centro,2025-09-26,Belleza,Protector solar,9.21,3,0.15,27.63,Orgánico
O506874,2025-12-12,C100121,Sur,2025-08-30,Hogar,Lámpara LED,58.38,2,0.0,116.76,Redes sociales
O511758,2025-12-12,C101552,Centro,2025-06-15,Belleza,Serum facial,19.93,3,0.1,59.79,Directo
O504827,2025-12-12,C102095,Centro,2025-04-04,Deportes,Banda resistencia,31.58,3,0.1,94.74,Orgánico
O512353,2025-12-12,C102194,Norte,2025-08-07,Deportes,Banda resistencia,29.83,3,0.15,89.49,Orgánico
O515101,2025-12-12,C102230,Norte,2025-08-26,Electrónica,Smartwatch,88.17,1,0.0,88.17,Redes sociales
O514322,2025-12-12,C102605,Este,2025-01-29,Electrónica,Parlante portátil,32.04,1,0.0,32.04,Pauta pagada
O506377,2025-12-12,C103387,Norte,2025-07-02,Hogar,Cortina blackout,24.96,3,0.15,74.88,Orgánico
O508498,2025-12-12,C100838,Norte,2025-08-26,Deportes,Botella térmica,17.07,3,0.0,51.21,Directo
O508526,2025-12-12,C101868,Este,2025-07-19,Hogar,Cortina blackout,29.37,1,0.0,29.37,Orgánico
O505311,2025-12-12,C100729,Norte,2025-07-26,Deportes,Botella térmica,15.36,2,0.1,30.72,Email
O508294,2025-12-12,C103408,Sur,2025-05-03,Moda,Camiseta básica,37.12,1,0.0,37.12,Orgánico
O505174,2025-12-12,C102988,Centro,2025-11-19,Belleza,Set de brochas,15.34,3,0.1,46.02,Pauta pagada
O514012,2025-12-12,C101887,Norte,2025-01-09,Deportes,Guantes gym,9.33,2,0.2,18.66,Pauta pagada
O510563,2025-12-12,C102435,Este,2025-06-25,Moda,Camiseta básica,31.55,1,0.15,31.55,Pauta pagada
O512518,2025-12-12,C103296,Oeste,2025-05-30,Belleza,Protector solar,10.84,2,0.0,21.68,Redes sociales
O506534,2025-12-12,C100650,Norte,2025-01-02,Deportes,Guantes gym,11.66,2,0.0,23.32,Redes sociales
O508663,2025-12-12,C101128,Centro,2025-07-03,Hogar,Cortina blackout,29.37,2,0.0,58.74,Pauta pagada
O510357,2025-12-12,C101128,Centro,2025-07-03,Belleza,Serum facial,22.15,2,0.0,44.3,Orgánico
O506296,2025-12-12,C102966,Este,2025-01-02,Belleza,Protector solar,10.84,2,0.0,21.68,Redes sociales
O501078,2025-12-13,C101204,Sur,2025-07-28,Belleza,Serum facial,18.83,1,0.15,18.83,Email
O514925,2025-12-13,C101144,Sur,2025-03-20,Moda,Gorra,39.58,1,0.0,39.58,Orgánico
O512731,2025-12-13,C103317,Norte,2025-02-26,Moda,Mochila urbana,19.25,1,0.0,19.25,Pauta pagada
O501115,2025-12-13,C102197,Este,2025-08-24,Belleza,Protector solar,10.84,1,0.0,10.84,Orgánico
O509958,2025-12-13,C101606,Centro,2025-05-17,Deportes,Yoga mat,46.1,2,0.0,92.2,Redes sociales
O500780,2025-12-13,C101684,Este,2025-02-23,Electrónica,Audífonos BT,73.05,1,0.0,73.05,Orgánico
O506059,2025-12-13,C101618,Oeste,2025-01-12,Electrónica,Power bank,64.67,2,0.1,129.34,Directo
O500062,2025-12-13,C102173,Sur,2025-10-29,Hogar,Difusor aromas,46.47,1,0.1,46.47,Orgánico
O500915,2025-12-13,C102397,Centro,2025-10-15,Moda,Tenis running,26.02,1,0.1,26.02,Email
O511233,2025-12-13,C101287,Norte,2025-02-10,Hogar,Difusor aromas,51.63,3,0.0,154.89,Orgánico
O505358,2025-12-13,C100024,Norte,2025-06-02,Belleza,Set de brochas,17.05,3,0.0,51.15,Directo
O510788,2025-12-13,C103207,Este,2025-01-12,Moda,Camiseta básica,37.12,2,0.0,74.24,Pauta pagada
O502813,2025-12-13,C102931,Este,2025-03-13,Electrónica,Power bank,71.86,1,0.0,71.86,Redes sociales
O502786,2025-12-13,C100774,Centro,2025-10-27,Belleza,Set de brochas,17.05,2,0.0,34.1,Pauta pagada
O510176,2025-12-13,C102805,Centro,2025-06-24,Belleza,Protector solar,10.84,2,0.0,21.68,Pauta pagada
O514721,2025-12-13,C102486,Este,2025-07-29,Moda,Jeans slim,24.68,1,0.15,24.68,Redes sociales
O505348,2025-12-13,C103269,Sur,2025-12-03,Hogar,Set de sábanas,33.34,1,0.0,33.34,Orgánico
O514341,2025-12-13,C101005,Norte,2025-01-31,Electrónica,Cargador rápido,42.81,2,0.0,85.62,Directo
O502728,2025-12-13,C102775,Centro,2025-08-17,Electrónica,Power bank,64.67,1,0.1,64.67,Redes sociales
O514670,2025-12-13,C101055,Oeste,2025-09-03,Hogar,Difusor aromas,51.63,1,0.0,51.63,Pauta pagada
O512196,2025-12-13,C101669,Sur,2025-07-13,Electrónica,Power bank,71.86,1,0.0,71.86,Orgánico
O516186,2025-12-13,C102354,Sur,2025-10-04,Moda,Camiseta básica,31.55,2,0.15,63.1,Email
O510225,2025-12-13,C101424,Norte,2025-09-19,Moda,Gorra,39.58,1,0.0,39.58,Redes sociales
O503296,2025-12-13,C102830,Sur,2025-06-10,Hogar,Difusor aromas,51.63,2,0.0,103.26,Directo
O514819,2025-12-13,C102241,Oeste,2025-04-07,Moda,Jeans slim,23.23,2,0.2,46.46,Directo
O510354,2025-12-13,C102433,Centro,2025-10-24,Moda,Mochila urbana,19.25,1,0.0,19.25,Directo
O503583,2025-12-13,C103446,Oeste,2025-04-23,Electrónica,Smartwatch,74.94,2,0.15,149.88,Orgánico
O512776,2025-12-13,C102361,Sur,2025-12-05,Deportes,Botella térmica,17.07,1,0.0,17.07,Orgánico
O513624,2025-12-13,C102773,Sur,2025-03-14,Hogar,Organizador closet,16.5,2,0.0,33.0,Redes sociales
O508901,2025-12-13,C103314,Oeste,2025-10-13,Deportes,Yoga mat,41.49,1,0.1,41.49,Email
O508873,2025-12-13,C100170,Norte,2025-12-05,Hogar,Organizador closet,16.5,1,0.0,16.5,Redes sociales
O505126,2025-12-13,C101427,Sur,2025-06-03,Deportes,Banda resistencia,35.09,2,0.0,70.18,Redes sociales
O504680,2025-12-13,C102203,Norte,2025-06-21,Moda,Gorra,39.58,1,0.0,39.58,Directo
O515785,2025-12-13,C102550,Sur,2025-10-17,Belleza,Shampoo reparador,9.61,2,0.1,19.22,Orgánico
O501754,2025-12-13,C102080,Oeste,2025-01-24,Hogar,Organizador closet,16.5,1,0.0,16.5,Email
O513508,2025-12-13,C102186,Centro,2025-08-22,Electrónica,Parlante portátil,25.63,2,0.2,51.26,Redes sociales
O508700,2025-12-13,C100302,Centro,2025-10-30,Belleza,Shampoo reparador,8.54,2,0.2,17.08,Orgánico
O503980,2025-12-13,C103481,Oeste,2025-11-10,Electrónica,Parlante portátil,32.04,1,0.0,32.04,Pauta pagada
O513188,2025-12-13,C101803,Sur,2025-12-12,Deportes,Mancuernas ajustables,41.15,1,0.0,41.15,Redes sociales
O507896,2025-12-13,C103309,Norte,2025-06-20,Electrónica,Cargador rápido,42.81,2,0.0,85.62,Directo
O509065,2025-12-13,C101094,Norte,2025-03-10,Electrónica,Parlante portátil,32.04,2,0.0,64.08,Orgánico
O513473,2025-12-13,C100333,Norte,2025-01-19,Moda,Jeans slim,29.04,1,0.0,29.04,Pauta pagada
O504028,2025-12-13,C102062,Oeste,2025-07-06,Hogar,Difusor aromas,51.63,1,0.0,51.63,Directo
O504351,2025-12-13,C102575,Centro,2025-11-04,Hogar,Lámpara LED,58.38,1,0.0,58.38,Pauta pagada
O508561,2025-12-13,C100007,Este,2025-02-07,Belleza,Serum facial,22.15,1,0.0,22.15,Redes sociales
O513236,2025-12-13,C100282,Sur,2025-02-26,Deportes,Banda resistencia,35.09,1,0.0,35.09,Orgánico
O504130,2025-12-13,C101605,Este,2025-11-07,Deportes,Banda resistencia,35.09,2,0.0,70.18,Pauta pagada
O513972,2025-12-13,C101403,Sur,2025-08-06,Moda,Jeans slim,29.04,2,0.0,58.08,Redes sociales
O506595,2025-12-13,C100712,Norte,2025-11-03,Electrónica,Power bank,71.86,1,0.0,71.86,Orgánico
O513425,2025-12-13,C100373,Sur,2025-06-02,Electrónica,Power bank,71.86,1,0.0,71.86,Redes sociales
O508060,2025-12-13,C102407,Oeste,2025-04-09,Belleza,Set de brochas,17.05,2,0.0,34.1,Email
O504335,2025-12-13,C102182,Centro,2025-03-01,Hogar,Organizador closet,16.5,1,0.0,16.5,Email
O513280,2025-12-13,C100368,Sur,2025-01-23,Hogar,Set de sábanas,26.67,2,0.2,53.34,Orgánico
O508192,2025-12-13,C100776,Este,2025-01-29,Deportes,Banda resistencia,31.58,2,0.1,63.16,Email
O515453,2025-12-13,C102826,Este,2025-02-09,Belleza,Set de brochas,17.05,2,0.0,34.1,Orgánico
O500349,2025-12-13,C102763,Norte,2025-09-26,Moda,Mochila urbana,17.32,2,0.1,34.64,Orgánico
O513922,2025-12-13,C101628,Oeste,2025-09-23,Belleza,Serum facial,18.83,3,0.15,56.49,Pauta pagada
O507467,2025-12-13,C100706,Centro,2025-05-27,Moda,Jeans slim,29.04,3,0.0,87.12,Email
O504977,2025-12-13,C102260,Norte,2025-03-14,Moda,Tenis running,28.91,2,0.0,57.82,Orgánico
O500255,2025-12-13,C102662,Centro,2025-06-22,Electrónica,Cargador rápido,36.39,1,0.15,36.39,Directo
O515163,2025-12-13,C101737,Oeste,2025-03-19,Deportes,Botella térmica,17.07,1,0.0,17.07,Directo
O513729,2025-12-13,C102953,Centro,2025-02-21,Deportes,Yoga mat,46.1,3,0.0,138.3,Redes sociales
O504924,2025-12-13,C100229,Oeste,2025-02-09,Electrónica,Cargador rápido,42.81,1,0.0,42.81,Pauta pagada
O512884,2025-12-13,C103194,Este,2025-12-02,Moda,Mochila urbana,19.25,1,0.0,19.25,Email
O509513,2025-12-13,C102430,Norte,2025-02-12,Moda,Gorra,39.58,1,0.0,39.58,Orgánico
O509163,2025-12-13,C101083,Sur,2025-10-22,Moda,Jeans slim,29.04,2,0.0,58.08,Redes sociales
O504879,2025-12-13,C101074,Centro,2025-11-13,Hogar,Lámpara LED,52.54,3,0.1,157.62,Orgánico
O507196,2025-12-13,C100070,Centro,2025-04-28,Hogar,Set de sábanas,33.34,1,0.0,33.34,Pauta pagada
O503584,2025-12-13,C100656,Oeste,2025-05-31,Moda,Camiseta básica,37.12,2,0.0,74.24,Orgánico
O515222,2025-12-13,C101244,Sur,2025-05-30,Belleza,Perfume,9.42,2,0.0,18.84,Pauta pagada
O503593,2025-12-13,C100523,Norte,2025-09-19,Electrónica,Smartwatch,88.17,2,0.0,176.34,Pauta pagada
O515200,2025-12-13,C102050,Oeste,2025-04-08,Moda,Jeans slim,29.04,3,0.0,87.12,Orgánico
O515559,2025-12-13,C103300,Norte,2025-06-10,Moda,Mochila urbana,19.25,1,0.0,19.25,Orgánico
O509361,2025-12-13,C102245,Centro,2025-03-16,Deportes,Yoga mat,46.1,1,0.0,46.1,Email
O503678,2025-12-13,C101132,Norte,2025-05-07,Deportes,Banda resistencia,35.09,3,0.0,105.27,Redes sociales
O506685,2025-12-13,C102604,Centro,2025-09-22,Hogar,Set de sábanas,30.01,1,0.1,30.01,Redes sociales
O506441,2025-12-13,C102403,Sur,2025-05-17,Hogar,Set de sábanas,33.34,3,0.0,100.02,Directo
O511767,2025-12-14,C102965,Centro,2025-04-07,Hogar,Set de sábanas,33.34,1,0.0,33.34,Orgánico
O510804,2025-12-14,C103056,Oeste,2025-04-11,Electrónica,Audífonos BT,73.05,1,0.0,73.05,Orgánico
O511265,2025-12-14,C100644,Norte,2025-10-01,Belleza,Protector solar,10.84,1,0.0,10.84,Redes sociales
O504322,2025-12-14,C100207,Oeste,2025-08-20,Hogar,Lámpara LED,58.38,3,0.0,175.14,Pauta pagada
O515601,2025-12-14,C102018,Este,2025-02-13,Deportes,Banda resistencia,35.09,2,0.0,70.18,Email
O508164,2025-12-14,C101045,Centro,2025-07-07,Moda,Tenis running,28.91,1,0.0,28.91,Email
O501573,2025-12-14,C102004,Este,2025-04-18,Moda,Gorra,39.58,2,0.0,79.16,Pauta pagada
O506965,2025-12-14,C100716,Centro,2025-08-08,Moda,Mochila urbana,19.25,2,0.0,38.5,Pauta pagada
O500009,2025-12-14,C101534,Norte,2025-09-23,Hogar,Set de sábanas,33.34,2,0.0,66.68,Orgánico
O507227,2025-12-14,C103122,Este,2025-04-23,Deportes,Guantes gym,11.66,1,0.0,11.66,Redes sociales
O513546,2025-12-14,C102782,Norte,2025-07-25,Deportes,Banda resistencia,35.09,2,0.0,70.18,Redes sociales
O510966,2025-12-14,C103457,Sur,2025-10-03,Deportes,Banda resistencia,29.83,1,0.15,29.83,Email
O500440,2025-12-14,C102491,Este,2025-02-05,Moda,Jeans slim,29.04,2,0.0,58.08,Redes sociales
O508216,2025-12-14,C100219,Centro,2025-12-07,Hogar,Organizador closet,13.2,1,0.2,13.2,Orgánico
O514724,2025-12-14,C103298,Norte,2025-04-23,Moda,Gorra,39.58,1,0.0,39.58,Directo
O513696,2025-12-14,C101859,Norte,2025-04-14,Deportes,Botella térmica,17.07,3,0.0,51.21,Pauta pagada
O502587,2025-12-14,C101036,Norte,2025-11-28,Moda,Tenis running,28.91,3,0.0,86.73,Directo
O502448,2025-12-14,C100029,Oeste,2025-01-31,Electrónica,Parlante portátil,28.84,3,0.1,86.52,Email
O505403,2025-12-14,C100857,Oeste,2025-11-28,Belleza,Set de brochas,17.05,3,0.0,51.15,Email
O501138,2025-12-14,C101173,Centro,2025-09-04,Electrónica,Parlante portátil,25.63,2,0.2,51.26,Pauta pagada
O505110,2025-12-14,C100314,Centro,2025-11-21,Electrónica,Audífonos BT,73.05,3,0.0,219.15,Redes sociales
O506676,2025-12-14,C103305,Oeste,2025-06-13,Belleza,Shampoo reparador,10.68,1,0.0,10.68,Pauta pagada
O515876,2025-12-14,C103079,Sur,2025-12-01,Deportes,Yoga mat,46.1,1,0.0,46.1,Orgánico
O502311,2025-12-14,C101066,Sur,2025-09-17,Belleza,Serum facial,22.15,2,0.0,44.3,Orgánico
O504032,2025-12-14,C102061,Sur,2025-01-25,Hogar,Set de sábanas,33.34,3,0.0,100.02,Orgánico
O509372,2025-12-14,C101846,Este,2025-12-10,Moda,Jeans slim,26.14,2,0.1,52.28,Pauta pagada
O506475,2025-12-14,C100272,Centro,2025-03-12,Deportes,Yoga mat,36.88,2,0.2,73.76,Redes sociales
O503828,2025-12-14,C100316,Oeste,2025-03-25,Hogar,Lámpara LED,58.38,2,0.0,116.76,Redes sociales
O503170,2025-12-14,C103494,Sur,2025-03-30,Deportes,Mancuernas ajustables,41.15,2,0.0,82.3,Redes sociales
O503291,2025-12-14,C102787,Este,2025-02-26,Belleza,Serum facial,22.15,2,0.0,44.3,Pauta pagada
O514286,2025-12-14,C100536,Centro,2025-01-12,Belleza,Serum facial,22.15,3,0.0,66.45,Email
O503880,2025-12-14,C101464,Este,2025-08-24,Electrónica,Audífonos BT,58.44,1,0.2,58.44,Orgánico
O503969,2025-12-14,C102660,Norte,2025-02-10,Deportes,Mancuernas ajustables,41.15,3,0.0,123.45,Orgánico
O511838,2025-12-14,C101056,Norte,2025-04-03,Electrónica,Audífonos BT,73.05,1,0.0,73.05,Email
O512630,2025-12-14,C102272,Oeste,2025-03-18,Belleza,Shampoo reparador,10.68,2,0.0,21.36,Orgánico
O509973,2025-12-14,C102233,Centro,2025-04-27,Electrónica,Power bank,71.86,3,0.0,215.58,Email
O510526,2025-12-14,C101119,Oeste,2025-08-20,Belleza,Perfume,9.42,2,0.0,18.84,Orgánico
O509624,2025-12-14,C102045,Norte,2025-10-20,Electrónica,Power bank,71.86,2,0.0,143.72,Email
O509707,2025-12-14,C102578,Oeste,2025-08-17,Electrónica,Cargador rápido,42.81,1,0.0,42.81,Pauta pagada
O501958,2025-12-14,C101898,Centro,2025-11-06,Belleza,Serum facial,19.93,1,0.1,19.93,Email
O512450,2025-12-14,C100413,Norte,2025-03-15,Electrónica,Power bank,61.08,2,0.15,122.16,Email
O508429,2025-12-14,C102703,Este,2025-06-09,Hogar,Cortina blackout,29.37,1,0.0,29.37,Pauta pagada
O504279,2025-12-14,C101768,Norte,2025-09-20,Moda,Camiseta básica,33.41,2,0.1,66.82,Orgánico
O503435,2025-12-14,C100034,Centro,2025-06-11,Deportes,Guantes gym,10.49,1,0.1,10.49,Redes sociales
O506253,2025-12-14,C102384,Sur,2025-01-31,Deportes,Botella térmica,17.07,2,0.0,34.14,Email
O513294,2025-12-14,C102386,Centro,2025-05-03,Electrónica,Smartwatch,88.17,1,0.0,88.17,Pauta pagada
O515540,2025-12-14,C101399,Centro,2025-11-02,Deportes,Guantes gym,9.33,1,0.2,9.33,Pauta pagada
O503357,2025-12-14,C102230,Norte,2025-08-26,Deportes,Yoga mat,46.1,1,0.0,46.1,Orgánico
O509779,2025-12-14,C102472,Centro,2025-02-11,Belleza,Serum facial,22.15,3,0.0,66.45,Orgánico
O510606,2025-12-14,C100630,Norte,2025-02-01,Hogar,Set de sábanas,33.34,3,0.0,100.02,Orgánico
O504227,2025-12-14,C102781,Centro,2025-04-10,Deportes,Mancuernas ajustables,37.03,1,0.1,37.03,Directo
O502995,2025-12-14,C101476,Norte,2025-12-13,Moda,Camiseta básica,37.12,1,0.0,37.12,Email
O502577,2025-12-15,C102279,Oeste,2025-07-30,Deportes,Guantes gym,11.66,3,0.0,34.98,Directo
O507348,2025-12-15,C100874,Norte,2025-11-03,Hogar,Difusor aromas,51.63,2,0.0,103.26,Redes sociales
O509388,2025-12-15,C102507,Sur,2025-08-20,Hogar,Cortina blackout,29.37,1,0.0,29.37,Directo
O506698,2025-12-15,C101069,Sur,2025-05-25,Belleza,Perfume,9.42,2,0.0,18.84,Orgánico
O515119,2025-12-15,C101771,Sur,2025-08-29,Electrónica,Smartwatch,74.94,1,0.15,74.94,Pauta pagada
O500741,2025-12-15,C102709,Oeste,2025-06-24,Belleza,Set de brochas,13.64,2,0.2,27.28,Orgánico
O506027,2025-12-15,C102889,Este,2025-06-30,Electrónica,Power bank,71.86,2,0.0,143.72,Email
O511563,2025-12-15,C100606,Sur,2025-03-31,Electrónica,Smartwatch,79.35,3,0.1,238.05,Directo
O510018,2025-12-15,C100071,Norte,2025-02-09,Belleza,Set de brochas,17.05,2,0.0,34.1,Orgánico
O505077,2025-12-15,C100742,Centro,2025-03-13,Deportes,Yoga mat,46.1,1,0.0,46.1,Orgánico
O509486,2025-12-15,C100582,Norte,2025-06-15,Deportes,Mancuernas ajustables,41.15,2,0.0,82.3,Orgánico
O505991,2025-12-15,C101389,Sur,2025-04-10,Deportes,Banda resistencia,35.09,2,0.0,70.18,Pauta pagada
O515171,2025-12-15,C102557,Centro,2025-04-24,Moda,Jeans slim,29.04,2,0.0,58.08,Pauta pagada
O502465,2025-12-15,C100592,Oeste,2025-11-28,Belleza,Serum facial,22.15,2,0.0,44.3,Redes sociales
O502891,2025-12-15,C102792,Sur,2025-04-30,Moda,Jeans slim,29.04,3,0.0,87.12,Redes sociales
O500842,2025-12-15,C100573,Oeste,2025-08-26,Hogar,Cortina blackout,29.37,2,0.0,58.74,Pauta pagada
O511308,2025-12-15,C101555,Oeste,2025-01-17,Electrónica,Parlante portátil,32.04,1,0.0,32.04,Pauta pagada
O500181,2025-12-15,C101065,Centro,2025-04-20,Electrónica,Parlante portátil,32.04,1,0.0,32.04,Directo
O510814,2025-12-15,C100677,Oeste,2025-04-20,Electrónica,Parlante portátil,32.04,1,0.0,32.04,Pauta pagada
O500459,2025-12-15,C102134,Oeste,2025-03-09,Moda,Tenis running,28.91,3,0.0,86.73,Pauta pagada
O506593,2025-12-15,C101800,Centro,2025-03-04,Hogar,Set de sábanas,33.34,2,0.0,66.68,Redes sociales
O508357,2025-12-15,C102747,Oeste,2025-05-07,Electrónica,Audífonos BT,73.05,2,0.0,146.1,Directo
O510915,2025-12-15,C101592,Sur,2025-10-26,Hogar,Set de sábanas,33.34,1,0.0,33.34,Redes sociales
O504084,2025-12-15,C100892,Oeste,2025-12-06,Hogar,Difusor aromas,51.63,2,0.0,103.26,Directo
O506178,2025-12-15,C100436,Norte,2025-05-29,Electrónica,Cargador rápido,42.81,2,0.0,85.62,Redes sociales
O510458,2025-12-15,C101300,Norte,2025-04-13,Hogar,Difusor aromas,51.63,1,0.0,51.63,Pauta pagada
O504429,2025-12-15,C102937,Este,2025-05-28,Deportes,Banda resistencia,35.09,2,0.0,70.18,Redes sociales
O516142,2025-12-15,C100124,Este,2025-11-20,Electrónica,Parlante portátil,32.04,1,0.0,32.04,Redes sociales
O503125,2025-12-15,C102216,Centro,2025-04-20,Electrónica,Parlante portátil,32.04,1,0.0,32.04,Directo
O507690,2025-12-15,C102249,Centro,2025-12-06,Deportes,Yoga mat,36.88,2,0.2,73.76,Directo
O503165,2025-12-15,C100371,Sur,2025-06-24,Deportes,Botella térmica,17.07,2,0.0,34.14,Email
O511169,2025-12-15,C101901,Centro,2025-04-28,Hogar,Lámpara LED,58.38,1,0.0,58.38,Pauta pagada
O508863,2025-12-15,C102953,Centro,2025-02-21,Moda,Gorra,39.58,1,0.0,39.58,Orgánico
O511191,2025-12-15,C100312,Oeste,2025-06-29,Belleza,Shampoo reparador,10.68,2,0.0,21.36,Orgánico
O508243,2025-12-15,C101461,Este,2025-06-21,Deportes,Yoga mat,46.1,1,0.0,46.1,Pauta pagada
O511214,2025-12-15,C101233,Norte,2025-02-10,Belleza,Serum facial,22.15,1,0.0,22.15,Redes sociales
O509022,2025-12-15,C101568,Sur,2025-02-19,Moda,Gorra,39.58,1,0.0,39.58,Email
O509102,2025-12-15,C101695,Centro,2025-02-13,Electrónica,Audífonos BT,58.44,1,0.2,58.44,Orgánico
O515006,2025-12-15,C102981,Este,2025-03-19,Deportes,Yoga mat,36.88,3,0.2,110.64,Redes sociales
O504014,2025-12-15,C103321,Este,2025-11-04,Belleza,Set de brochas,14.49,1,0.15,14.49,Directo
O510709,2025-12-15,C102843,Este,2025-03-29,Moda,Camiseta básica,37.12,1,0.0,37.12,Email
O510333,2025-12-15,C101500,Este,2025-12-06,Electrónica,Audífonos BT,73.05,1,0.0,73.05,Email
O502259,2025-12-15,C101703,Centro,2025-06-19,Deportes,Banda resistencia,35.09,2,0.0,70.18,Pauta pagada
O513261,2025-12-15,C100830,Este,2025-12-02,Hogar,Cortina blackout,29.37,2,0.0,58.74,Redes sociales
O513322,2025-12-15,C101436,Centro,2025-06-06,Belleza,Perfume,7.54,3,0.2,22.62,Email
O501182,2025-12-15,C103146,Centro,2025-06-15,Belleza,Set de brochas,17.05,2,0.0,34.1,Email
O514238,2025-12-15,C101504,Centro,2025-08-17,Deportes,Botella térmica,17.07,1,0.0,17.07,Pauta pagada
O512409,2025-12-15,C102437,Sur,2025-07-26,Hogar,Lámpara LED,58.38,2,0.0,116.76,Directo
O512820,2025-12-15,C100932,Centro,2025-09-10,Hogar,Cortina blackout,29.37,2,0.0,58.74,Redes sociales
O505614,2025-12-15,C101241,Norte,2025-06-28,Hogar,Difusor aromas,51.63,1,0.0,51.63,Email
O512710,2025-12-15,C102253,Centro,2025-02-09,Belleza,Protector solar,10.84,2,0.0,21.68,Email
O512711,2025-12-15,C101995,Sur,2025-10-31,Deportes,Banda resistencia,35.09,3,0.0,105.27,Directo
O502100,2025-12-15,C100336,Este,2025-09-09,Moda,Mochila urbana,19.25,2,0.0,38.5,Redes sociales
O513247,2025-12-15,C100978,Sur,2025-02-26,Hogar,Difusor aromas,51.63,2,0.0,103.26,Pauta pagada
O502201,2025-12-15,C101998,Norte,2025-02-26,Hogar,Set de sábanas,33.34,1,0.0,33.34,Orgánico
O501324,2025-12-15,C102381,Norte,2025-09-06,Belleza,Perfume,9.42,2,0.0,18.84,Directo
O512233,2025-12-15,C102820,Oeste,2025-06-04,Moda,Mochila urbana,19.25,2,0.0,38.5,Orgánico
O513627,2025-12-15,C102703,Este,2025-06-09,Electrónica,Parlante portátil,28.84,3,0.1,86.52,Email
O502137,2025-12-15,C102501,Centro,2025-01-30,Deportes,Botella térmica,17.07,1,0.0,17.07,Redes sociales
O512176,2025-12-15,C102115,Centro,2025-02-01,Electrónica,Audífonos BT,73.05,1,0.0,73.05,Orgánico
O513747,2025-12-15,C102863,Norte,2025-12-06,Deportes,Yoga mat,46.1,1,0.0,46.1,Pauta pagada
O513780,2025-12-15,C101096,Oeste,2025-11-09,Belleza,Protector solar,10.84,3,0.0,32.52,Pauta pagada
O501809,2025-12-15,C101645,Este,2025-11-07,Hogar,Lámpara LED,58.38,1,0.0,58.38,Orgánico
O502156,2025-12-15,C103349,Este,2025-08-15,Hogar,Set de sábanas,30.01,3,0.1,90.03,Pauta pagada
O512923,2025-12-15,C100047,Este,2025-06-10,Moda,Tenis running,28.91,1,0.0,28.91,Orgánico
O505661,2025-12-15,C100147,Norte,2025-03-13,Electrónica,Smartwatch,88.17,1,0.0,88.17,Pauta pagada
O514411,2025-12-15,C100372,Oeste,2025-03-02,Electrónica,Power bank,71.86,3,0.0,215.58,Email
O514260,2025-12-15,C103056,Oeste,2025-04-11,Hogar,Organizador closet,14.85,1,0.1,14.85,Orgánico
O512784,2025-12-16,C101842,Centro,2025-10-21,Deportes,Yoga mat,46.1,2,0.0,92.2,Orgánico
O515105,2025-12-16,C102117,Norte,2025-03-06,Belleza,Shampoo reparador,10.68,2,0.0,21.36,Orgánico
O505256,2025-12-16,C101426,Sur,2025-02-24,Belleza,Shampoo reparador,9.08,1,0.15,9.08,Orgánico
O514245,2025-12-16,C100659,Centro,2025-02-03,Hogar,Lámpara LED,58.38,2,0.0,116.76,Directo
O515234,2025-12-16,C100981,Oeste,2025-09-25,Moda,Gorra,39.58,2,0.0,79.16,Directo
O503155,2025-12-16,C100488,Centro,2025-09-27,Hogar,Lámpara LED,58.38,1,0.0,58.38,Email
O512471,2025-12-16,C102556,Centro,2025-04-16,Belleza,Perfume,9.42,3,0.0,28.26,Redes sociales
O514792,2025-12-16,C103140,Sur,2025-04-03,Electrónica,Power bank,71.86,1,0.0,71.86,Orgánico
O501163,2025-12-16,C101358,Norte,2025-03-28,Moda,Camiseta básica,31.55,1,0.15,31.55,Redes sociales
O500929,2025-12-16,C100458,Norte,2025-06-23,Electrónica,Audífonos BT,58.44,1,0.2,58.44,Redes sociales
O512282,2025-12-16,C100509,Norte,2025-09-24,Hogar,Cortina blackout,29.37,1,0.0,29.37,Redes sociales
O512281,2025-12-16,C100694,Centro,2025-02-17,Belleza,Protector solar,10.84,1,0.0,10.84,Pauta pagada
O511065,2025-12-16,C100753,Sur,2025-11-20,Electrónica,Parlante portátil,32.04,1,0.0,32.04,Orgánico
O514665,2025-12-16,C103320,Centro,2025-10-19,Belleza,Protector solar,8.67,1,0.2,8.67,Pauta pagada
O502140,2025-12-16,C102542,Norte,2025-09-21,Moda,Camiseta básica,37.12,1,0.0,37.12,Orgánico
O505501,2025-12-16,C102601,Este,2025-05-23,Belleza,Set de brochas,17.05,3,0.0,51.15,Pauta pagada
O503260,2025-12-16,C100401,Oeste,2025-08-27,Moda,Gorra,33.64,2,0.15,67.28,Orgánico
O509613,2025-12-16,C101981,Centro,2025-01-26,Moda,Tenis running,28.91,3,0.0,86.73,Orgánico
O506504,2025-12-16,C102564,Sur,2025-03-14,Moda,Jeans slim,24.68,1,0.15,24.68,Pauta pagada
O505226,2025-12-16,C100653,Centro,2025-11-19,Electrónica,Cargador rápido,42.81,1,0.0,42.81,Email
O506856,2025-12-16,C101851,Centro,2025-09-01,Hogar,Set de sábanas,33.34,2,0.0,66.68,Directo
O513793,2025-12-16,C101320,Sur,2025-01-29,Electrónica,Smartwatch,88.17,1,0.0,88.17,Directo
O504987,2025-12-16,C102006,Centro,2025-10-18,Electrónica,Cargador rápido,38.53,2,0.1,77.06,Pauta pagada
O507170,2025-12-16,C102570,Este,2025-07-17,Deportes,Mancuernas ajustables,41.15,1,0.0,41.15,Redes sociales
O507295,2025-12-16,C101218,Centro,2025-10-11,Deportes,Yoga mat,46.1,1,0.0,46.1,Redes sociales
O507418,2025-12-16,C102974,Centro,2025-08-11,Hogar,Lámpara LED,58.38,2,0.0,116.76,Orgánico
O507497,2025-12-16,C102957,Oeste,2025-10-25,Electrónica,Smartwatch,88.17,2,0.0,176.34,Pauta pagada
O507581,2025-12-16,C100338,Este,2025-11-02,Belleza,Serum facial,18.83,2,0.15,37.66,Redes sociales
O513569,2025-12-16,C102969,Sur,2025-06-07,Moda,Mochila urbana,19.25,1,0.0,19.25,Email
O504485,2025-12-16,C102343,Centro,2025-02-04,Hogar,Organizador closet,16.5,2,0.0,33.0,Directo
O515683,2025-12-16,C103183,Oeste,2025-05-03,Belleza,Shampoo reparador,9.61,1,0.1,9.61,Orgánico
O501562,2025-12-16,C102841,Sur,2025-05-24,Deportes,Banda resistencia,35.09,1,0.0,35.09,Redes sociales
O504380,2025-12-16,C103085,Norte,2025-03-25,Deportes,Yoga mat,46.1,1,0.0,46.1,Redes sociales
O504348,2025-12-16,C103263,Sur,2025-02-21,Moda,Tenis running,28.91,1,0.0,28.91,Email
O508063,2025-12-16,C103418,Oeste,2025-06-05,Electrónica,Cargador rápido,36.39,1,0.15,36.39,Directo
O513397,2025-12-16,C101251,Este,2025-04-06,Electrónica,Cargador rápido,42.81,3,0.0,128.43,Redes sociales
O504297,2025-12-16,C101987,Oeste,2025-04-09,Electrónica,Smartwatch,88.17,1,0.0,88.17,Orgánico
O506571,2025-12-16,C102363,Este,2025-08-07,Belleza,Shampoo reparador,9.61,2,0.1,19.22,Redes sociales
O515533,2025-12-16,C102407,Oeste,2025-04-09,Deportes,Botella térmica,17.07,1,0.0,17.07,Email
O513249,2025-12-16,C101531,Este,2025-05-04,Deportes,Banda resistencia,35.09,2,0.0,70.18,Redes sociales
O513176,2025-12-16,C101084,Centro,2025-07-14,Hogar,Difusor aromas,43.89,1,0.15,43.89,Redes sociales
O514060,2025-12-16,C103281,Sur,2025-01-27,Moda,Gorra,39.58,1,0.0,39.58,Redes sociales
O515437,2025-12-16,C100742,Centro,2025-03-13,Deportes,Mancuernas ajustables,41.15,1,0.0,41.15,Email
O513155,2025-12-16,C100373,Sur,2025-06-02,Moda,Mochila urbana,17.32,1,0.1,17.32,Email
O516128,2025-12-16,C102551,Norte,2025-06-12,Belleza,Perfume,9.42,2,0.0,18.84,Pauta pagada
O513107,2025-12-16,C102058,Norte,2025-04-23,Moda,Camiseta básica,33.41,3,0.1,100.23,Pauta pagada
O516134,2025-12-16,C100034,Centro,2025-06-11,Belleza,Perfume,9.42,2,0.0,18.84,Orgánico
O509096,2025-12-16,C103292,Centro,2025-02-01,Belleza,Protector solar,10.84,1,0.0,10.84,Directo
O503611,2025-12-16,C101909,Este,2025-05-02,Belleza,Set de brochas,17.05,2,0.0,34.1,Redes sociales
O501850,2025-12-16,C101915,Sur,2025-12-04,Electrónica,Audífonos BT,73.05,2,0.0,146.1,Directo
O511291,2025-12-16,C101189,Sur,2025-12-15,Belleza,Shampoo reparador,9.61,1,0.1,9.61,Email
O516026,2025-12-16,C101497,Centro,2025-05-18,Electrónica,Cargador rápido,38.53,2,0.1,77.06,Redes sociales
O502505,2025-12-16,C101249,Norte,2025-11-04,Electrónica,Audífonos BT,73.05,1,0.0,73.05,Orgánico
O505920,2025-12-16,C100055,Oeste,2025-02-21,Deportes,Mancuernas ajustables,32.92,3,0.2,98.76,Pauta pagada
O500093,2025-12-16,C100325,Norte,2025-05-17,Deportes,Botella térmica,14.51,1,0.15,14.51,Pauta pagada
O502484,2025-12-16,C100483,Centro,2025-10-10,Deportes,Botella térmica,15.36,1,0.1,15.36,Email
O505423,2025-12-16,C102612,Norte,2025-11-01,Moda,Mochila urbana,19.25,1,0.0,19.25,Directo
O506038,2025-12-16,C101336,Centro,2025-10-28,Hogar,Difusor aromas,43.89,2,0.15,87.78,Directo
O500624,2025-12-17,C100291,Centro,2025-01-21,Belleza,Perfume,9.42,1,0.0,9.42,Orgánico
O510752,2025-12-17,C101746,Sur,2025-07-21,Moda,Jeans slim,26.14,1,0.1,26.14,Redes sociales
O502898,2025-12-17,C101064,Norte,2025-11-26,Moda,Camiseta básica,37.12,2,0.0,74.24,Orgánico
O502519,2025-12-17,C102930,Centro,2025-03-23,Hogar,Set de sábanas,28.34,1,0.15,28.34,Orgánico
O503951,2025-12-17,C101073,Centro,2025-11-20,Deportes,Mancuernas ajustables,41.15,1,0.0,41.15,Orgánico
O511632,2025-12-17,C101363,Sur,2025-09-10,Electrónica,Audífonos BT,73.05,2,0.0,146.1,Orgánico
O500049,2025-12-17,C100080,Centro,2025-07-19,Deportes,Guantes gym,11.66,1,0.0,11.66,Redes sociales
O515449,2025-12-17,C103239,Norte,2025-09-17,Hogar,Cortina blackout,29.37,1,0.0,29.37,Email
O501672,2025-12-17,C101303,Norte,2025-08-14,Deportes,Mancuernas ajustables,41.15,1,0.0,41.15,Directo
O514988,2025-12-17,C100269,Sur,2025-08-05,Moda,Jeans slim,26.14,1,0.1,26.14,Directo
O515554,2025-12-17,C100729,Norte,2025-07-26,Moda,Tenis running,28.91,3,0.0,86.73,Orgánico
O512350,2025-12-17,C101437,Este,2025-05-29,Deportes,Guantes gym,11.66,1,0.0,11.66,Pauta pagada
O510723,2025-12-17,C102183,Sur,2025-04-25,Electrónica,Cargador rápido,38.53,3,0.1,115.59,Redes sociales
O513408,2025-12-17,C102866,Sur,2025-08-18,Belleza,Serum facial,22.15,2,0.0,44.3,Orgánico
O508076,2025-12-17,C101105,Oeste,2025-07-01,Deportes,Banda resistencia,35.09,1,0.0,35.09,Orgánico
O514497,2025-12-17,C100929,Norte,2025-01-10,Deportes,Mancuernas ajustables,41.15,1,0.0,41.15,Redes sociales
O500081,2025-12-17,C102246,Centro,2025-10-20,Belleza,Set de brochas,14.49,1,0.15,14.49,Email
O510983,2025-12-17,C101600,Este,2025-01-30,Electrónica,Cargador rápido,38.53,1,0.1,38.53,Redes sociales
O513444,2025-12-17,C100750,Este,2025-10-23,Belleza,Protector solar,10.84,1,0.0,10.84,Orgánico
O508025,2025-12-17,C101643,Este,2025-09-17,Belleza,Set de brochas,17.05,2,0.0,34.1,Redes sociales
O506608,2025-12-17,C101742,Norte,2025-04-15,Moda,Jeans slim,29.04,2,0.0,58.08,Email
O513461,2025-12-17,C101320,Sur,2025-01-29,Moda,Jeans slim,24.68,2,0.15,49.36,Orgánico
O504235,2025-12-17,C102761,Sur,2025-07-04,Hogar,Organizador closet,16.5,3,0.0,49.5,Orgánico
O500582,2025-12-17,C101536,Norte,2025-03-14,Hogar,Difusor aromas,51.63,1,0.0,51.63,Pauta pagada
O500616,2025-12-17,C102641,Este,2025-07-27,Moda,Camiseta básica,33.41,2,0.1,66.82,Pauta pagada
O500586,2025-12-17,C102666,Norte,2025-08-15,Moda,Mochila urbana,17.32,3,0.1,51.96,Pauta pagada
O505294,2025-12-17,C102218,Norte,2025-01-10,Belleza,Perfume,9.42,3,0.0,28.26,Orgánico
O505521,2025-12-17,C103306,Sur,2025-09-15,Deportes,Yoga mat,46.1,1,0.0,46.1,Orgánico
O510155,2025-12-17,C103386,Oeste,2025-07-17,Electrónica,Power bank,71.86,1,0.0,71.86,Pauta pagada
O512660,2025-12-17,C101591,Oeste,2025-02-05,Electrónica,Parlante portátil,32.04,1,0.0,32.04,Pauta pagada
O515033,2025-12-17,C103128,Norte,2025-11-10,Belleza,Shampoo reparador,10.68,1,0.0,10.68,Orgánico
O509832,2025-12-17,C100818,Centro,2025-05-02,Deportes,Guantes gym,11.66,1,0.0,11.66,Orgánico
O510410,2025-12-17,C101235,Sur,2025-11-11,Deportes,Yoga mat,46.1,3,0.0,138.3,Pauta pagada
O502483,2025-12-17,C103457,Sur,2025-10-03,Deportes,Botella térmica,17.07,1,0.0,17.07,Directo
O501916,2025-12-17,C100328,Norte,2025-11-23,Hogar,Lámpara LED,58.38,1,0.0,58.38,Redes sociales
O513806,2025-12-17,C100088,Norte,2025-03-15,Hogar,Set de sábanas,33.34,3,0.0,100.02,Redes sociales
O510694,2025-12-17,C101423,Este,2025-10-04,Hogar,Set de sábanas,33.34,1,0.0,33.34,Pauta pagada
O515130,2025-12-17,C101199,Centro,2025-02-07,Belleza,Perfume,9.42,1,0.0,9.42,Orgánico
O509667,2025-12-17,C100935,Norte,2025-04-23,Belleza,Shampoo reparador,10.68,2,0.0,21.36,Orgánico
O503529,2025-12-17,C100328,Norte,2025-11-23,Deportes,Mancuernas ajustables,32.92,2,0.2,65.84,Redes sociales
O509547,2025-12-17,C101323,Norte,2025-10-24,Deportes,Yoga mat,41.49,1,0.1,41.49,Pauta pagada
O514165,2025-12-17,C100830,Este,2025-12-02,Hogar,Set de sábanas,33.34,2,0.0,66.68,Pauta pagada
O505815,2025-12-17,C102742,Este,2025-03-12,Belleza,Protector solar,9.21,3,0.15,27.63,Directo
O515241,2025-12-17,C102786,Centro,2025-10-20,Deportes,Banda resistencia,35.09,3,0.0,105.27,Orgánico
O505800,2025-12-17,C103067,Oeste,2025-05-26,Deportes,Banda resistencia,35.09,1,0.0,35.09,Redes sociales
O500650,2025-12-17,C100788,Sur,2025-06-09,Deportes,Botella térmica,15.36,1,0.1,15.36,Email
O503733,2025-12-17,C100729,Norte,2025-07-26,Electrónica,Cargador rápido,36.39,1,0.15,36.39,Redes sociales
O506623,2025-12-17,C101433,Oeste,2025-10-18,Belleza,Shampoo reparador,10.68,1,0.0,10.68,Email
O509688,2025-12-17,C100873,Este,2025-03-30,Deportes,Yoga mat,36.88,1,0.2,36.88,Redes sociales
O500400,2025-12-17,C102396,Este,2025-07-27,Moda,Camiseta básica,33.41,2,0.1,66.82,Redes sociales
O508483,2025-12-17,C102613,Sur,2025-08-12,Deportes,Mancuernas ajustables,34.98,3,0.15,104.94,Orgánico
O512596,2025-12-17,C102829,Norte,2025-06-13,Belleza,Set de brochas,17.05,3,0.0,51.15,Redes sociales
O513706,2025-12-17,C101794,Oeste,2025-04-12,Deportes,Yoga mat,46.1,2,0.0,92.2,Directo
O516040,2025-12-17,C101388,Este,2025-03-08,Hogar,Organizador closet,14.02,2,0.15,28.04,Redes sociales
O512126,2025-12-17,C102819,Sur,2025-01-26,Hogar,Set de sábanas,28.34,1,0.15,28.34,Directo
O502679,2025-12-17,C102642,Sur,2025-05-13,Belleza,Perfume,9.42,1,0.0,9.42,Orgánico
O504870,2025-12-17,C101345,Sur,2025-03-02,Hogar,Set de sábanas,33.34,1,0.0,33.34,Redes sociales
O513727,2025-12-17,C101917,Norte,2025-11-04,Deportes,Guantes gym,11.66,2,0.0,23.32,Redes sociales
O504934,2025-12-17,C101685,Centro,2025-03-01,Electrónica,Smartwatch,79.35,2,0.1,158.7,Redes sociales
O507010,2025-12-17,C102354,Sur,2025-10-04,Belleza,Serum facial,22.15,2,0.0,44.3,Orgánico
O507008,2025-12-17,C101190,Este,2025-10-12,Moda,Jeans slim,29.04,1,0.0,29.04,Orgánico
O507435,2025-12-17,C101705,Centro,2025-05-27,Moda,Camiseta básica,31.55,2,0.15,63.1,Orgánico
O504713,2025-12-17,C100511,Centro,2025-07-21,Hogar,Organizador closet,16.5,1,0.0,16.5,Pauta pagada
O507105,2025-12-17,C103086,Norte,2025-07-10,Electrónica,Parlante portátil,32.04,3,0.0,96.12,Redes sociales
O505900,2025-12-17,C101792,Norte,2025-09-30,Deportes,Yoga mat,46.1,1,0.0,46.1,Orgánico
O513591,2025-12-17,C102083,Norte,2025-10-28,Electrónica,Cargador rápido,34.25,3,0.2,102.75,Orgánico
O507547,2025-12-17,C101302,Sur,2025-07-14,Deportes,Botella térmica,17.07,1,0.0,17.07,Directo
O501042,2025-12-17,C103112,Norte,2025-01-17,Hogar,Lámpara LED,58.38,3,0.0,175.14,Directo
O516043,2025-12-17,C101467,Norte,2025-05-19,Belleza,Set de brochas,17.05,1,0.0,17.05,Directo
O506752,2025-12-17,C102164,Centro,2025-05-16,Deportes,Botella térmica,17.07,1,0.0,17.07,Redes sociales
O506823,2025-12-17,C101537,Este,2025-02-06,Hogar,Difusor aromas,51.63,1,0.0,51.63,Directo
O515747,2025-12-17,C102656,Sur,2025-08-17,Belleza,Shampoo reparador,10.68,3,0.0,32.04,Email
O507782,2025-12-17,C103037,Sur,2025-03-15,Deportes,Mancuernas ajustables,41.15,1,0.0,41.15,Directo
O513791,2025-12-17,C101218,Centro,2025-10-11,Moda,Mochila urbana,19.25,3,0.0,57.75,Pauta pagada
O501462,2025-12-17,C102657,Oeste,2025-12-13,Belleza,Set de brochas,17.05,1,0.0,17.05,Pauta pagada
O500336,2025-12-17,C102814,Centro,2025-09-16,Moda,Camiseta básica,37.12,1,0.0,37.12,Directo
O507197,2025-12-17,C100597,Centro,2025-01-19,Belleza,Shampoo reparador,10.68,1,0.0,10.68,Pauta pagada
O505683,2025-12-17,C100930,Sur,2025-08-10,Belleza,Shampoo reparador,10.68,1,0.0,10.68,Email
O515286,2025-12-18,C102804,Centro,2025-10-15,Deportes,Yoga mat,39.18,1,0.15,39.18,Pauta pagada
O508951,2025-12-18,C101829,Norte,2025-02-15,Electrónica,Power bank,71.86,1,0.0,71.86,Pauta pagada
O504536,2025-12-18,C100362,Sur,2025-10-14,Moda,Gorra,39.58,1,0.0,39.58,Orgánico
O510656,2025-12-18,C100687,Centro,2025-02-24,Deportes,Botella térmica,17.07,1,0.0,17.07,Orgánico
O503847,2025-12-18,C100462,Sur,2025-09-23,Electrónica,Audífonos BT,73.05,1,0.0,73.05,Pauta pagada
O515271,2025-12-18,C103205,Norte,2025-11-12,Belleza,Set de brochas,17.05,2,0.0,34.1,Orgánico
O501065,2025-12-18,C100261,Sur,2025-09-30,Moda,Gorra,39.58,1,0.0,39.58,Email
O516278,2025-12-18,C101642,Norte,2025-11-17,Deportes,Mancuernas ajustables,41.15,1,0.0,41.15,Email
O515324,2025-12-18,C102565,Norte,2025-02-04,Electrónica,Parlante portátil,32.04,2,0.0,64.08,Redes sociales
O500148,2025-12-18,C100279,Oeste,2025-12-03,Hogar,Cortina blackout,29.37,2,0.0,58.74,Redes sociales
O507164,2025-12-18,C100065,Sur,2025-08-29,Electrónica,Audífonos BT,73.05,1,0.0,73.05,Orgánico
O504875,2025-12-18,C101058,Centro,2025-06-01,Hogar,Difusor aromas,51.63,3,0.0,154.89,Orgánico
O501253,2025-12-18,C102644,Sur,2025-04-06,Electrónica,Audífonos BT,73.05,2,0.0,146.1,Orgánico
O509194,2025-12-18,C101985,Este,2025-10-16,Belleza,Protector solar,10.84,1,0.0,10.84,Orgánico
O501421,2025-12-18,C102266,Este,2025-09-10,Hogar,Cortina blackout,29.37,2,0.0,58.74,Orgánico
O505235,2025-12-18,C101400,Centro,2025-03-11,Deportes,Guantes gym,10.49,1,0.1,10.49,Directo
O513798,2025-12-18,C101284,Sur,2025-10-26,Deportes,Botella térmica,17.07,3,0.0,51.21,Pauta pagada
O514564,2025-12-18,C102435,Este,2025-06-25,Deportes,Guantes gym,11.66,1,0.0,11.66,Orgánico
O512528,2025-12-18,C101051,Oeste,2025-05-27,Deportes,Guantes gym,11.66,3,0.0,34.98,Directo
O513778,2025-12-18,C100460,Oeste,2025-09-05,Belleza,Serum facial,22.15,1,0.0,22.15,Directo
O510101,2025-12-18,C100209,Oeste,2025-02-08,Electrónica,Audífonos BT,73.05,1,0.0,73.05,Redes sociales
O506944,2025-12-18,C102229,Centro,2025-02-19,Belleza,Protector solar,9.76,2,0.1,19.52,Pauta pagada
O503328,2025-12-18,C101339,Norte,2025-01-11,Moda,Camiseta básica,37.12,1,0.0,37.12,Orgánico
O516177,2025-12-18,C102649,Centro,2025-03-15,Moda,Mochila urbana,19.25,1,0.0,19.25,Orgánico
O509921,2025-12-18,C102213,Norte,2025-08-02,Electrónica,Audífonos BT,73.05,3,0.0,219.15,Pauta pagada
O514216,2025-12-18,C103340,Este,2025-02-10,Moda,Gorra,31.66,1,0.2,31.66,Redes sociales
O506969,2025-12-18,C100297,Este,2025-08-04,Hogar,Organizador closet,14.85,1,0.1,14.85,Pauta pagada
O515973,2025-12-18,C102724,Sur,2025-01-07,Electrónica,Cargador rápido,42.81,1,0.0,42.81,Orgánico
O510412,2025-12-18,C102856,Centro,2025-11-11,Deportes,Yoga mat,46.1,1,0.0,46.1,Orgánico
O500745,2025-12-18,C101301,Centro,2025-11-08,Electrónica,Power bank,71.86,1,0.0,71.86,Pauta pagada
O509794,2025-12-18,C100917,Centro,2025-05-26,Moda,Mochila urbana,19.25,1,0.0,19.25,Orgánico
O507028,2025-12-18,C100942,Oeste,2025-03-04,Belleza,Serum facial,22.15,1,0.0,22.15,Orgánico
O506484,2025-12-18,C102154,Centro,2025-05-21,Belleza,Serum facial,22.15,1,0.0,22.15,Orgánico
O512862,2025-12-18,C102276,Este,2025-06-20,Belleza,Protector solar,10.84,3,0.0,32.52,Orgánico
O505093,2025-12-18,C100702,Centro,2025-08-13,Electrónica,Power bank,71.86,1,0.0,71.86,Pauta pagada
O505869,2025-12-18,C102664,Sur,2025-05-29,Electrónica,Parlante portátil,27.23,3,0.15,81.69,Orgánico
O513067,2025-12-18,C102094,Norte,2025-08-03,Deportes,Botella térmica,17.07,1,0.0,17.07,Redes sociales
O500198,2025-12-18,C100086,Este,2025-12-18,Hogar,Cortina blackout,29.37,3,0.0,88.11,Redes sociales
O507942,2025-12-18,C100707,Norte,2025-08-20,Belleza,Serum facial,22.15,1,0.0,22.15,Directo
O508100,2025-12-18,C100575,Oeste,2025-02-03,Electrónica,Smartwatch,70.54,1,0.2,70.54,Pauta pagada
O515497,2025-12-18,C103330,Norte,2025-11-18,Deportes,Banda resistencia,35.09,1,0.0,35.09,Email
O507957,2025-12-18,C100172,Este,2025-10-07,Belleza,Set de brochas,17.05,1,0.0,17.05,Pauta pagada
O516238,2025-12-18,C102716,Este,2025-03-29,Hogar,Cortina blackout,26.43,2,0.1,52.86,Orgánico
O507994,2025-12-18,C100889,Norte,2025-07-16,Deportes,Guantes gym,11.66,2,0.0,23.32,Email
O504381,2025-12-18,C101460,Sur,2025-05-06,Moda,Camiseta básica,37.12,2,0.0,74.24,Pauta pagada
O515829,2025-12-18,C101918,Norte,2025-12-08,Deportes,Yoga mat,41.49,3,0.1,124.47,Directo
O515780,2025-12-18,C100134,Oeste,2025-01-12,Moda,Tenis running,28.91,1,0.0,28.91,Directo
O505876,2025-12-18,C102985,Este,2025-07-28,Hogar,Cortina blackout,23.5,2,0.2,47.0,Orgánico
O510903,2025-12-18,C103236,Oeste,2025-05-05,Moda,Camiseta básica,31.55,3,0.15,94.65,Orgánico
O515567,2025-12-18,C101528,Centro,2025-04-23,Belleza,Set de brochas,15.34,2,0.1,30.68,Redes sociales
O504333,2025-12-18,C102033,Este,2025-10-15,Belleza,Protector solar,9.76,3,0.1,29.28,Redes sociales
O515623,2025-12-18,C101278,Norte,2025-01-08,Deportes,Yoga mat,39.18,2,0.15,78.36,Pauta pagada
O507493,2025-12-18,C100612,Centro,2025-02-13,Belleza,Set de brochas,17.05,1,0.0,17.05,Orgánico
O508112,2025-12-18,C102438,Centro,2025-08-21,Moda,Jeans slim,29.04,2,0.0,58.08,Pauta pagada
O507937,2025-12-18,C102547,Oeste,2025-07-27,Electrónica,Smartwatch,88.17,1,0.0,88.17,Redes sociales
O514037,2025-12-18,C102396,Este,2025-07-27,Deportes,Mancuernas ajustables,41.15,1,0.0,41.15,Directo
O500443,2025-12-18,C102920,Norte,2025-08-18,Moda,Camiseta básica,31.55,1,0.15,31.55,Directo
O511580,2025-12-18,C100810,Centro,2025-10-09,Deportes,Guantes gym,10.49,2,0.1,20.98,Pauta pagada
O504048,2025-12-18,C103233,Este,2025-03-26,Hogar,Lámpara LED,58.38,2,0.0,116.76,Orgánico
O514704,2025-12-18,C103301,Norte,2025-07-10,Electrónica,Parlante portátil,27.23,1,0.15,27.23,Directo
O511365,2025-12-18,C101223,Sur,2025-03-17,Electrónica,Parlante portátil,32.04,2,0.0,64.08,Pauta pagada
O504814,2025-12-18,C100231,Centro,2025-10-30,Electrónica,Smartwatch,74.94,1,0.15,74.94,Pauta pagada
O507814,2025-12-18,C100624,Este,2025-09-12,Hogar,Lámpara LED,58.38,3,0.0,175.14,Directo
O514092,2025-12-18,C103230,Este,2025-10-19,Electrónica,Smartwatch,74.94,1,0.15,74.94,Directo
O502052,2025-12-18,C101198,Centro,2025-09-27,Deportes,Mancuernas ajustables,41.15,1,0.0,41.15,Pauta pagada
O501044,2025-12-18,C100522,Norte,2025-01-02,Belleza,Serum facial,22.15,1,0.0,22.15,Email
O507723,2025-12-18,C101015,Norte,2025-01-14,Deportes,Banda resistencia,35.09,1,0.0,35.09,Orgánico
O504782,2025-12-18,C100389,Oeste,2025-12-13,Belleza,Perfume,9.42,2,0.0,18.84,Pauta pagada
O502749,2025-12-18,C100009,Sur,2025-08-03,Moda,Gorra,31.66,3,0.2,94.98,Orgánico
O502054,2025-12-18,C103377,Sur,2025-03-28,Deportes,Botella térmica,15.36,1,0.1,15.36,Pauta pagada
O514808,2025-12-18,C101567,Norte,2025-04-03,Moda,Jeans slim,29.04,2,0.0,58.08,Email
O504474,2025-12-18,C101517,Centro,2025-06-20,Electrónica,Smartwatch,79.35,3,0.1,238.05,Orgánico
O500411,2025-12-18,C102994,Oeste,2025-09-24,Deportes,Botella térmica,17.07,3,0.0,51.21,Redes sociales
O506785,2025-12-19,C100680,Oeste,2025-07-16,Electrónica,Cargador rápido,34.25,1,0.2,34.25,Redes sociales
O507519,2025-12-19,C101447,Centro,2025-02-24,Moda,Jeans slim,24.68,1,0.15,24.68,Directo
O501969,2025-12-19,C101453,Este,2025-03-14,Moda,Mochila urbana,19.25,3,0.0,57.75,Pauta pagada
O501927,2025-12-19,C101395,Centro,2025-04-18,Electrónica,Smartwatch,79.35,2,0.1,158.7,Orgánico
O515051,2025-12-19,C103172,Centro,2025-08-08,Moda,Gorra,39.58,1,0.0,39.58,Orgánico
O505623,2025-12-19,C102917,Sur,2025-04-08,Moda,Camiseta básica,37.12,1,0.0,37.12,Directo
O509996,2025-12-19,C102483,Este,2025-03-20,Deportes,Botella térmica,14.51,1,0.15,14.51,Orgánico
O503308,2025-12-19,C102485,Sur,2025-02-20,Moda,Mochila urbana,17.32,1,0.1,17.32,Email
O516196,2025-12-19,C102707,Centro,2025-06-27,Moda,Mochila urbana,15.4,1,0.2,15.4,Pauta pagada
O506042,2025-12-19,C102224,Centro,2025-02-08,Belleza,Serum facial,22.15,1,0.0,22.15,Orgánico
O506338,2025-12-19,C100427,Este,2025-01-31,Electrónica,Cargador rápido,38.53,1,0.1,38.53,Redes sociales
O513966,2025-12-19,C102770,Centro,2025-05-08,Electrónica,Cargador rápido,42.81,1,0.0,42.81,Redes sociales
O508875,2025-12-19,C100130,Centro,2025-01-02,Belleza,Serum facial,17.72,3,0.2,53.16,Redes sociales
O503519,2025-12-19,C103310,Centro,2025-01-25,Electrónica,Parlante portátil,32.04,2,0.0,64.08,Orgánico
O516415,2025-12-19,C100682,Sur,2025-04-04,Belleza,Protector solar,10.84,1,0.0,10.84,Redes sociales
O507229,2025-12-19,C100898,Norte,2025-09-09,Deportes,Mancuernas ajustables,41.15,2,0.0,82.3,Directo
O508862,2025-12-19,C102543,Norte,2025-07-15,Hogar,Set de sábanas,33.34,3,0.0,100.02,Email
O513043,2025-12-19,C102412,Norte,2025-02-24,Belleza,Shampoo reparador,10.68,1,0.0,10.68,Directo
O508997,2025-12-19,C100776,Este,2025-01-29,Moda,Jeans slim,24.68,2,0.15,49.36,Pauta pagada
O511327,2025-12-19,C101590,Centro,2025-06-05,Moda,Jeans slim,29.04,3,0.0,87.12,Email
O515870,2025-12-19,C102120,Norte,2025-01-17,Belleza,Shampoo reparador,8.54,1,0.2,8.54,Redes sociales
O500626,2025-12-19,C102545,Sur,2025-12-01,Hogar,Cortina blackout,29.37,3,0.0,88.11,Orgánico
O509117,2025-12-19,C100665,Este,2025-06-17,Moda,Tenis running,28.91,2,0.0,57.82,Email
O515842,2025-12-19,C102807,Centro,2025-02-23,Belleza,Serum facial,22.15,2,0.0,44.3,Email
O504072,2025-12-19,C101992,Sur,2025-06-15,Moda,Gorra,39.58,3,0.0,118.74,Orgánico
O513241,2025-12-19,C103297,Centro,2025-11-18,Deportes,Yoga mat,46.1,2,0.0,92.2,Orgánico
O503643,2025-12-19,C102096,Norte,2025-04-30,Hogar,Set de sábanas,33.34,1,0.0,33.34,Orgánico
O515490,2025-12-19,C101738,Centro,2025-03-18,Belleza,Serum facial,22.15,2,0.0,44.3,Orgánico
O505584,2025-12-19,C100478,Este,2025-06-28,Belleza,Serum facial,19.93,2,0.1,39.86,Directo
O509422,2025-12-19,C103144,Este,2025-05-03,Electrónica,Smartwatch,70.54,1,0.2,70.54,Redes sociales
O507102,2025-12-19,C102090,Norte,2025-06-04,Electrónica,Parlante portátil,32.04,2,0.0,64.08,Orgánico
O505175,2025-12-19,C102998,Oeste,2025-02-21,Deportes,Guantes gym,11.66,1,0.0,11.66,Orgánico
O509508,2025-12-19,C101517,Centro,2025-06-20,Electrónica,Power bank,61.08,1,0.15,61.08,Email
O508426,2025-12-19,C102532,Sur,2025-10-06,Moda,Gorra,39.58,1,0.0,39.58,Pauta pagada
O516116,2025-12-19,C100515,Oeste,2025-10-12,Belleza,Set de brochas,17.05,3,0.0,51.15,Redes sociales
O515529,2025-12-19,C100622,Norte,2025-02-11,Hogar,Cortina blackout,29.37,1,0.0,29.37,Pauta pagada
O501472,2025-12-19,C101602,Centro,2025-06-15,Deportes,Mancuernas ajustables,32.92,1,0.2,32.92,Orgánico
O504836,2025-12-19,C100298,Norte,2025-07-08,Belleza,Serum facial,22.15,1,0.0,22.15,Email
O507500,2025-12-19,C102375,Sur,2025-07-31,Moda,Camiseta básica,37.12,2,0.0,74.24,Redes sociales
O503842,2025-12-19,C102312,Norte,2025-09-01,Deportes,Banda resistencia,35.09,1,0.0,35.09,Orgánico
O511326,2025-12-19,C100937,Oeste,2025-08-07,Moda,Gorra,31.66,1,0.2,31.66,Redes sociales
O510665,2025-12-19,C102172,Sur,2025-02-07,Moda,Camiseta básica,37.12,1,0.0,37.12,Directo
O510358,2025-12-19,C101642,Norte,2025-11-17,Moda,Jeans slim,29.04,2,0.0,58.08,Pauta pagada
O511167,2025-12-19,C100258,Centro,2025-04-09,Hogar,Difusor aromas,43.89,2,0.15,87.78,Orgánico
O512419,2025-12-19,C101808,Este,2025-05-24,Moda,Jeans slim,26.14,2,0.1,52.28,Orgánico
O503011,2025-12-19,C101877,Este,2025-08-17,Electrónica,Cargador rápido,42.81,3,0.0,128.43,Redes sociales
O505402,2025-12-19,C101512,Centro,2025-01-04,Electrónica,Power bank,71.86,2,0.0,143.72,Orgánico
O505875,2025-12-19,C100688,Este,2025-06-18,Hogar,Lámpara LED,49.62,1,0.15,49.62,Directo
O501120,2025-12-19,C102870,Norte,2025-08-16,Hogar,Lámpara LED,58.38,1,0.0,58.38,Pauta pagada
O505411,2025-12-19,C103273,Centro,2025-03-03,Belleza,Protector solar,10.84,1,0.0,10.84,Redes sociales
O501181,2025-12-19,C103499,Oeste,2025-11-27,Deportes,Guantes gym,11.66,2,0.0,23.32,Redes sociales
O501000,2025-12-19,C101173,Centro,2025-09-04,Hogar,Difusor aromas,51.63,2,0.0,103.26,Pauta pagada
O501054,2025-12-19,C101025,Sur,2025-09-18,Moda,Tenis running,24.57,2,0.15,49.14,Pauta pagada
O502644,2025-12-19,C101718,Norte,2025-11-03,Deportes,Yoga mat,41.49,1,0.1,41.49,Redes sociales
O506148,2025-12-19,C103009,Centro,2025-05-30,Deportes,Banda resistencia,29.83,2,0.15,59.66,Pauta pagada
O511026,2025-12-19,C100229,Oeste,2025-02-09,Deportes,Mancuernas ajustables,41.15,1,0.0,41.15,Orgánico
O514325,2025-12-19,C102423,Este,2025-03-10,Belleza,Perfume,8.01,1,0.15,8.01,Orgánico
O510847,2025-12-19,C103113,Centro,2025-10-27,Deportes,Yoga mat,46.1,1,0.0,46.1,Pauta pagada
O500462,2025-12-20,C102044,Este,2025-09-18,Hogar,Cortina blackout,29.37,1,0.0,29.37,Pauta pagada
O513392,2025-12-20,C100523,Norte,2025-09-19,Hogar,Set de sábanas,33.34,2,0.0,66.68,Orgánico
O502421,2025-12-20,C102057,Este,2025-02-26,Belleza,Protector solar,9.76,1,0.1,9.76,Directo
O513847,2025-12-20,C101831,Sur,2025-02-03,Hogar,Difusor aromas,51.63,1,0.0,51.63,Pauta pagada
O503964,2025-12-20,C102942,Este,2025-09-02,Hogar,Set de sábanas,26.67,2,0.2,53.34,Redes sociales
O507095,2025-12-20,C100594,Sur,2025-01-02,Electrónica,Smartwatch,88.17,2,0.0,176.34,Pauta pagada
O505362,2025-12-20,C100192,Centro,2025-02-18,Moda,Camiseta básica,37.12,1,0.0,37.12,Directo
O502434,2025-12-20,C100027,Centro,2025-10-13,Belleza,Serum facial,22.15,1,0.0,22.15,Pauta pagada
O501842,2025-12-20,C101513,Este,2025-08-08,Deportes,Yoga mat,39.18,1,0.15,39.18,Orgánico
O501771,2025-12-20,C102616,Centro,2025-04-26,Moda,Tenis running,28.91,1,0.0,28.91,Directo
O511824,2025-12-20,C101769,Norte,2025-06-18,Deportes,Mancuernas ajustables,37.03,1,0.1,37.03,Directo
O509915,2025-12-20,C103012,Oeste,2025-09-28,Belleza,Serum facial,22.15,2,0.0,44.3,Orgánico
O503874,2025-12-20,C102298,Sur,2025-06-21,Deportes,Botella térmica,17.07,1,0.0,17.07,Directo
O516210,2025-12-20,C101223,Sur,2025-03-17,Belleza,Serum facial,22.15,2,0.0,44.3,Pauta pagada
O504388,2025-12-20,C100225,Centro,2025-10-14,Electrónica,Parlante portátil,32.04,1,0.0,32.04,Pauta pagada
O510388,2025-12-20,C100447,Este,2025-08-04,Deportes,Guantes gym,11.66,2,0.0,23.32,Pauta pagada
O512758,2025-12-20,C102815,Este,2025-07-20,Deportes,Guantes gym,11.66,2,0.0,23.32,Pauta pagada
O510465,2025-12-20,C100944,Centro,2025-07-11,Electrónica,Smartwatch,88.17,1,0.0,88.17,Orgánico
O502017,2025-12-20,C101227,Centro,2025-05-24,Moda,Mochila urbana,19.25,1,0.0,19.25,Email
O512845,2025-12-20,C101733,Norte,2025-10-02,Moda,Tenis running,28.91,1,0.0,28.91,Orgánico
O504121,2025-12-20,C102229,Centro,2025-02-19,Electrónica,Cargador rápido,42.81,1,0.0,42.81,Redes sociales
O503522,2025-12-20,C103382,Este,2025-01-14,Hogar,Organizador closet,14.02,1,0.15,14.02,Orgánico
O514619,2025-12-20,C100793,Oeste,2025-05-16,Deportes,Mancuernas ajustables,32.92,2,0.2,65.84,Orgánico
O507240,2025-12-20,C101671,Este,2025-07-15,Belleza,Shampoo reparador,10.68,2,0.0,21.36,Orgánico
O513212,2025-12-20,C103157,Norte,2025-08-21,Deportes,Mancuernas ajustables,41.15,3,0.0,123.45,Directo
O501691,2025-12-20,C100036,Norte,2025-02-28,Hogar,Set de sábanas,33.34,2,0.0,66.68,Orgánico
O511413,2025-12-20,C102326,Centro,2025-04-09,Electrónica,Audífonos BT,62.09,1,0.15,62.09,Orgánico
O503064,2025-12-20,C100164,Centro,2025-01-07,Deportes,Guantes gym,11.66,1,0.0,11.66,Email
O516161,2025-12-20,C102308,Este,2025-01-12,Electrónica,Parlante portátil,32.04,3,0.0,96.12,Email
O508391,2025-12-20,C101807,Este,2025-09-27,Belleza,Shampoo reparador,10.68,1,0.0,10.68,Redes sociales
O502416,2025-12-20,C100910,Oeste,2025-08-01,Deportes,Banda resistencia,35.09,3,0.0,105.27,Pauta pagada
O509559,2025-12-20,C101113,Norte,2025-03-15,Moda,Camiseta básica,37.12,1,0.0,37.12,Orgánico
O514785,2025-12-20,C103306,Sur,2025-09-15,Electrónica,Cargador rápido,42.81,2,0.0,85.62,Directo
O504280,2025-12-20,C100970,Oeste,2025-08-26,Deportes,Guantes gym,9.91,2,0.15,19.82,Orgánico
O508648,2025-12-20,C102242,Centro,2025-12-06,Hogar,Set de sábanas,30.01,3,0.1,90.03,Directo
O511565,2025-12-20,C103257,Norte,2025-10-24,Electrónica,Cargador rápido,42.81,1,0.0,42.81,Email
O512714,2025-12-20,C102983,Norte,2025-01-02,Belleza,Perfume,9.42,1,0.0,9.42,Pauta pagada
O513332,2025-12-20,C101159,Centro,2025-04-14,Electrónica,Cargador rápido,42.81,2,0.0,85.62,Pauta pagada
O504821,2025-12-20,C100330,Oeste,2025-02-04,Belleza,Set de brochas,17.05,2,0.0,34.1,Pauta pagada
O500708,2025-12-20,C101673,Norte,2025-06-08,Deportes,Mancuernas ajustables,41.15,1,0.0,41.15,Email
O512297,2025-12-20,C100612,Centro,2025-02-13,Moda,Mochila urbana,19.25,1,0.0,19.25,Email
O502346,2025-12-20,C101738,Centro,2025-03-18,Moda,Gorra,39.58,1,0.0,39.58,Orgánico
O500719,2025-12-20,C102942,Este,2025-09-02,Moda,Tenis running,28.91,1,0.0,28.91,Pauta pagada
O511371,2025-12-20,C100353,Norte,2025-02-19,Hogar,Set de sábanas,33.34,3,0.0,100.02,Orgánico
O508884,2025-12-20,C103381,Oeste,2025-07-19,Hogar,Set de sábanas,33.34,2,0.0,66.68,Orgánico
O506632,2025-12-20,C102038,Sur,2025-12-08,Belleza,Shampoo reparador,10.68,2,0.0,21.36,Pauta pagada
O509346,2025-12-20,C101114,Oeste,2025-07-22,Electrónica,Smartwatch,88.17,3,0.0,264.51,Directo
O503029,2025-12-20,C102160,Sur,2025-07-13,Deportes,Banda resistencia,35.09,3,0.0,105.27,Directo
O514100,2025-12-20,C102582,Oeste,2025-04-20,Deportes,Guantes gym,11.66,2,0.0,23.32,Redes sociales
O510153,2025-12-20,C103468,Oeste,2025-09-07,Deportes,Mancuernas ajustables,41.15,2,0.0,82.3,Directo
O514855,2025-12-20,C102614,Este,2025-02-01,Electrónica,Audífonos BT,73.05,2,0.0,146.1,Pauta pagada
O512978,2025-12-20,C103430,Oeste,2025-09-16,Belleza,Set de brochas,17.05,2,0.0,34.1,Directo
O511160,2025-12-20,C100828,Centro,2025-06-02,Hogar,Lámpara LED,58.38,1,0.0,58.38,Email
O510188,2025-12-20,C100944,Centro,2025-07-11,Hogar,Cortina blackout,29.37,1,0.0,29.37,Redes sociales
O515795,2025-12-20,C102964,Norte,2025-07-25,Electrónica,Smartwatch,74.94,1,0.15,74.94,Orgánico
O512576,2025-12-20,C100085,Oeste,2025-10-23,Moda,Jeans slim,26.14,1,0.1,26.14,Pauta pagada
O503228,2025-12-20,C101426,Sur,2025-02-24,Hogar,Cortina blackout,29.37,1,0.0,29.37,Orgánico
O510235,2025-12-20,C100081,Oeste,2025-05-16,Moda,Jeans slim,29.04,1,0.0,29.04,Directo
O501108,2025-12-20,C101361,Centro,2025-02-22,Belleza,Set de brochas,17.05,3,0.0,51.15,Pauta pagada
O510268,2025-12-20,C101789,Sur,2025-06-14,Electrónica,Power bank,71.86,1,0.0,71.86,Orgánico
O511118,2025-12-20,C101471,Centro,2025-09-28,Belleza,Perfume,9.42,1,0.0,9.42,Pauta pagada
O513603,2025-12-20,C101548,Este,2025-06-24,Electrónica,Cargador rápido,42.81,2,0.0,85.62,Pauta pagada
O506826,2025-12-20,C100534,Centro,2025-06-24,Belleza,Perfume,9.42,2,0.0,18.84,Orgánico
O501967,2025-12-20,C102922,Este,2025-06-07,Deportes,Botella térmica,14.51,1,0.15,14.51,Email
O510318,2025-12-20,C103195,Sur,2025-09-17,Moda,Jeans slim,26.14,2,0.1,52.28,Directo
O501936,2025-12-20,C102626,Este,2025-08-31,Hogar,Set de sábanas,33.34,2,0.0,66.68,Directo
O507079,2025-12-20,C103429,Norte,2025-09-25,Electrónica,Cargador rápido,42.81,1,0.0,42.81,Redes sociales
O511040,2025-12-20,C100157,Sur,2025-02-22,Moda,Gorra,39.58,1,0.0,39.58,Pauta pagada
O510380,2025-12-20,C101921,Oeste,2025-09-29,Hogar,Organizador closet,16.5,2,0.0,33.0,Orgánico
O509972,2025-12-20,C100157,Sur,2025-02-22,Hogar,Lámpara LED,58.38,1,0.0,58.38,Redes sociales
O514489,2025-12-20,C101533,Este,2025-12-15,Deportes,Botella térmica,17.07,3,0.0,51.21,Directo
O510687,2025-12-20,C101902,Norte,2025-11-09,Hogar,Lámpara LED,58.38,3,0.0,175.14,Directo
O504506,2025-12-20,C101036,Norte,2025-11-28,Belleza,Perfume,9.42,2,0.0,18.84,Redes sociales
O515050,2025-12-20,C102882,Centro,2025-10-05,Deportes,Yoga mat,46.1,1,0.0,46.1,Pauta pagada
O506346,2025-12-20,C102958,Centro,2025-06-03,Moda,Mochila urbana,15.4,3,0.2,46.2,Directo
O505051,2025-12-20,C101907,Centro,2025-08-19,Deportes,Botella térmica,17.07,2,0.0,34.14,Pauta pagada
O514250,2025-12-20,C100855,Norte,2025-03-08,Hogar,Cortina blackout,29.37,2,0.0,58.74,Redes sociales
O500964,2025-12-20,C102126,Sur,2025-11-08,Electrónica,Cargador rápido,38.53,3,0.1,115.59,Email
O514821,2025-12-20,C102185,Centro,2025-07-25,Belleza,Set de brochas,17.05,1,0.0,17.05,Directo
O503717,2025-12-21,C103146,Centro,2025-06-15,Electrónica,Smartwatch,88.17,2,0.0,176.34,Pauta pagada
O506954,2025-12-21,C100348,Norte,2025-08-18,Hogar,Cortina blackout,24.96,1,0.15,24.96,Orgánico
O503704,2025-12-21,C103007,Oeste,2025-03-13,Deportes,Banda resistencia,35.09,3,0.0,105.27,Orgánico
O511271,2025-12-21,C102734,Centro,2025-09-20,Hogar,Lámpara LED,46.7,3,0.2,140.1,Orgánico
O509418,2025-12-21,C101620,Centro,2025-01-16,Belleza,Perfume,9.42,1,0.0,9.42,Pauta pagada
O506254,2025-12-21,C103444,Sur,2025-05-25,Electrónica,Power bank,71.86,1,0.0,71.86,Directo
O505940,2025-12-21,C102061,Sur,2025-01-25,Electrónica,Audífonos BT,73.05,2,0.0,146.1,Orgánico
O508899,2025-12-21,C101272,Centro,2025-03-11,Moda,Camiseta básica,29.7,3,0.2,89.1,Redes sociales
O516146,2025-12-21,C102173,Sur,2025-10-29,Deportes,Botella térmica,17.07,2,0.0,34.14,Redes sociales
O516377,2025-12-21,C101665,Centro,2025-07-08,Moda,Camiseta básica,37.12,3,0.0,111.36,Redes sociales
O500913,2025-12-21,C101086,Centro,2025-08-21,Hogar,Set de sábanas,33.34,2,0.0,66.68,Directo
O501840,2025-12-21,C100548,Norte,2025-04-26,Hogar,Set de sábanas,26.67,1,0.2,26.67,Pauta pagada
O511803,2025-12-21,C101883,Centro,2025-05-26,Hogar,Lámpara LED,58.38,2,0.0,116.76,Pauta pagada
O503533,2025-12-21,C101131,Oeste,2025-04-14,Deportes,Botella térmica,14.51,3,0.15,43.53,Directo
O507019,2025-12-21,C101145,Sur,2025-08-04,Hogar,Set de sábanas,33.34,1,0.0,33.34,Orgánico
O515431,2025-12-21,C101740,Oeste,2025-07-13,Deportes,Banda resistencia,35.09,1,0.0,35.09,Email
O503038,2025-12-21,C103085,Norte,2025-03-25,Moda,Mochila urbana,17.32,2,0.1,34.64,Orgánico
O516151,2025-12-21,C102488,Centro,2025-06-29,Hogar,Organizador closet,14.85,3,0.1,44.55,Orgánico
O507463,2025-12-21,C101106,Sur,2025-05-06,Belleza,Set de brochas,14.49,1,0.15,14.49,Email
O502829,2025-12-21,C102622,Este,2025-10-26,Moda,Camiseta básica,31.55,2,0.15,63.1,Orgánico
O513865,2025-12-21,C102556,Centro,2025-04-16,Hogar,Cortina blackout,29.37,2,0.0,58.74,Email
O510103,2025-12-21,C100382,Centro,2025-06-08,Moda,Jeans slim,24.68,2,0.15,49.36,Pauta pagada
O516352,2025-12-21,C101806,Norte,2025-09-26,Deportes,Guantes gym,11.66,1,0.0,11.66,Orgánico
O505752,2025-12-21,C101950,Este,2025-05-14,Hogar,Cortina blackout,29.37,3,0.0,88.11,Redes sociales
O500210,2025-12-21,C101648,Sur,2025-09-30,Moda,Tenis running,23.13,1,0.2,23.13,Pauta pagada
O500768,2025-12-21,C102808,Centro,2025-05-23,Hogar,Lámpara LED,52.54,1,0.1,52.54,Redes sociales
O507675,2025-12-21,C101819,Centro,2025-06-03,Belleza,Set de brochas,17.05,1,0.0,17.05,Pauta pagada
O511395,2025-12-21,C102053,Norte,2025-11-17,Moda,Tenis running,28.91,1,0.0,28.91,Orgánico
O513227,2025-12-21,C103178,Norte,2025-10-12,Electrónica,Cargador rápido,42.81,1,0.0,42.81,Directo
O505723,2025-12-21,C100798,Este,2025-09-01,Electrónica,Power bank,64.67,1,0.1,64.67,Orgánico
O503128,2025-12-21,C101512,Centro,2025-01-04,Hogar,Organizador closet,16.5,2,0.0,33.0,Directo
O510377,2025-12-21,C101197,Centro,2025-12-17,Electrónica,Parlante portátil,25.63,1,0.2,25.63,Orgánico
O507879,2025-12-21,C103393,Centro,2025-06-29,Moda,Gorra,39.58,1,0.0,39.58,Redes sociales
O504751,2025-12-21,C100058,Centro,2025-04-26,Hogar,Cortina blackout,29.37,2,0.0,58.74,Redes sociales
O507820,2025-12-21,C102163,Sur,2025-08-08,Hogar,Organizador closet,13.2,1,0.2,13.2,Redes sociales
O510073,2025-12-21,C101509,Norte,2025-08-01,Hogar,Organizador closet,16.5,1,0.0,16.5,Pauta pagada
O514293,2025-12-21,C102114,Centro,2025-10-05,Deportes,Banda resistencia,35.09,1,0.0,35.09,Pauta pagada
O516341,2025-12-21,C103163,Centro,2025-02-04,Deportes,Mancuernas ajustables,34.98,1,0.15,34.98,Redes sociales
O507341,2025-12-21,C100279,Oeste,2025-12-03,Hogar,Cortina blackout,26.43,1,0.1,26.43,Directo
O500206,2025-12-21,C100807,Norte,2025-10-09,Electrónica,Smartwatch,70.54,1,0.2,70.54,Orgánico
O511322,2025-12-21,C100311,Centro,2025-01-16,Belleza,Serum facial,19.93,1,0.1,19.93,Redes sociales
O506322,2025-12-21,C100535,Oeste,2025-08-03,Hogar,Difusor aromas,46.47,1,0.1,46.47,Email
O500975,2025-12-21,C101299,Oeste,2025-01-02,Moda,Jeans slim,29.04,3,0.0,87.12,Email
O502411,2025-12-21,C101285,Centro,2025-01-12,Belleza,Serum facial,22.15,2,0.0,44.3,Pauta pagada
O514888,2025-12-21,C101692,Este,2025-11-16,Belleza,Perfume,9.42,1,0.0,9.42,Orgánico
O508469,2025-12-21,C100792,Norte,2025-06-01,Belleza,Shampoo reparador,10.68,1,0.0,10.68,Email
O500503,2025-12-21,C100567,Norte,2025-02-08,Moda,Mochila urbana,19.25,2,0.0,38.5,Directo
O500293,2025-12-21,C102100,Norte,2025-07-16,Deportes,Banda resistencia,35.09,2,0.0,70.18,Pauta pagada
O513579,2025-12-21,C102967,Sur,2025-06-06,Belleza,Protector solar,9.21,1,0.15,9.21,Email
O505889,2025-12-21,C102901,Este,2025-03-24,Belleza,Perfume,9.42,1,0.0,9.42,Directo
O504687,2025-12-21,C103312,Este,2025-06-03,Hogar,Organizador closet,16.5,3,0.0,49.5,Orgánico
O506568,2025-12-21,C101484,Oeste,2025-11-11,Deportes,Botella térmica,17.07,1,0.0,17.07,Orgánico
O504324,2025-12-21,C103174,Centro,2025-08-11,Belleza,Protector solar,10.84,2,0.0,21.68,Orgánico
O510877,2025-12-21,C101361,Centro,2025-02-22,Moda,Camiseta básica,37.12,1,0.0,37.12,Redes sociales
O500880,2025-12-21,C100700,Oeste,2025-02-04,Moda,Camiseta básica,37.12,1,0.0,37.12,Redes sociales
O514677,2025-12-22,C100886,Centro,2025-09-22,Belleza,Serum facial,22.15,2,0.0,44.3,Pauta pagada
O504568,2025-12-22,C102691,Centro,2025-12-08,Belleza,Serum facial,22.15,3,0.0,66.45,Orgánico
O511073,2025-12-22,C103459,Sur,2025-11-07,Deportes,Banda resistencia,35.09,1,0.0,35.09,Orgánico
O513636,2025-12-22,C102159,Norte,2025-01-10,Moda,Jeans slim,29.04,2,0.0,58.08,Orgánico
O513014,2025-12-22,C103168,Sur,2025-02-05,Hogar,Organizador closet,16.5,1,0.0,16.5,Redes sociales
O504591,2025-12-22,C102141,Sur,2025-03-12,Belleza,Perfume,9.42,1,0.0,9.42,Email
O505520,2025-12-22,C100945,Sur,2025-08-20,Deportes,Botella térmica,14.51,1,0.15,14.51,Orgánico
O511239,2025-12-22,C101331,Norte,2025-03-20,Electrónica,Cargador rápido,42.81,2,0.0,85.62,Pauta pagada
O509000,2025-12-22,C102528,Sur,2025-05-22,Electrónica,Smartwatch,88.17,2,0.0,176.34,Directo
O515784,2025-12-22,C103433,Norte,2025-07-28,Moda,Mochila urbana,17.32,3,0.1,51.96,Redes sociales
O505145,2025-12-22,C101349,Norte,2025-09-16,Moda,Jeans slim,24.68,1,0.15,24.68,Directo
O503800,2025-12-22,C103133,Centro,2025-11-30,Deportes,Yoga mat,46.1,1,0.0,46.1,Directo
O506222,2025-12-22,C102569,Norte,2025-09-16,Moda,Mochila urbana,19.25,2,0.0,38.5,Directo
O508898,2025-12-22,C102037,Centro,2025-10-27,Moda,Gorra,39.58,1,0.0,39.58,Redes sociales
O510852,2025-12-22,C102891,Oeste,2025-05-29,Deportes,Yoga mat,36.88,2,0.2,73.76,Orgánico
O507244,2025-12-22,C100838,Norte,2025-08-26,Moda,Jeans slim,29.04,1,0.0,29.04,Redes sociales
O508379,2025-12-22,C102148,Centro,2025-04-02,Belleza,Set de brochas,17.05,2,0.0,34.1,Redes sociales
O511193,2025-12-22,C100270,Centro,2025-05-11,Belleza,Perfume,9.42,3,0.0,28.26,Pauta pagada
O513268,2025-12-22,C100858,Sur,2025-12-10,Belleza,Protector solar,10.84,2,0.0,21.68,Redes sociales
O505942,2025-12-22,C102031,Centro,2025-05-09,Belleza,Set de brochas,15.34,3,0.1,46.02,Email
O503988,2025-12-22,C101852,Sur,2025-03-04,Electrónica,Power bank,71.86,1,0.0,71.86,Redes sociales
O516371,2025-12-22,C101060,Este,2025-07-11,Hogar,Organizador closet,16.5,3,0.0,49.5,Redes sociales
O513354,2025-12-22,C102639,Norte,2025-03-13,Hogar,Lámpara LED,58.38,1,0.0,58.38,Pauta pagada
O505168,2025-12-22,C103107,Sur,2025-11-16,Belleza,Perfume,9.42,1,0.0,9.42,Directo
O503975,2025-12-22,C101807,Este,2025-09-27,Deportes,Guantes gym,11.66,1,0.0,11.66,Pauta pagada
O501349,2025-12-22,C102045,Norte,2025-10-20,Moda,Camiseta básica,29.7,2,0.2,59.4,Email
O516096,2025-12-22,C103173,Norte,2025-05-20,Belleza,Serum facial,22.15,1,0.0,22.15,Orgánico
O513103,2025-12-22,C100874,Norte,2025-11-03,Belleza,Protector solar,8.67,1,0.2,8.67,Orgánico
O515649,2025-12-22,C100992,Oeste,2025-12-18,Hogar,Set de sábanas,33.34,1,0.0,33.34,Orgánico
O500979,2025-12-22,C102081,Centro,2025-11-11,Belleza,Set de brochas,17.05,1,0.0,17.05,Orgánico
O513159,2025-12-22,C100081,Oeste,2025-05-16,Electrónica,Smartwatch,88.17,2,0.0,176.34,Redes sociales
O500312,2025-12-22,C103281,Sur,2025-01-27,Electrónica,Cargador rápido,42.81,1,0.0,42.81,Orgánico
O516203,2025-12-22,C101564,Oeste,2025-11-19,Electrónica,Parlante portátil,32.04,1,0.0,32.04,Email
O503876,2025-12-22,C102951,Norte,2025-11-30,Hogar,Cortina blackout,29.37,2,0.0,58.74,Directo
O512008,2025-12-22,C103064,Norte,2025-05-28,Deportes,Mancuernas ajustables,41.15,1,0.0,41.15,Pauta pagada
O506351,2025-12-22,C101201,Sur,2025-01-15,Moda,Tenis running,28.91,1,0.0,28.91,Redes sociales
O506400,2025-12-22,C100658,Norte,2025-05-16,Hogar,Difusor aromas,51.63,1,0.0,51.63,Directo
O515971,2025-12-22,C102638,Norte,2025-02-24,Moda,Mochila urbana,19.25,1,0.0,19.25,Pauta pagada
O502164,2025-12-22,C102758,Sur,2025-08-18,Deportes,Banda resistencia,35.09,2,0.0,70.18,Redes sociales
O514538,2025-12-22,C102336,Sur,2025-05-15,Moda,Tenis running,24.57,1,0.15,24.57,Redes sociales
O503655,2025-12-22,C102666,Norte,2025-08-15,Moda,Mochila urbana,19.25,1,0.0,19.25,Email
O506424,2025-12-22,C103258,Este,2025-01-22,Hogar,Set de sábanas,30.01,1,0.1,30.01,Orgánico
O503466,2025-12-22,C102106,Este,2025-05-31,Electrónica,Power bank,61.08,2,0.15,122.16,Redes sociales
O502231,2025-12-22,C102430,Norte,2025-02-12,Hogar,Cortina blackout,29.37,2,0.0,58.74,Directo
O509967,2025-12-22,C101067,Centro,2025-08-04,Hogar,Difusor aromas,51.63,1,0.0,51.63,Email
O503270,2025-12-22,C102144,Centro,2025-06-22,Electrónica,Power bank,71.86,3,0.0,215.58,Pauta pagada
O502321,2025-12-22,C102612,Norte,2025-11-01,Moda,Mochila urbana,19.25,1,0.0,19.25,Pauta pagada
O510150,2025-12-22,C101368,Sur,2025-02-14,Deportes,Mancuernas ajustables,41.15,3,0.0,123.45,Pauta pagada
O506913,2025-12-22,C100171,Este,2025-09-11,Deportes,Banda resistencia,35.09,2,0.0,70.18,Orgánico
O503498,2025-12-22,C100246,Norte,2025-02-13,Electrónica,Power bank,71.86,2,0.0,143.72,Pauta pagada
O512570,2025-12-22,C102818,Centro,2025-02-24,Belleza,Perfume,9.42,1,0.0,9.42,Redes sociales
O503048,2025-12-22,C101221,Norte,2025-09-12,Moda,Mochila urbana,19.25,1,0.0,19.25,Orgánico
O503570,2025-12-22,C102022,Este,2025-04-19,Belleza,Perfume,9.42,3,0.0,28.26,Pauta pagada
O509247,2025-12-22,C100929,Norte,2025-01-10,Hogar,Organizador closet,16.5,1,0.0,16.5,Orgánico
O507003,2025-12-22,C102503,Centro,2025-08-26,Deportes,Banda resistencia,31.58,2,0.1,63.16,Orgánico
O501789,2025-12-22,C102484,Centro,2025-06-13,Belleza,Shampoo reparador,10.68,1,0.0,10.68,Orgánico
O503214,2025-12-22,C101574,Centro,2025-10-10,Belleza,Protector solar,10.84,1,0.0,10.84,Pauta pagada
O510276,2025-12-22,C101801,Sur,2025-04-21,Deportes,Yoga mat,46.1,3,0.0,138.3,Email
O510406,2025-12-22,C101736,Sur,2025-10-29,Belleza,Protector solar,9.21,1,0.15,9.21,Orgánico
O501900,2025-12-22,C103472,Centro,2025-10-02,Belleza,Set de brochas,17.05,1,0.0,17.05,Redes sociales
O501217,2025-12-22,C102820,Oeste,2025-06-04,Deportes,Guantes gym,10.49,2,0.1,20.98,Directo
O512500,2025-12-23,C100887,Norte,2025-05-14,Electrónica,Cargador rápido,42.81,3,0.0,128.43,Email
O512118,2025-12-23,C102632,Norte,2025-07-25,Moda,Mochila urbana,19.25,2,0.0,38.5,Orgánico
O502012,2025-12-23,C102477,Oeste,2025-01-15,Deportes,Mancuernas ajustables,41.15,2,0.0,82.3,Directo
O512121,2025-12-23,C102960,Centro,2025-12-17,Deportes,Banda resistencia,35.09,1,0.0,35.09,Directo
O515906,2025-12-23,C102887,Centro,2025-06-24,Hogar,Difusor aromas,51.63,2,0.0,103.26,Directo
O504843,2025-12-23,C103468,Oeste,2025-09-07,Electrónica,Parlante portátil,32.04,1,0.0,32.04,Orgánico
O510883,2025-12-23,C100152,Sur,2025-04-27,Moda,Mochila urbana,17.32,1,0.1,17.32,Email
O502837,2025-12-23,C103052,Este,2025-08-08,Moda,Tenis running,28.91,2,0.0,57.82,Orgánico
O515144,2025-12-23,C101982,Este,2025-12-09,Moda,Mochila urbana,19.25,3,0.0,57.75,Orgánico
O505181,2025-12-23,C103190,Este,2025-12-13,Moda,Tenis running,28.91,2,0.0,57.82,Redes sociales
O509659,2025-12-23,C102747,Oeste,2025-05-07,Moda,Tenis running,26.02,2,0.1,52.04,Email
O505182,2025-12-23,C103136,Este,2025-10-10,Hogar,Cortina blackout,26.43,2,0.1,52.86,Redes sociales
O505102,2025-12-23,C101221,Norte,2025-09-12,Moda,Gorra,39.58,1,0.0,39.58,Orgánico
O511353,2025-12-23,C101015,Norte,2025-01-14,Deportes,Guantes gym,11.66,2,0.0,23.32,Directo
O503515,2025-12-23,C102459,Centro,2025-11-16,Deportes,Mancuernas ajustables,37.03,2,0.1,74.06,Pauta pagada
O506250,2025-12-23,C103077,Sur,2025-03-18,Hogar,Organizador closet,16.5,3,0.0,49.5,Redes sociales
O515543,2025-12-23,C100400,Norte,2025-06-28,Moda,Mochila urbana,19.25,1,0.0,19.25,Pauta pagada
O508197,2025-12-23,C102521,Norte,2025-01-15,Deportes,Mancuernas ajustables,34.98,3,0.15,104.94,Directo
O504372,2025-12-23,C100560,Centro,2025-01-17,Moda,Jeans slim,29.04,1,0.0,29.04,Redes sociales
O505017,2025-12-23,C101062,Norte,2025-10-12,Hogar,Lámpara LED,49.62,1,0.15,49.62,Directo
O502689,2025-12-23,C100574,Oeste,2025-08-16,Hogar,Cortina blackout,29.37,2,0.0,58.74,Pauta pagada
O510302,2025-12-23,C101562,Sur,2025-09-03,Deportes,Botella térmica,17.07,1,0.0,17.07,Pauta pagada
O505065,2025-12-23,C102944,Oeste,2025-09-28,Moda,Tenis running,28.91,1,0.0,28.91,Redes sociales
O516325,2025-12-23,C102468,Sur,2025-07-31,Deportes,Guantes gym,11.66,1,0.0,11.66,Pauta pagada
O506642,2025-12-23,C102150,Centro,2025-01-03,Deportes,Guantes gym,11.66,1,0.0,11.66,Directo
O515001,2025-12-23,C101083,Sur,2025-10-22,Moda,Tenis running,28.91,1,0.0,28.91,Email
O507698,2025-12-23,C102062,Oeste,2025-07-06,Electrónica,Power bank,61.08,1,0.15,61.08,Directo
O507732,2025-12-23,C103292,Centro,2025-02-01,Electrónica,Smartwatch,88.17,1,0.0,88.17,Directo
O504556,2025-12-23,C100250,Sur,2025-02-11,Hogar,Cortina blackout,29.37,1,0.0,29.37,Redes sociales
O504554,2025-12-23,C100662,Sur,2025-05-18,Electrónica,Smartwatch,88.17,1,0.0,88.17,Redes sociales
O512246,2025-12-23,C103329,Norte,2025-01-29,Deportes,Botella térmica,14.51,2,0.15,29.02,Email
O502727,2025-12-23,C100795,Oeste,2025-02-26,Moda,Jeans slim,29.04,2,0.0,58.08,Email
O512267,2025-12-23,C101596,Este,2025-05-27,Hogar,Set de sábanas,33.34,2,0.0,66.68,Email
O515724,2025-12-23,C102576,Centro,2025-05-13,Electrónica,Power bank,57.49,1,0.2,57.49,Email
O513486,2025-12-23,C101485,Sur,2025-10-19,Belleza,Perfume,9.42,2,0.0,18.84,Directo
O506855,2025-12-23,C102682,Centro,2025-03-01,Moda,Tenis running,23.13,1,0.2,23.13,Redes sociales
O512514,2025-12-23,C103273,Centro,2025-03-03,Electrónica,Power bank,71.86,2,0.0,143.72,Email
O514586,2025-12-23,C103010,Centro,2025-06-08,Belleza,Shampoo reparador,10.68,2,0.0,21.36,Email
O507369,2025-12-23,C101457,Norte,2025-11-30,Belleza,Protector solar,10.84,2,0.0,21.68,Redes sociales
O505152,2025-12-23,C102034,Centro,2025-09-06,Electrónica,Power bank,71.86,3,0.0,215.58,Email
O509960,2025-12-23,C102178,Este,2025-10-03,Belleza,Serum facial,22.15,3,0.0,66.45,Redes sociales
O506596,2025-12-23,C101920,Oeste,2025-01-08,Hogar,Difusor aromas,46.47,1,0.1,46.47,Orgánico
O501859,2025-12-23,C103336,Sur,2025-06-15,Belleza,Set de brochas,17.05,1,0.0,17.05,Pauta pagada
O503350,2025-12-23,C101391,Norte,2025-01-19,Electrónica,Audífonos BT,73.05,2,0.0,146.1,Pauta pagada
O511403,2025-12-23,C101419,Este,2025-09-22,Hogar,Difusor aromas,51.63,2,0.0,103.26,Orgánico
O511678,2025-12-23,C102107,Oeste,2025-03-22,Deportes,Mancuernas ajustables,34.98,1,0.15,34.98,Pauta pagada
O509858,2025-12-23,C103288,Este,2025-07-12,Hogar,Difusor aromas,51.63,1,0.0,51.63,Email
O505768,2025-12-23,C102261,Este,2025-11-08,Moda,Mochila urbana,15.4,2,0.2,30.8,Orgánico
O501711,2025-12-23,C101673,Norte,2025-06-08,Electrónica,Power bank,61.08,2,0.15,122.16,Directo
O509192,2025-12-23,C100300,Oeste,2025-10-21,Deportes,Banda resistencia,35.09,1,0.0,35.09,Directo
O505194,2025-12-23,C102741,Norte,2025-08-21,Deportes,Guantes gym,11.66,1,0.0,11.66,Redes sociales
O501237,2025-12-23,C102055,Este,2025-02-05,Electrónica,Smartwatch,88.17,1,0.0,88.17,Redes sociales
O515251,2025-12-23,C100835,Centro,2025-11-03,Deportes,Yoga mat,46.1,2,0.0,92.2,Pauta pagada
O506438,2025-12-23,C100884,Este,2025-08-13,Electrónica,Audífonos BT,73.05,1,0.0,73.05,Orgánico
O501736,2025-12-23,C100412,Centro,2025-01-13,Belleza,Shampoo reparador,10.68,1,0.0,10.68,Pauta pagada
O505444,2025-12-23,C100750,Este,2025-10-23,Moda,Gorra,39.58,1,0.0,39.58,Redes sociales
O502988,2025-12-23,C102124,Norte,2025-09-13,Electrónica,Cargador rápido,42.81,1,0.0,42.81,Pauta pagada
O508977,2025-12-23,C102644,Sur,2025-04-06,Deportes,Botella térmica,15.36,2,0.1,30.72,Directo
O514111,2025-12-23,C101393,Centro,2025-08-06,Electrónica,Parlante portátil,32.04,1,0.0,32.04,Directo
O513695,2025-12-23,C102074,Sur,2025-09-30,Hogar,Organizador closet,16.5,1,0.0,16.5,Orgánico
O513035,2025-12-23,C101467,Norte,2025-05-19,Moda,Jeans slim,23.23,1,0.2,23.23,Orgánico
O513040,2025-12-23,C103444,Sur,2025-05-25,Deportes,Guantes gym,11.66,1,0.0,11.66,Orgánico
O512988,2025-12-23,C100924,Centro,2025-01-04,Deportes,Guantes gym,10.49,1,0.1,10.49,Directo
O510510,2025-12-23,C101744,Centro,2025-10-03,Belleza,Perfume,8.01,1,0.15,8.01,Redes sociales
O512402,2025-12-23,C100732,Sur,2025-07-19,Belleza,Serum facial,22.15,2,0.0,44.3,Orgánico
O500294,2025-12-24,C102733,Norte,2025-10-28,Hogar,Difusor aromas,51.63,1,0.0,51.63,Orgánico
O508886,2025-12-24,C102185,Centro,2025-07-25,Moda,Jeans slim,29.04,3,0.0,87.12,Pauta pagada
O507339,2025-12-24,C101510,Oeste,2025-05-21,Deportes,Botella térmica,14.51,1,0.15,14.51,Email
O500747,2025-12-24,C100192,Centro,2025-02-18,Deportes,Yoga mat,46.1,1,0.0,46.1,Email
O511183,2025-12-24,C101405,Oeste,2025-03-26,Hogar,Cortina blackout,29.37,1,0.0,29.37,Pauta pagada
O504994,2025-12-24,C101913,Sur,2025-11-30,Belleza,Protector solar,10.84,2,0.0,21.68,Orgánico
O509845,2025-12-24,C101828,Oeste,2025-04-05,Belleza,Shampoo reparador,10.68,1,0.0,10.68,Email
O502024,2025-12-24,C101670,Este,2025-05-24,Moda,Mochila urbana,19.25,1,0.0,19.25,Orgánico
O515381,2025-12-24,C101253,Oeste,2025-04-28,Deportes,Mancuernas ajustables,41.15,2,0.0,82.3,Redes sociales
O512234,2025-12-24,C102606,Oeste,2025-07-27,Belleza,Perfume,9.42,1,0.0,9.42,Redes sociales
O510420,2025-12-24,C103367,Sur,2025-05-30,Electrónica,Cargador rápido,38.53,1,0.1,38.53,Orgánico
O502828,2025-12-24,C101204,Sur,2025-07-28,Belleza,Serum facial,19.93,1,0.1,19.93,Directo
O510532,2025-12-24,C103394,Este,2025-12-17,Hogar,Cortina blackout,29.37,2,0.0,58.74,Directo
O516107,2025-12-24,C100660,Oeste,2025-10-09,Electrónica,Power bank,64.67,2,0.1,129.34,Orgánico
O513378,2025-12-24,C100834,Oeste,2025-03-15,Hogar,Organizador closet,13.2,1,0.2,13.2,Redes sociales
O508208,2025-12-24,C102577,Oeste,2025-12-11,Deportes,Banda resistencia,35.09,3,0.0,105.27,Redes sociales
O513160,2025-12-24,C101333,Norte,2025-06-01,Moda,Camiseta básica,37.12,2,0.0,74.24,Orgánico
O505508,2025-12-24,C103138,Centro,2025-04-16,Deportes,Botella térmica,17.07,3,0.0,51.21,Directo
O507837,2025-12-24,C101249,Norte,2025-11-04,Moda,Camiseta básica,37.12,1,0.0,37.12,Orgánico
O504518,2025-12-24,C100762,Norte,2025-03-31,Belleza,Protector solar,10.84,3,0.0,32.52,Email
O514561,2025-12-24,C103228,Oeste,2025-05-30,Moda,Gorra,35.62,2,0.1,71.24,Orgánico
O502281,2025-12-24,C101838,Centro,2025-04-22,Deportes,Mancuernas ajustables,34.98,2,0.15,69.96,Redes sociales
O515710,2025-12-24,C101315,Norte,2025-06-15,Hogar,Cortina blackout,29.37,1,0.0,29.37,Email
O505046,2025-12-24,C102735,Centro,2025-08-25,Electrónica,Power bank,71.86,1,0.0,71.86,Directo
O507866,2025-12-24,C101480,Sur,2025-10-12,Electrónica,Power bank,71.86,2,0.0,143.72,Orgánico
O513033,2025-12-24,C101076,Centro,2025-09-05,Hogar,Organizador closet,16.5,1,0.0,16.5,Email
O513738,2025-12-24,C102927,Norte,2025-04-19,Electrónica,Parlante portátil,32.04,2,0.0,64.08,Pauta pagada
O516338,2025-12-24,C102883,Norte,2025-01-30,Moda,Mochila urbana,19.25,2,0.0,38.5,Orgánico
O514109,2025-12-24,C101929,Norte,2025-06-16,Belleza,Shampoo reparador,10.68,1,0.0,10.68,Orgánico
O511684,2025-12-24,C100739,Sur,2025-10-15,Electrónica,Parlante portátil,28.84,2,0.1,57.68,Orgánico
O508020,2025-12-24,C101736,Sur,2025-10-29,Electrónica,Parlante portátil,32.04,3,0.0,96.12,Orgánico
O512540,2025-12-24,C100735,Centro,2025-08-27,Belleza,Serum facial,19.93,1,0.1,19.93,Orgánico
O507452,2025-12-24,C101835,Centro,2025-08-28,Electrónica,Audífonos BT,73.05,3,0.0,219.15,Email
O503380,2025-12-24,C101475,Norte,2025-10-13,Hogar,Lámpara LED,52.54,1,0.1,52.54,Orgánico
O509070,2025-12-24,C103135,Sur,2025-04-01,Hogar,Lámpara LED,58.38,1,0.0,58.38,Pauta pagada
O503394,2025-12-24,C100804,Sur,2025-01-28,Electrónica,Power bank,71.86,2,0.0,143.72,Redes sociales
O500998,2025-12-24,C103390,Norte,2025-09-21,Deportes,Banda resistencia,35.09,1,0.0,35.09,Orgánico
O503646,2025-12-24,C100871,Norte,2025-01-31,Deportes,Banda resistencia,28.07,1,0.2,28.07,Redes sociales
O509730,2025-12-24,C101807,Este,2025-09-27,Belleza,Serum facial,22.15,2,0.0,44.3,Redes sociales
O512591,2025-12-24,C103251,Este,2025-08-22,Moda,Camiseta básica,37.12,3,0.0,111.36,Orgánico
O502232,2025-12-24,C103217,Sur,2025-04-05,Electrónica,Cargador rápido,42.81,1,0.0,42.81,Email
O500894,2025-12-24,C102049,Norte,2025-11-22,Electrónica,Parlante portátil,32.04,1,0.0,32.04,Orgánico
O514623,2025-12-24,C102934,Oeste,2025-08-18,Deportes,Guantes gym,11.66,3,0.0,34.98,Pauta pagada
O505832,2025-12-24,C100657,Oeste,2025-03-05,Belleza,Protector solar,8.67,2,0.2,17.34,Orgánico
O508543,2025-12-24,C102277,Este,2025-12-13,Belleza,Protector solar,10.84,1,0.0,10.84,Redes sociales
O514197,2025-12-24,C101590,Centro,2025-06-05,Belleza,Serum facial,18.83,1,0.15,18.83,Email
O500022,2025-12-24,C103316,Oeste,2025-06-04,Hogar,Organizador closet,13.2,2,0.2,26.4,Pauta pagada
O511634,2025-12-24,C102008,Este,2025-01-01,Electrónica,Audífonos BT,73.05,1,0.0,73.05,Directo
O502061,2025-12-24,C101660,Centro,2025-01-28,Electrónica,Audífonos BT,62.09,1,0.15,62.09,Pauta pagada
O513008,2025-12-24,C102020,Oeste,2025-04-27,Electrónica,Audífonos BT,73.05,1,0.0,73.05,Orgánico
O511098,2025-12-24,C101759,Oeste,2025-08-19,Deportes,Banda resistencia,35.09,2,0.0,70.18,Pauta pagada
O506722,2025-12-24,C102775,Centro,2025-08-17,Electrónica,Power bank,71.86,1,0.0,71.86,Orgánico
O503184,2025-12-24,C103363,Este,2025-01-28,Moda,Jeans slim,23.23,2,0.2,46.46,Pauta pagada
O513252,2025-12-24,C102294,Este,2025-10-21,Belleza,Protector solar,10.84,2,0.0,21.68,Orgánico
O502062,2025-12-24,C101393,Centro,2025-08-06,Hogar,Cortina blackout,29.37,2,0.0,58.74,Redes sociales
O502282,2025-12-24,C102469,Centro,2025-03-01,Belleza,Perfume,9.42,3,0.0,28.26,Directo
O512605,2025-12-24,C100381,Centro,2025-04-30,Hogar,Difusor aromas,43.89,3,0.15,131.67,Orgánico
O515210,2025-12-24,C102989,Oeste,2025-01-15,Hogar,Set de sábanas,33.34,2,0.0,66.68,Redes sociales
O506128,2025-12-24,C103415,Sur,2025-06-14,Deportes,Yoga mat,46.1,1,0.0,46.1,Orgánico
O506994,2025-12-24,C101421,Centro,2025-07-26,Deportes,Yoga mat,41.49,1,0.1,41.49,Orgánico
O516227,2025-12-24,C100295,Este,2025-01-20,Electrónica,Smartwatch,88.17,2,0.0,176.34,Orgánico
O515519,2025-12-24,C102677,Norte,2025-04-28,Moda,Tenis running,28.91,2,0.0,57.82,Redes sociales
O504848,2025-12-24,C103117,Centro,2025-04-16,Hogar,Difusor aromas,51.63,2,0.0,103.26,Email
O508485,2025-12-25,C101994,Este,2025-09-17,Hogar,Cortina blackout,23.5,2,0.2,47.0,Pauta pagada
O505027,2025-12-25,C100769,Sur,2025-02-12,Moda,Mochila urbana,19.25,1,0.0,19.25,Redes sociales
O514371,2025-12-25,C101432,Norte,2025-01-13,Deportes,Yoga mat,39.18,3,0.15,117.54,Orgánico
O500167,2025-12-25,C101258,Norte,2025-11-12,Hogar,Set de sábanas,33.34,3,0.0,100.02,Redes sociales
O503488,2025-12-25,C101051,Oeste,2025-05-27,Belleza,Perfume,9.42,2,0.0,18.84,Redes sociales
O502720,2025-12-25,C100342,Centro,2025-03-29,Electrónica,Parlante portátil,27.23,1,0.15,27.23,Orgánico
O501925,2025-12-25,C100359,Centro,2025-11-10,Deportes,Mancuernas ajustables,37.03,1,0.1,37.03,Orgánico
O504921,2025-12-25,C101397,Oeste,2025-08-31,Belleza,Set de brochas,15.34,2,0.1,30.68,Directo
O510398,2025-12-25,C103116,Centro,2025-08-15,Electrónica,Smartwatch,88.17,2,0.0,176.34,Pauta pagada
O514136,2025-12-25,C102755,Sur,2025-05-16,Electrónica,Power bank,71.86,1,0.0,71.86,Pauta pagada
O505331,2025-12-25,C102688,Centro,2025-11-26,Moda,Camiseta básica,31.55,2,0.15,63.1,Directo
O513457,2025-12-25,C102819,Sur,2025-01-26,Belleza,Shampoo reparador,10.68,3,0.0,32.04,Redes sociales
O507977,2025-12-25,C101724,Este,2025-07-24,Belleza,Serum facial,17.72,2,0.2,35.44,Orgánico
O509494,2025-12-25,C101497,Centro,2025-05-18,Hogar,Difusor aromas,51.63,2,0.0,103.26,Pauta pagada
O504058,2025-12-25,C103487,Norte,2025-07-12,Electrónica,Cargador rápido,42.81,1,0.0,42.81,Directo
O505916,2025-12-25,C101284,Sur,2025-10-26,Moda,Camiseta básica,31.55,1,0.15,31.55,Email
O503811,2025-12-25,C101557,Centro,2025-06-25,Belleza,Shampoo reparador,10.68,1,0.0,10.68,Pauta pagada
O500609,2025-12-25,C100387,Este,2025-04-19,Hogar,Cortina blackout,29.37,3,0.0,88.11,Orgánico
O502735,2025-12-25,C100784,Sur,2025-01-25,Hogar,Difusor aromas,51.63,3,0.0,154.89,Orgánico
O514599,2025-12-25,C102028,Este,2025-05-15,Belleza,Perfume,9.42,2,0.0,18.84,Pauta pagada
O500246,2025-12-25,C101862,Centro,2025-11-30,Electrónica,Smartwatch,88.17,3,0.0,264.51,Orgánico
O500410,2025-12-25,C101224,Norte,2025-12-23,Belleza,Set de brochas,17.05,2,0.0,34.1,Pauta pagada
O503542,2025-12-25,C101488,Oeste,2025-01-02,Hogar,Cortina blackout,29.37,1,0.0,29.37,Directo
O507833,2025-12-25,C100739,Sur,2025-10-15,Deportes,Guantes gym,11.66,1,0.0,11.66,Redes sociales
O511695,2025-12-25,C102492,Oeste,2025-07-06,Belleza,Set de brochas,17.05,1,0.0,17.05,Orgánico
O514732,2025-12-25,C102554,Norte,2025-03-04,Belleza,Serum facial,22.15,1,0.0,22.15,Pauta pagada
O503556,2025-12-25,C102524,Centro,2025-07-18,Electrónica,Cargador rápido,42.81,3,0.0,128.43,Redes sociales
O502053,2025-12-25,C101973,Sur,2025-06-04,Belleza,Perfume,9.42,1,0.0,9.42,Orgánico
O511774,2025-12-25,C100556,Centro,2025-07-18,Deportes,Banda resistencia,35.09,1,0.0,35.09,Redes sociales
O508240,2025-12-25,C102757,Sur,2025-06-05,Electrónica,Cargador rápido,42.81,2,0.0,85.62,Redes sociales
O509275,2025-12-25,C100938,Norte,2025-07-26,Belleza,Serum facial,19.93,1,0.1,19.93,Orgánico
O515732,2025-12-25,C102069,Norte,2025-10-10,Hogar,Cortina blackout,29.37,2,0.0,58.74,Orgánico
O500486,2025-12-25,C102076,Centro,2025-05-05,Deportes,Botella térmica,17.07,2,0.0,34.14,Directo
O515581,2025-12-25,C101471,Centro,2025-09-28,Moda,Tenis running,28.91,2,0.0,57.82,Redes sociales
O506135,2025-12-25,C101413,Norte,2025-07-22,Hogar,Difusor aromas,43.89,2,0.15,87.78,Email
O512797,2025-12-25,C101989,Centro,2025-11-19,Deportes,Guantes gym,10.49,2,0.1,20.98,Directo
O509831,2025-12-25,C100210,Sur,2025-09-22,Belleza,Protector solar,9.76,2,0.1,19.52,Directo
O501773,2025-12-25,C102201,Oeste,2025-11-21,Electrónica,Power bank,71.86,3,0.0,215.58,Email
O513894,2025-12-25,C103104,Centro,2025-12-22,Hogar,Difusor aromas,46.47,2,0.1,92.94,Orgánico
O500966,2025-12-25,C101973,Sur,2025-06-04,Belleza,Protector solar,9.76,1,0.1,9.76,Redes sociales
O508165,2025-12-25,C101348,Oeste,2025-11-05,Deportes,Yoga mat,46.1,2,0.0,92.2,Redes sociales
O501798,2025-12-25,C100741,Norte,2025-07-20,Hogar,Cortina blackout,29.37,3,0.0,88.11,Orgánico
O500053,2025-12-25,C101373,Centro,2025-01-07,Hogar,Cortina blackout,26.43,1,0.1,26.43,Redes sociales
O505321,2025-12-25,C102556,Centro,2025-04-16,Moda,Tenis running,28.91,1,0.0,28.91,Redes sociales
O515911,2025-12-25,C101004,Norte,2025-08-26,Moda,Camiseta básica,37.12,1,0.0,37.12,Pauta pagada
O500761,2025-12-25,C103305,Oeste,2025-06-13,Hogar,Organizador closet,16.5,3,0.0,49.5,Directo
O510954,2025-12-25,C103052,Este,2025-08-08,Moda,Tenis running,28.91,1,0.0,28.91,Redes sociales
O508473,2025-12-25,C101325,Centro,2025-04-27,Deportes,Guantes gym,11.66,2,0.0,23.32,Directo
O512357,2025-12-25,C100165,Sur,2025-09-05,Hogar,Organizador closet,16.5,1,0.0,16.5,Directo
O500271,2025-12-25,C100896,Centro,2025-07-13,Deportes,Banda resistencia,35.09,2,0.0,70.18,Orgánico
O511654,2025-12-25,C101205,Sur,2025-01-24,Moda,Camiseta básica,37.12,1,0.0,37.12,Orgánico
O509448,2025-12-25,C102261,Este,2025-11-08,Moda,Mochila urbana,19.25,3,0.0,57.75,Pauta pagada
O508309,2025-12-25,C101411,Oeste,2025-08-11,Hogar,Difusor aromas,51.63,1,0.0,51.63,Pauta pagada
O505360,2025-12-25,C101787,Centro,2025-01-15,Belleza,Serum facial,22.15,1,0.0,22.15,Email
O503176,2025-12-26,C103055,Centro,2025-04-03,Belleza,Set de brochas,13.64,2,0.2,27.28,Redes sociales
O513576,2025-12-26,C103235,Norte,2025-01-10,Hogar,Cortina blackout,26.43,1,0.1,26.43,Directo
O507815,2025-12-26,C101220,Norte,2025-11-24,Belleza,Shampoo reparador,10.68,2,0.0,21.36,Pauta pagada
O501976,2025-12-26,C103388,Centro,2025-01-31,Belleza,Protector solar,9.21,1,0.15,9.21,Redes sociales
O504715,2025-12-26,C101530,Centro,2025-01-18,Moda,Tenis running,28.91,1,0.0,28.91,Orgánico
O512610,2025-12-26,C101818,Este,2025-05-01,Deportes,Botella térmica,17.07,1,0.0,17.07,Pauta pagada
O507459,2025-12-26,C101197,Centro,2025-12-17,Belleza,Shampoo reparador,10.68,1,0.0,10.68,Orgánico
O506753,2025-12-26,C101523,Oeste,2025-05-24,Belleza,Set de brochas,15.34,1,0.1,15.34,Orgánico
O512703,2025-12-26,C100276,Norte,2025-12-04,Belleza,Shampoo reparador,10.68,1,0.0,10.68,Orgánico
O510348,2025-12-26,C103292,Centro,2025-02-01,Deportes,Botella térmica,15.36,3,0.1,46.08,Redes sociales
O500332,2025-12-26,C103308,Oeste,2025-03-03,Belleza,Perfume,9.42,1,0.0,9.42,Orgánico
O502383,2025-12-26,C101481,Oeste,2025-11-26,Belleza,Shampoo reparador,10.68,1,0.0,10.68,Pauta pagada
O504739,2025-12-26,C101163,Norte,2025-10-17,Belleza,Serum facial,22.15,2,0.0,44.3,Directo
O504690,2025-12-26,C102087,Oeste,2025-10-27,Hogar,Difusor aromas,41.3,2,0.2,82.6,Orgánico
O509072,2025-12-26,C100834,Oeste,2025-03-15,Hogar,Cortina blackout,29.37,1,0.0,29.37,Directo
O504700,2025-12-26,C101665,Centro,2025-07-08,Moda,Jeans slim,26.14,2,0.1,52.28,Redes sociales
O507446,2025-12-26,C103323,Centro,2025-05-01,Electrónica,Cargador rápido,42.81,1,0.0,42.81,Orgánico
O507725,2025-12-26,C102959,Sur,2025-03-27,Deportes,Mancuernas ajustables,37.03,1,0.1,37.03,Orgánico
O509124,2025-12-26,C101819,Centro,2025-06-03,Deportes,Banda resistencia,31.58,1,0.1,31.58,Directo
O502168,2025-12-26,C101013,Norte,2025-10-28,Deportes,Mancuernas ajustables,41.15,3,0.0,123.45,Orgánico
O510621,2025-12-26,C102474,Centro,2025-10-16,Electrónica,Parlante portátil,27.23,1,0.15,27.23,Email
O510306,2025-12-26,C101838,Centro,2025-04-22,Deportes,Banda resistencia,35.09,1,0.0,35.09,Email
O515366,2025-12-26,C103232,Sur,2025-10-18,Belleza,Perfume,9.42,2,0.0,18.84,Orgánico
O501503,2025-12-26,C101863,Centro,2025-11-29,Deportes,Banda resistencia,35.09,2,0.0,70.18,Directo
O501307,2025-12-26,C101468,Norte,2025-05-31,Deportes,Guantes gym,11.66,1,0.0,11.66,Redes sociales
O514082,2025-12-26,C101205,Sur,2025-01-24,Deportes,Guantes gym,11.66,1,0.0,11.66,Directo
O505782,2025-12-26,C103460,Centro,2025-05-12,Electrónica,Cargador rápido,42.81,2,0.0,85.62,Pauta pagada
O514025,2025-12-26,C100196,Este,2025-04-25,Hogar,Set de sábanas,33.34,1,0.0,33.34,Directo
O505172,2025-12-26,C100171,Este,2025-09-11,Electrónica,Audífonos BT,62.09,3,0.15,186.27,Redes sociales
O504900,2025-12-26,C100431,Este,2025-02-20,Deportes,Yoga mat,46.1,3,0.0,138.3,Directo
O508368,2025-12-26,C103032,Norte,2025-12-20,Hogar,Cortina blackout,29.37,2,0.0,58.74,Directo
O511539,2025-12-26,C102751,Centro,2025-09-03,Hogar,Cortina blackout,29.37,3,0.0,88.11,Pauta pagada
O507821,2025-12-26,C101750,Oeste,2025-11-17,Deportes,Guantes gym,9.33,2,0.2,18.66,Pauta pagada
O505245,2025-12-26,C101803,Sur,2025-12-12,Electrónica,Audífonos BT,73.05,2,0.0,146.1,Redes sociales
O504157,2025-12-26,C101688,Norte,2025-12-17,Deportes,Guantes gym,11.66,2,0.0,23.32,Redes sociales
O513690,2025-12-26,C102984,Sur,2025-07-28,Deportes,Yoga mat,46.1,1,0.0,46.1,Directo
O502639,2025-12-26,C100464,Norte,2025-12-02,Hogar,Cortina blackout,29.37,3,0.0,88.11,Orgánico
O508621,2025-12-26,C101376,Oeste,2025-07-30,Moda,Camiseta básica,37.12,1,0.0,37.12,Directo
O505796,2025-12-26,C100148,Sur,2025-04-13,Moda,Camiseta básica,37.12,2,0.0,74.24,Pauta pagada
O505495,2025-12-26,C103471,Centro,2025-08-01,Electrónica,Audífonos BT,58.44,1,0.2,58.44,Pauta pagada
O500706,2025-12-26,C100172,Este,2025-10-07,Deportes,Botella térmica,17.07,1,0.0,17.07,Redes sociales
O511229,2025-12-26,C100920,Oeste,2025-08-18,Moda,Mochila urbana,19.25,2,0.0,38.5,Directo
O511633,2025-12-26,C101231,Sur,2025-01-01,Hogar,Set de sábanas,30.01,3,0.1,90.03,Directo
O508235,2025-12-26,C100200,Este,2025-12-17,Deportes,Mancuernas ajustables,41.15,1,0.0,41.15,Directo
O503016,2025-12-26,C102512,Norte,2025-05-14,Electrónica,Smartwatch,88.17,2,0.0,176.34,Orgánico
O515610,2025-12-26,C100401,Oeste,2025-08-27,Belleza,Set de brochas,17.05,1,0.0,17.05,Directo
O510028,2025-12-26,C101519,Centro,2025-03-13,Belleza,Protector solar,10.84,3,0.0,32.52,Email
O516397,2025-12-26,C102311,Norte,2025-05-11,Moda,Mochila urbana,19.25,2,0.0,38.5,Orgánico
O514229,2025-12-26,C100405,Este,2025-07-14,Belleza,Shampoo reparador,10.68,1,0.0,10.68,Email
O515048,2025-12-26,C103018,Sur,2025-02-19,Hogar,Cortina blackout,29.37,2,0.0,58.74,Pauta pagada
O511698,2025-12-26,C101099,Este,2025-08-06,Hogar,Lámpara LED,58.38,2,0.0,116.76,Redes sociales
O506173,2025-12-26,C100142,Norte,2025-05-15,Electrónica,Smartwatch,88.17,1,0.0,88.17,Directo
O504789,2025-12-26,C102436,Centro,2025-03-31,Electrónica,Power bank,71.86,2,0.0,143.72,Redes sociales
O502036,2025-12-26,C100908,Sur,2025-05-21,Belleza,Serum facial,22.15,1,0.0,22.15,Pauta pagada
O513677,2025-12-26,C102506,Sur,2025-11-19,Moda,Jeans slim,26.14,2,0.1,52.28,Redes sociales
O502767,2025-12-26,C101432,Norte,2025-01-13,Hogar,Organizador closet,16.5,2,0.0,33.0,Pauta pagada
O503602,2025-12-26,C103478,Oeste,2025-05-05,Hogar,Set de sábanas,33.34,3,0.0,100.02,Orgánico
O514014,2025-12-26,C102134,Oeste,2025-03-09,Deportes,Mancuernas ajustables,41.15,1,0.0,41.15,Pauta pagada
O504792,2025-12-26,C101962,Norte,2025-08-09,Electrónica,Parlante portátil,28.84,1,0.1,28.84,Orgánico
O501240,2025-12-26,C103190,Este,2025-12-13,Deportes,Guantes gym,10.49,1,0.1,10.49,Redes sociales
O509893,2025-12-26,C102775,Centro,2025-08-17,Belleza,Protector solar,10.84,2,0.0,21.68,Directo
O513411,2025-12-26,C101205,Sur,2025-01-24,Belleza,Perfume,9.42,1,0.0,9.42,Email
O503388,2025-12-26,C102695,Sur,2025-02-09,Hogar,Lámpara LED,58.38,1,0.0,58.38,Directo
O507454,2025-12-27,C101934,Centro,2025-08-20,Deportes,Botella térmica,13.66,2,0.2,27.32,Pauta pagada
O516034,2025-12-27,C102630,Sur,2025-01-15,Moda,Jeans slim,24.68,1,0.15,24.68,Pauta pagada
O502595,2025-12-27,C101177,Oeste,2025-11-26,Belleza,Protector solar,9.76,2,0.1,19.52,Redes sociales
O514640,2025-12-27,C100984,Este,2025-08-21,Moda,Jeans slim,26.14,1,0.1,26.14,Pauta pagada
O502300,2025-12-27,C101173,Centro,2025-09-04,Hogar,Cortina blackout,24.96,2,0.15,49.92,Pauta pagada
O513773,2025-12-27,C100363,Sur,2025-05-21,Hogar,Set de sábanas,33.34,1,0.0,33.34,Pauta pagada
O511172,2025-12-27,C103458,Norte,2025-06-29,Electrónica,Smartwatch,88.17,1,0.0,88.17,Redes sociales
O511300,2025-12-27,C102876,Este,2025-10-31,Hogar,Lámpara LED,58.38,1,0.0,58.38,Orgánico
O506744,2025-12-27,C100706,Centro,2025-05-27,Moda,Camiseta básica,31.55,1,0.15,31.55,Email
O513684,2025-12-27,C100572,Este,2025-02-19,Deportes,Yoga mat,46.1,1,0.0,46.1,Pauta pagada
O515935,2025-12-27,C102584,Centro,2025-05-22,Belleza,Serum facial,22.15,2,0.0,44.3,Pauta pagada
O507014,2025-12-27,C100441,Norte,2025-10-18,Electrónica,Cargador rápido,42.81,2,0.0,85.62,Redes sociales
O502318,2025-12-27,C101648,Sur,2025-09-30,Belleza,Perfume,7.54,1,0.2,7.54,Redes sociales
O509061,2025-12-27,C101494,Este,2025-03-18,Hogar,Difusor aromas,51.63,2,0.0,103.26,Orgánico
O509950,2025-12-27,C102032,Centro,2025-04-29,Moda,Gorra,39.58,2,0.0,79.16,Email
O502790,2025-12-27,C102582,Oeste,2025-04-20,Hogar,Lámpara LED,58.38,1,0.0,58.38,Email
O510927,2025-12-27,C101314,Sur,2025-07-23,Belleza,Perfume,9.42,2,0.0,18.84,Orgánico
O506577,2025-12-27,C103346,Oeste,2025-05-04,Electrónica,Smartwatch,88.17,1,0.0,88.17,Directo
O513992,2025-12-27,C102069,Norte,2025-10-10,Hogar,Lámpara LED,52.54,1,0.1,52.54,Redes sociales
O506288,2025-12-27,C102941,Sur,2025-09-06,Belleza,Serum facial,22.15,1,0.0,22.15,Orgánico
O502023,2025-12-27,C103297,Centro,2025-11-18,Belleza,Protector solar,9.21,2,0.15,18.42,Pauta pagada
O515405,2025-12-27,C102585,Este,2025-07-18,Deportes,Yoga mat,46.1,1,0.0,46.1,Directo
O514154,2025-12-27,C101709,Centro,2025-03-10,Moda,Tenis running,28.91,2,0.0,57.82,Pauta pagada
O510497,2025-12-27,C102030,Oeste,2025-10-06,Moda,Jeans slim,26.14,1,0.1,26.14,Orgánico
O501075,2025-12-27,C103006,Oeste,2025-03-05,Moda,Jeans slim,29.04,2,0.0,58.08,Pauta pagada
O513146,2025-12-27,C101552,Centro,2025-06-15,Electrónica,Cargador rápido,42.81,1,0.0,42.81,Orgánico
O501877,2025-12-27,C102127,Centro,2025-02-20,Moda,Mochila urbana,19.25,3,0.0,57.75,Redes sociales
O512855,2025-12-27,C102133,Norte,2025-05-24,Electrónica,Power bank,71.86,2,0.0,143.72,Orgánico
O510290,2025-12-27,C100060,Norte,2025-09-01,Hogar,Set de sábanas,28.34,1,0.15,28.34,Redes sociales
O510468,2025-12-27,C102659,Este,2025-05-07,Electrónica,Cargador rápido,38.53,1,0.1,38.53,Directo
O513219,2025-12-27,C100344,Sur,2025-04-28,Deportes,Botella térmica,14.51,2,0.15,29.02,Orgánico
O503056,2025-12-27,C102459,Centro,2025-11-16,Deportes,Guantes gym,11.66,3,0.0,34.98,Orgánico
O502065,2025-12-27,C101700,Sur,2025-12-01,Moda,Mochila urbana,19.25,2,0.0,38.5,Redes sociales
O504068,2025-12-27,C102709,Oeste,2025-06-24,Hogar,Set de sábanas,33.34,1,0.0,33.34,Orgánico
O514791,2025-12-27,C103493,Centro,2025-06-10,Belleza,Protector solar,9.76,2,0.1,19.52,Pauta pagada
O515059,2025-12-27,C101715,Centro,2025-09-28,Belleza,Set de brochas,14.49,2,0.15,28.98,Pauta pagada
O506199,2025-12-27,C100821,Centro,2025-03-18,Electrónica,Parlante portátil,32.04,3,0.0,96.12,Directo
O500910,2025-12-27,C100259,Este,2025-03-28,Belleza,Shampoo reparador,10.68,1,0.0,10.68,Orgánico
O512594,2025-12-27,C100127,Centro,2025-09-30,Deportes,Mancuernas ajustables,37.03,1,0.1,37.03,Orgánico
O510307,2025-12-27,C101951,Sur,2025-01-03,Belleza,Protector solar,10.84,3,0.0,32.52,Pauta pagada
O501479,2025-12-27,C101035,Centro,2025-01-18,Deportes,Botella térmica,17.07,2,0.0,34.14,Redes sociales
O500365,2025-12-27,C101708,Centro,2025-08-30,Hogar,Organizador closet,16.5,2,0.0,33.0,Email
O505466,2025-12-27,C102126,Sur,2025-11-08,Moda,Camiseta básica,37.12,2,0.0,74.24,Directo
O512629,2025-12-27,C103296,Oeste,2025-05-30,Belleza,Serum facial,22.15,1,0.0,22.15,Redes sociales
O507603,2025-12-27,C101831,Sur,2025-02-03,Electrónica,Parlante portátil,28.84,2,0.1,57.68,Redes sociales
O506252,2025-12-27,C100075,Centro,2025-03-26,Moda,Gorra,39.58,1,0.0,39.58,Orgánico
O513931,2025-12-27,C100900,Sur,2025-05-16,Electrónica,Power bank,71.86,2,0.0,143.72,Directo
O503709,2025-12-27,C103267,Sur,2025-11-26,Hogar,Organizador closet,16.5,1,0.0,16.5,Pauta pagada
O507704,2025-12-27,C101914,Oeste,2025-12-15,Hogar,Organizador closet,16.5,1,0.0,16.5,Pauta pagada
O515011,2025-12-27,C100358,Centro,2025-12-19,Belleza,Protector solar,10.84,2,0.0,21.68,Pauta pagada
O506615,2025-12-27,C103233,Este,2025-03-26,Moda,Camiseta básica,37.12,2,0.0,74.24,Orgánico
O512687,2025-12-27,C100944,Centro,2025-07-11,Deportes,Mancuernas ajustables,41.15,2,0.0,82.3,Orgánico
O503870,2025-12-27,C101438,Oeste,2025-12-09,Hogar,Organizador closet,16.5,2,0.0,33.0,Pauta pagada
O507950,2025-12-27,C101030,Oeste,2025-09-28,Electrónica,Cargador rápido,42.81,2,0.0,85.62,Directo
O507968,2025-12-27,C103214,Sur,2025-05-12,Deportes,Mancuernas ajustables,41.15,2,0.0,82.3,Email
O506056,2025-12-27,C100380,Este,2025-09-26,Hogar,Cortina blackout,29.37,1,0.0,29.37,Pauta pagada
O514696,2025-12-27,C100894,Centro,2025-05-01,Belleza,Shampoo reparador,10.68,3,0.0,32.04,Orgánico
O516155,2025-12-27,C102684,Centro,2025-10-22,Hogar,Cortina blackout,26.43,1,0.1,26.43,Orgánico
O510565,2025-12-28,C101908,Sur,2025-10-24,Moda,Camiseta básica,37.12,2,0.0,74.24,Directo
O516409,2025-12-28,C102123,Sur,2025-05-26,Belleza,Shampoo reparador,9.08,3,0.15,27.24,Orgánico
O509419,2025-12-28,C100654,Oeste,2025-06-17,Belleza,Set de brochas,14.49,3,0.15,43.47,Pauta pagada
O505491,2025-12-28,C102377,Norte,2025-01-02,Belleza,Set de brochas,14.49,2,0.15,28.98,Redes sociales
O509469,2025-12-28,C100836,Sur,2025-10-20,Deportes,Banda resistencia,35.09,1,0.0,35.09,Orgánico
O516140,2025-12-28,C100850,Centro,2025-06-25,Belleza,Perfume,9.42,1,0.0,9.42,Pauta pagada
O511568,2025-12-28,C103484,Centro,2025-04-28,Moda,Jeans slim,29.04,3,0.0,87.12,Orgánico
O513628,2025-12-28,C101701,Centro,2025-08-10,Moda,Tenis running,26.02,2,0.1,52.04,Directo
O516162,2025-12-28,C101526,Centro,2025-05-02,Hogar,Lámpara LED,58.38,1,0.0,58.38,Pauta pagada
O510144,2025-12-28,C101380,Centro,2025-07-29,Belleza,Serum facial,22.15,1,0.0,22.15,Pauta pagada
O510339,2025-12-28,C102310,Centro,2025-07-30,Moda,Camiseta básica,37.12,1,0.0,37.12,Pauta pagada
O506816,2025-12-28,C101074,Centro,2025-11-13,Deportes,Guantes gym,11.66,2,0.0,23.32,Pauta pagada
O501116,2025-12-28,C100735,Centro,2025-08-27,Hogar,Difusor aromas,51.63,1,0.0,51.63,Orgánico
O505296,2025-12-28,C100342,Centro,2025-03-29,Electrónica,Audífonos BT,62.09,1,0.15,62.09,Pauta pagada
O511463,2025-12-28,C103134,Este,2025-10-19,Hogar,Lámpara LED,58.38,1,0.0,58.38,Redes sociales
O500774,2025-12-28,C101810,Norte,2025-11-23,Hogar,Difusor aromas,51.63,3,0.0,154.89,Pauta pagada
O509853,2025-12-28,C100477,Sur,2025-02-02,Deportes,Mancuernas ajustables,41.15,1,0.0,41.15,Orgánico
O503395,2025-12-28,C102575,Centro,2025-11-04,Moda,Mochila urbana,19.25,1,0.0,19.25,Pauta pagada
O516001,2025-12-28,C100606,Sur,2025-03-31,Moda,Gorra,39.58,2,0.0,79.16,Directo
O503414,2025-12-28,C100081,Oeste,2025-05-16,Deportes,Mancuernas ajustables,41.15,1,0.0,41.15,Redes sociales
O503118,2025-12-28,C100567,Norte,2025-02-08,Electrónica,Power bank,71.86,1,0.0,71.86,Orgánico
O511814,2025-12-28,C101883,Centro,2025-05-26,Moda,Mochila urbana,19.25,2,0.0,38.5,Redes sociales
O505840,2025-12-28,C102207,Centro,2025-12-08,Deportes,Yoga mat,46.1,3,0.0,138.3,Redes sociales
O509657,2025-12-28,C102704,Norte,2025-04-12,Deportes,Botella térmica,17.07,2,0.0,34.14,Orgánico
O514311,2025-12-28,C101497,Centro,2025-05-18,Deportes,Guantes gym,11.66,2,0.0,23.32,Orgánico
O506374,2025-12-28,C103337,Centro,2025-09-09,Deportes,Yoga mat,46.1,1,0.0,46.1,Redes sociales
O508804,2025-12-28,C102769,Sur,2025-09-29,Belleza,Perfume,7.54,2,0.2,15.08,Pauta pagada
O506080,2025-12-28,C103077,Sur,2025-03-18,Moda,Gorra,35.62,2,0.1,71.24,Pauta pagada
O511645,2025-12-28,C100986,Este,2025-01-02,Belleza,Perfume,8.01,1,0.15,8.01,Email
O515577,2025-12-28,C102320,Este,2025-10-20,Deportes,Botella térmica,17.07,1,0.0,17.07,Directo
O508220,2025-12-28,C101292,Norte,2025-02-02,Electrónica,Cargador rápido,42.81,1,0.0,42.81,Pauta pagada
O513379,2025-12-28,C102453,Centro,2025-11-02,Moda,Tenis running,28.91,3,0.0,86.73,Pauta pagada
O512304,2025-12-28,C100445,Norte,2025-04-03,Belleza,Serum facial,19.93,2,0.1,39.86,Email
O510971,2025-12-28,C103290,Centro,2025-09-26,Belleza,Perfume,9.42,3,0.0,28.26,Email
O515873,2025-12-28,C101913,Sur,2025-11-30,Deportes,Guantes gym,11.66,1,0.0,11.66,Redes sociales
O515871,2025-12-28,C100052,Centro,2025-01-04,Moda,Camiseta básica,29.7,1,0.2,29.7,Directo
O508011,2025-12-28,C101832,Oeste,2025-04-29,Moda,Jeans slim,29.04,1,0.0,29.04,Email
O501556,2025-12-28,C100607,Norte,2025-01-21,Moda,Mochila urbana,19.25,1,0.0,19.25,Pauta pagada
O511031,2025-12-28,C100701,Oeste,2025-04-22,Moda,Camiseta básica,33.41,2,0.1,66.82,Directo
O504765,2025-12-28,C101995,Sur,2025-10-31,Belleza,Perfume,9.42,3,0.0,28.26,Orgánico
O506625,2025-12-28,C100066,Este,2025-09-24,Hogar,Set de sábanas,33.34,1,0.0,33.34,Directo
O500329,2025-12-28,C102215,Norte,2025-03-13,Electrónica,Audífonos BT,65.74,1,0.1,65.74,Orgánico
O501328,2025-12-28,C100825,Oeste,2025-03-01,Electrónica,Power bank,71.86,1,0.0,71.86,Redes sociales
O507448,2025-12-28,C101579,Centro,2025-12-25,Deportes,Guantes gym,9.33,2,0.2,18.66,Orgánico
O507582,2025-12-28,C100863,Centro,2025-04-17,Moda,Mochila urbana,15.4,1,0.2,15.4,Orgánico
O500971,2025-12-28,C102607,Centro,2025-10-12,Moda,Jeans slim,29.04,3,0.0,87.12,Email
O511921,2025-12-28,C103015,Sur,2025-08-23,Electrónica,Cargador rápido,42.81,2,0.0,85.62,Pauta pagada
O509060,2025-12-28,C101554,Centro,2025-02-16,Electrónica,Audífonos BT,73.05,3,0.0,219.15,Orgánico
O508348,2025-12-28,C100456,Sur,2025-01-03,Moda,Gorra,39.58,1,0.0,39.58,Orgánico
O515569,2025-12-28,C101630,Oeste,2025-05-21,Deportes,Guantes gym,9.33,1,0.2,9.33,Directo
O508439,2025-12-28,C102212,Oeste,2025-06-23,Moda,Mochila urbana,19.25,1,0.0,19.25,Redes sociales
O500597,2025-12-28,C100687,Centro,2025-02-24,Moda,Mochila urbana,19.25,2,0.0,38.5,Orgánico
O501001,2025-12-28,C101502,Centro,2025-08-18,Hogar,Difusor aromas,51.63,1,0.0,51.63,Email
O510690,2025-12-28,C100064,Norte,2025-03-31,Belleza,Protector solar,9.76,1,0.1,9.76,Pauta pagada
O511436,2025-12-28,C100339,Centro,2025-11-04,Electrónica,Cargador rápido,42.81,1,0.0,42.81,Redes sociales
O510763,2025-12-28,C100950,Centro,2025-11-17,Hogar,Set de sábanas,33.34,2,0.0,66.68,Directo
O502900,2025-12-28,C100206,Norte,2025-02-24,Belleza,Shampoo reparador,10.68,1,0.0,10.68,Email
O508833,2025-12-28,C101122,Norte,2025-06-14,Deportes,Banda resistencia,35.09,1,0.0,35.09,Redes sociales
O501345,2025-12-28,C100731,Oeste,2025-09-14,Hogar,Lámpara LED,58.38,3,0.0,175.14,Pauta pagada
O504223,2025-12-28,C101148,Oeste,2025-01-10,Electrónica,Smartwatch,88.17,1,0.0,88.17,Directo
O516294,2025-12-28,C103036,Este,2025-02-17,Hogar,Cortina blackout,29.37,2,0.0,58.74,Email
O513114,2025-12-28,C103368,Sur,2025-06-08,Moda,Camiseta básica,37.12,2,0.0,74.24,Orgánico
O508577,2025-12-28,C102131,Este,2025-06-13,Belleza,Protector solar,10.84,1,0.0,10.84,Orgánico
O501354,2025-12-28,C103091,Sur,2025-04-22,Deportes,Guantes gym,11.66,3,0.0,34.98,Orgánico
O513246,2025-12-28,C101152,Centro,2025-04-20,Belleza,Protector solar,8.67,2,0.2,17.34,Orgánico
O504115,2025-12-28,C102039,Sur,2025-06-02,Belleza,Perfume,9.42,1,0.0,9.42,Orgánico
O502849,2025-12-28,C101659,Centro,2025-12-10,Belleza,Shampoo reparador,10.68,2,0.0,21.36,Orgánico
O512165,2025-12-28,C100958,Centro,2025-04-14,Hogar,Set de sábanas,33.34,3,0.0,100.02,Directo
O516120,2025-12-28,C101483,Oeste,2025-11-12,Moda,Gorra,39.58,1,0.0,39.58,Redes sociales
O507177,2025-12-28,C102112,Este,2025-12-18,Electrónica,Parlante portátil,32.04,1,0.0,32.04,Redes sociales
O514032,2025-12-28,C101478,Sur,2025-06-12,Electrónica,Parlante portátil,27.23,1,0.15,27.23,Pauta pagada
O506435,2025-12-29,C103283,Este,2025-12-28,Belleza,Set de brochas,17.05,1,0.0,17.05,Orgánico
O505754,2025-12-29,C100761,Este,2025-10-19,Belleza,Set de brochas,17.05,2,0.0,34.1,Directo
O505480,2025-12-29,C103045,Sur,2025-10-18,Deportes,Guantes gym,9.91,1,0.15,9.91,Pauta pagada
O506671,2025-12-29,C102017,Este,2025-09-23,Moda,Tenis running,28.91,2,0.0,57.82,Redes sociales
O511016,2025-12-29,C101657,Este,2025-02-28,Belleza,Set de brochas,17.05,1,0.0,17.05,Pauta pagada
O510548,2025-12-29,C102955,Oeste,2025-09-05,Moda,Camiseta básica,37.12,2,0.0,74.24,Email
O515013,2025-12-29,C101786,Centro,2025-08-02,Belleza,Perfume,9.42,2,0.0,18.84,Directo
O509916,2025-12-29,C102245,Centro,2025-03-16,Electrónica,Smartwatch,88.17,1,0.0,88.17,Pauta pagada
O509823,2025-12-29,C103410,Norte,2025-07-23,Electrónica,Parlante portátil,32.04,3,0.0,96.12,Directo
O509529,2025-12-29,C102829,Norte,2025-06-13,Belleza,Protector solar,10.84,1,0.0,10.84,Redes sociales
O503562,2025-12-29,C101179,Oeste,2025-10-15,Belleza,Protector solar,10.84,3,0.0,32.52,Redes sociales
O500672,2025-12-29,C102279,Oeste,2025-07-30,Hogar,Set de sábanas,33.34,1,0.0,33.34,Pauta pagada
O509385,2025-12-29,C100259,Este,2025-03-28,Belleza,Shampoo reparador,10.68,1,0.0,10.68,Orgánico
O515256,2025-12-29,C100361,Norte,2025-06-18,Deportes,Yoga mat,46.1,2,0.0,92.2,Orgánico
O500803,2025-12-29,C100637,Norte,2025-03-12,Deportes,Guantes gym,10.49,2,0.1,20.98,Directo
O509334,2025-12-29,C101006,Norte,2025-03-23,Electrónica,Parlante portátil,32.04,1,0.0,32.04,Redes sociales
O503690,2025-12-29,C100900,Sur,2025-05-16,Electrónica,Parlante portátil,32.04,1,0.0,32.04,Directo
O509180,2025-12-29,C103385,Oeste,2025-06-22,Electrónica,Parlante portátil,28.84,3,0.1,86.52,Pauta pagada
O513064,2025-12-29,C102014,Sur,2025-02-08,Belleza,Perfume,9.42,3,0.0,28.26,Directo
O513098,2025-12-29,C101822,Norte,2025-05-27,Hogar,Lámpara LED,49.62,1,0.15,49.62,Directo
O508799,2025-12-29,C100842,Centro,2025-11-04,Belleza,Protector solar,9.21,2,0.15,18.42,Orgánico
O513182,2025-12-29,C102972,Oeste,2025-10-11,Electrónica,Parlante portátil,25.63,2,0.2,51.26,Directo
O508725,2025-12-29,C103239,Norte,2025-09-17,Hogar,Organizador closet,13.2,2,0.2,26.4,Orgánico
O513205,2025-12-29,C101624,Centro,2025-05-30,Belleza,Serum facial,19.93,2,0.1,39.86,Email
O509260,2025-12-29,C102856,Centro,2025-11-11,Moda,Jeans slim,29.04,2,0.0,58.08,Email
O504144,2025-12-29,C101196,Centro,2025-12-09,Belleza,Perfume,8.48,3,0.1,25.44,Orgánico
O510229,2025-12-29,C100279,Oeste,2025-12-03,Deportes,Guantes gym,9.33,1,0.2,9.33,Email
O510404,2025-12-29,C101407,Sur,2025-11-15,Moda,Gorra,31.66,1,0.2,31.66,Orgánico
O502206,2025-12-29,C102318,Centro,2025-05-19,Moda,Camiseta básica,37.12,1,0.0,37.12,Directo
O511740,2025-12-29,C100854,Centro,2025-04-22,Moda,Tenis running,28.91,1,0.0,28.91,Email
O514516,2025-12-29,C101541,Oeste,2025-11-18,Deportes,Banda resistencia,35.09,2,0.0,70.18,Email
O514541,2025-12-29,C101089,Sur,2025-05-29,Electrónica,Smartwatch,88.17,2,0.0,176.34,Orgánico
O511500,2025-12-29,C102313,Norte,2025-05-30,Moda,Tenis running,28.91,2,0.0,57.82,Redes sociales
O514562,2025-12-29,C100773,Oeste,2025-11-04,Deportes,Guantes gym,9.33,1,0.2,9.33,Directo
O502547,2025-12-29,C100335,Centro,2025-12-04,Electrónica,Parlante portátil,32.04,3,0.0,96.12,Orgánico
O512242,2025-12-29,C101646,Centro,2025-07-29,Moda,Gorra,39.58,1,0.0,39.58,Directo
O514963,2025-12-29,C102767,Este,2025-03-20,Deportes,Botella térmica,17.07,1,0.0,17.07,Orgánico
O511313,2025-12-29,C101523,Oeste,2025-05-24,Deportes,Botella térmica,17.07,1,0.0,17.07,Redes sociales
O502097,2025-12-29,C101292,Norte,2025-02-02,Moda,Jeans slim,23.23,1,0.2,23.23,Orgánico
O500977,2025-12-29,C102156,Sur,2025-05-16,Deportes,Yoga mat,39.18,2,0.15,78.36,Redes sociales
O514361,2025-12-29,C101226,Norte,2025-06-29,Electrónica,Power bank,71.86,2,0.0,143.72,Directo
O510996,2025-12-29,C100543,Norte,2025-10-29,Electrónica,Smartwatch,88.17,1,0.0,88.17,Redes sociales
O510957,2025-12-29,C102580,Sur,2025-12-03,Electrónica,Cargador rápido,42.81,2,0.0,85.62,Pauta pagada
O502843,2025-12-29,C100812,Oeste,2025-02-22,Deportes,Yoga mat,46.1,1,0.0,46.1,Redes sociales
O502861,2025-12-29,C102149,Centro,2025-09-26,Moda,Mochila urbana,19.25,3,0.0,57.75,Orgánico
O510411,2025-12-29,C100825,Oeste,2025-03-01,Belleza,Shampoo reparador,10.68,1,0.0,10.68,Redes sociales
O514626,2025-12-29,C100916,Norte,2025-01-09,Belleza,Shampoo reparador,10.68,1,0.0,10.68,Redes sociales
O504211,2025-12-29,C102978,Norte,2025-09-27,Deportes,Guantes gym,11.66,1,0.0,11.66,Orgánico
O509703,2025-12-29,C101057,Oeste,2025-03-28,Moda,Gorra,39.58,1,0.0,39.58,Directo
O500497,2025-12-29,C101362,Sur,2025-09-02,Electrónica,Smartwatch,88.17,2,0.0,176.34,Email
O506814,2025-12-29,C100713,Este,2025-03-21,Electrónica,Smartwatch,88.17,2,0.0,176.34,Pauta pagada
O504926,2025-12-29,C100600,Norte,2025-12-24,Belleza,Protector solar,10.84,1,0.0,10.84,Directo
O501404,2025-12-29,C103338,Centro,2025-08-26,Electrónica,Smartwatch,88.17,3,0.0,264.51,Orgánico
O504837,2025-12-29,C101172,Oeste,2025-08-03,Deportes,Botella térmica,17.07,2,0.0,34.14,Pauta pagada
O507367,2025-12-29,C100120,Centro,2025-05-03,Belleza,Protector solar,10.84,1,0.0,10.84,Directo
O500347,2025-12-29,C101505,Sur,2025-04-27,Electrónica,Audífonos BT,65.74,1,0.1,65.74,Pauta pagada
O515814,2025-12-29,C101175,Centro,2025-10-25,Hogar,Lámpara LED,58.38,2,0.0,116.76,Orgánico
O507506,2025-12-29,C103020,Este,2025-03-02,Moda,Tenis running,28.91,3,0.0,86.73,Directo
O504630,2025-12-29,C101020,Norte,2025-05-15,Hogar,Organizador closet,16.5,2,0.0,33.0,Email
O513429,2025-12-29,C101347,Centro,2025-09-22,Belleza,Shampoo reparador,10.68,1,0.0,10.68,Redes sociales
O507801,2025-12-29,C103428,Sur,2025-07-16,Deportes,Mancuernas ajustables,41.15,2,0.0,82.3,Orgánico
O507838,2025-12-29,C103234,Centro,2025-05-29,Moda,Camiseta básica,37.12,2,0.0,74.24,Orgánico
O507906,2025-12-29,C101943,Oeste,2025-03-21,Deportes,Yoga mat,46.1,2,0.0,92.2,Pauta pagada
O508006,2025-12-29,C100395,Oeste,2025-04-30,Moda,Jeans slim,29.04,1,0.0,29.04,Email
O504345,2025-12-29,C102563,Sur,2025-12-18,Hogar,Set de sábanas,30.01,2,0.1,60.02,Orgánico
O504598,2025-12-29,C103238,Centro,2025-06-11,Belleza,Shampoo reparador,9.61,3,0.1,28.83,Directo
O508248,2025-12-29,C101036,Norte,2025-11-28,Deportes,Banda resistencia,35.09,1,0.0,35.09,Redes sociales
O504332,2025-12-29,C103184,Norte,2025-03-27,Electrónica,Cargador rápido,42.81,2,0.0,85.62,Email
O508280,2025-12-29,C102034,Centro,2025-09-06,Hogar,Set de sábanas,26.67,1,0.2,26.67,Redes sociales
O504709,2025-12-30,C103183,Oeste,2025-05-03,Belleza,Protector solar,8.67,2,0.2,17.34,Orgánico
O514743,2025-12-30,C102842,Oeste,2025-09-20,Moda,Gorra,33.64,1,0.15,33.64,Orgánico
O501173,2025-12-30,C102639,Norte,2025-03-13,Electrónica,Smartwatch,88.17,1,0.0,88.17,Email
O513540,2025-12-30,C103307,Norte,2025-05-07,Electrónica,Cargador rápido,42.81,2,0.0,85.62,Pauta pagada
O514314,2025-12-30,C100222,Este,2025-06-07,Moda,Jeans slim,29.04,2,0.0,58.08,Orgánico
O504641,2025-12-30,C100810,Centro,2025-10-09,Deportes,Guantes gym,10.49,1,0.1,10.49,Pauta pagada
O510809,2025-12-30,C102949,Este,2025-04-07,Belleza,Perfume,7.54,1,0.2,7.54,Directo
O502874,2025-12-30,C101591,Oeste,2025-02-05,Moda,Mochila urbana,17.32,1,0.1,17.32,Directo
O512573,2025-12-30,C102408,Norte,2025-09-03,Electrónica,Audífonos BT,73.05,2,0.0,146.1,Redes sociales
O510791,2025-12-30,C102119,Sur,2025-03-06,Hogar,Set de sábanas,33.34,1,0.0,33.34,Directo
O508074,2025-12-30,C100158,Este,2025-12-08,Belleza,Shampoo reparador,10.68,1,0.0,10.68,Directo
O514853,2025-12-30,C100883,Oeste,2025-10-06,Deportes,Banda resistencia,29.83,1,0.15,29.83,Directo
O501974,2025-12-30,C102423,Este,2025-03-10,Electrónica,Parlante portátil,25.63,1,0.2,25.63,Redes sociales
O510485,2025-12-30,C101402,Este,2025-01-19,Deportes,Botella térmica,17.07,1,0.0,17.07,Orgánico
O514292,2025-12-30,C100447,Este,2025-08-04,Belleza,Perfume,8.01,3,0.15,24.03,Pauta pagada
O512423,2025-12-30,C102663,Norte,2025-03-24,Belleza,Shampoo reparador,9.08,1,0.15,9.08,Pauta pagada
O510673,2025-12-30,C102936,Oeste,2025-10-07,Deportes,Guantes gym,10.49,3,0.1,31.47,Directo
O501589,2025-12-30,C102513,Centro,2025-01-14,Deportes,Botella térmica,14.51,3,0.15,43.53,Directo
O508438,2025-12-30,C103464,Sur,2025-09-22,Belleza,Serum facial,19.93,1,0.1,19.93,Pauta pagada
O501103,2025-12-30,C101909,Este,2025-05-02,Belleza,Shampoo reparador,10.68,1,0.0,10.68,Redes sociales
O516315,2025-12-30,C102866,Sur,2025-08-18,Belleza,Perfume,9.42,3,0.0,28.26,Email
O506920,2025-12-30,C100584,Este,2025-11-08,Deportes,Mancuernas ajustables,41.15,1,0.0,41.15,Directo
O512029,2025-12-30,C102272,Oeste,2025-03-18,Electrónica,Power bank,71.86,1,0.0,71.86,Redes sociales
O511604,2025-12-30,C100516,Centro,2025-08-12,Belleza,Perfume,9.42,2,0.0,18.84,Directo
O507039,2025-12-30,C102933,Este,2025-01-22,Hogar,Cortina blackout,29.37,3,0.0,88.11,Directo
O514215,2025-12-30,C102331,Norte,2025-06-18,Deportes,Guantes gym,11.66,1,0.0,11.66,Orgánico
O513856,2025-12-30,C100853,Sur,2025-02-24,Belleza,Protector solar,10.84,2,0.0,21.68,Orgánico
O507114,2025-12-30,C101263,Centro,2025-05-01,Hogar,Cortina blackout,29.37,2,0.0,58.74,Redes sociales
O506067,2025-12-30,C101312,Centro,2025-04-01,Hogar,Difusor aromas,51.63,2,0.0,103.26,Orgánico
O502557,2025-12-30,C102781,Centro,2025-04-10,Moda,Tenis running,26.02,3,0.1,78.06,Orgánico
O511340,2025-12-30,C101629,Centro,2025-02-06,Hogar,Lámpara LED,49.62,2,0.15,99.24,Pauta pagada
O505404,2025-12-30,C100876,Centro,2025-11-08,Moda,Mochila urbana,17.32,1,0.1,17.32,Redes sociales
O506117,2025-12-30,C103460,Centro,2025-05-12,Deportes,Banda resistencia,35.09,1,0.0,35.09,Directo
O515888,2025-12-30,C100085,Oeste,2025-10-23,Belleza,Perfume,9.42,2,0.0,18.84,Directo
O513421,2025-12-30,C102152,Oeste,2025-09-30,Belleza,Perfume,9.42,2,0.0,18.84,Orgánico
O514715,2025-12-30,C103165,Sur,2025-05-31,Electrónica,Audífonos BT,73.05,1,0.0,73.05,Pauta pagada
O511969,2025-12-30,C102669,Sur,2025-05-19,Hogar,Set de sábanas,33.34,2,0.0,66.68,Orgánico
O505272,2025-12-30,C102233,Centro,2025-04-27,Moda,Tenis running,28.91,1,0.0,28.91,Pauta pagada
O509590,2025-12-30,C102096,Norte,2025-04-30,Deportes,Mancuernas ajustables,41.15,2,0.0,82.3,Email
O500718,2025-12-30,C101024,Este,2025-10-06,Belleza,Perfume,9.42,3,0.0,28.26,Orgánico
O502245,2025-12-30,C102351,Oeste,2025-03-20,Belleza,Set de brochas,15.34,2,0.1,30.68,Pauta pagada
O515671,2025-12-30,C103240,Centro,2025-02-09,Electrónica,Smartwatch,74.94,1,0.15,74.94,Pauta pagada
O509404,2025-12-30,C100700,Oeste,2025-02-04,Hogar,Lámpara LED,58.38,1,0.0,58.38,Orgánico
O509748,2025-12-30,C102847,Sur,2025-04-25,Hogar,Cortina blackout,29.37,3,0.0,88.11,Orgánico
O510450,2025-12-30,C101370,Oeste,2025-04-07,Electrónica,Cargador rápido,42.81,2,0.0,85.62,Directo
O501810,2025-12-30,C102251,Este,2025-02-06,Deportes,Guantes gym,11.66,2,0.0,23.32,Orgánico
O500417,2025-12-30,C101241,Norte,2025-06-28,Hogar,Organizador closet,16.5,2,0.0,33.0,Redes sociales
O504331,2025-12-30,C100410,Norte,2025-03-06,Hogar,Lámpara LED,58.38,2,0.0,116.76,Redes sociales
O506365,2025-12-30,C100223,Norte,2025-06-20,Moda,Camiseta básica,29.7,3,0.2,89.1,Pauta pagada
O500428,2025-12-30,C100090,Norte,2025-08-20,Electrónica,Audífonos BT,73.05,1,0.0,73.05,Orgánico
O515232,2025-12-30,C100634,Oeste,2025-10-24,Deportes,Mancuernas ajustables,37.03,3,0.1,111.09,Directo
O505708,2025-12-30,C101161,Oeste,2025-07-24,Electrónica,Power bank,71.86,1,0.0,71.86,Directo
O515199,2025-12-30,C102907,Centro,2025-12-30,Belleza,Perfume,7.54,2,0.2,15.08,Redes sociales
O503292,2025-12-30,C100985,Este,2025-05-07,Moda,Tenis running,28.91,2,0.0,57.82,Redes sociales
O508753,2025-12-30,C100715,Centro,2025-08-03,Deportes,Mancuernas ajustables,34.98,2,0.15,69.96,Redes sociales
O505846,2025-12-30,C100730,Norte,2025-08-04,Deportes,Guantes gym,10.49,1,0.1,10.49,Directo
O512787,2025-12-30,C100989,Este,2025-01-15,Electrónica,Cargador rápido,34.25,2,0.2,68.5,Orgánico
O513572,2025-12-30,C101891,Este,2025-11-16,Moda,Camiseta básica,37.12,2,0.0,74.24,Pauta pagada
O503613,2025-12-30,C100347,Este,2025-10-12,Hogar,Cortina blackout,29.37,2,0.0,58.74,Email
O500815,2025-12-30,C100574,Oeste,2025-08-16,Electrónica,Smartwatch,74.94,2,0.15,149.88,Directo
O505155,2025-12-30,C102618,Norte,2025-11-11,Electrónica,Audífonos BT,73.05,1,0.0,73.05,Orgánico
O510105,2025-12-30,C103171,Sur,2025-10-15,Hogar,Organizador closet,16.5,2,0.0,33.0,Pauta pagada
O506339,2025-12-30,C100255,Norte,2025-06-15,Moda,Jeans slim,29.04,1,0.0,29.04,Directo
O510090,2025-12-30,C102403,Sur,2025-05-17,Electrónica,Audífonos BT,73.05,2,0.0,146.1,Redes sociales
O505628,2025-12-30,C102402,Centro,2025-12-27,Electrónica,Audífonos BT,58.44,3,0.2,175.32,Redes sociales
O502193,2025-12-31,C100601,Norte,2025-10-20,Hogar,Difusor aromas,51.63,1,0.0,51.63,Directo
O501480,2025-12-31,C101699,Sur,2025-04-28,Belleza,Serum facial,22.15,2,0.0,44.3,Orgánico
O511997,2025-12-31,C103178,Norte,2025-10-12,Electrónica,Smartwatch,88.17,2,0.0,176.34,Orgánico
O502159,2025-12-31,C101430,Norte,2025-12-11,Deportes,Botella térmica,17.07,3,0.0,51.21,Directo
O513800,2025-12-31,C100047,Este,2025-06-10,Belleza,Protector solar,10.84,1,0.0,10.84,Directo
O512211,2025-12-31,C101648,Sur,2025-09-30,Deportes,Guantes gym,11.66,3,0.0,34.98,Pauta pagada
O505861,2025-12-31,C100935,Norte,2025-04-23,Hogar,Organizador closet,16.5,1,0.0,16.5,Pauta pagada
O513995,2025-12-31,C102306,Norte,2025-10-19,Electrónica,Power bank,71.86,2,0.0,143.72,Orgánico
O514139,2025-12-31,C101650,Este,2025-07-15,Belleza,Perfume,9.42,3,0.0,28.26,Orgánico
O505698,2025-12-31,C101085,Centro,2025-12-31,Deportes,Banda resistencia,35.09,3,0.0,105.27,Redes sociales
O514368,2025-12-31,C102678,Oeste,2025-03-09,Belleza,Protector solar,10.84,2,0.0,21.68,Redes sociales
O513264,2025-12-31,C102312,Norte,2025-09-01,Hogar,Difusor aromas,46.47,3,0.1,139.41,Orgánico
O512907,2025-12-31,C101549,Norte,2025-07-10,Belleza,Set de brochas,15.34,2,0.1,30.68,Redes sociales
O512444,2025-12-31,C100057,Centro,2025-07-22,Belleza,Shampoo reparador,9.08,1,0.15,9.08,Email
O514173,2025-12-31,C103205,Norte,2025-11-12,Moda,Camiseta básica,37.12,2,0.0,74.24,Orgánico
O514326,2025-12-31,C103278,Norte,2025-03-10,Moda,Tenis running,28.91,2,0.0,57.82,Redes sociales
O513105,2025-12-31,C100092,Centro,2025-08-15,Hogar,Difusor aromas,43.89,2,0.15,87.78,Directo
O512801,2025-12-31,C101908,Sur,2025-10-24,Belleza,Shampoo reparador,9.08,1,0.15,9.08,Email
O513873,2025-12-31,C100809,Sur,2025-04-24,Belleza,Protector solar,10.84,2,0.0,21.68,Directo
O513730,2025-12-31,C102495,Sur,2025-05-28,Moda,Tenis running,24.57,3,0.15,73.71,Directo
O512607,2025-12-31,C100566,Norte,2025-01-16,Electrónica,Audífonos BT,65.74,1,0.1,65.74,Orgánico
O513956,2025-12-31,C103192,Sur,2025-06-16,Belleza,Shampoo reparador,10.68,2,0.0,21.36,Orgánico
O500055,2025-12-31,C101979,Oeste,2025-12-24,Hogar,Set de sábanas,28.34,2,0.15,56.68,Directo
O505054,2025-12-31,C101334,Norte,2025-08-21,Electrónica,Cargador rápido,36.39,2,0.15,72.78,Redes sociales
O502272,2025-12-31,C102813,Centro,2025-02-16,Electrónica,Power bank,71.86,1,0.0,71.86,Redes sociales
O509155,2025-12-31,C100613,Norte,2025-10-09,Deportes,Yoga mat,46.1,2,0.0,92.2,Orgánico
O508892,2025-12-31,C102794,Sur,2025-03-11,Electrónica,Parlante portátil,32.04,1,0.0,32.04,Orgánico
O515387,2025-12-31,C103289,Oeste,2025-10-29,Moda,Jeans slim,29.04,2,0.0,58.08,Directo
O508787,2025-12-31,C103308,Oeste,2025-03-03,Electrónica,Parlante portátil,27.23,1,0.15,27.23,Orgánico
O503956,2025-12-31,C103415,Sur,2025-06-14,Hogar,Cortina blackout,29.37,1,0.0,29.37,Redes sociales
O508719,2025-12-31,C102731,Centro,2025-01-23,Hogar,Organizador closet,16.5,1,0.0,16.5,Orgánico
O515444,2025-12-31,C102272,Oeste,2025-03-18,Belleza,Shampoo reparador,10.68,1,0.0,10.68,Redes sociales
O508500,2025-12-31,C101948,Norte,2025-07-28,Deportes,Guantes gym,11.66,1,0.0,11.66,Orgánico
O500506,2025-12-31,C100709,Norte,2025-05-31,Belleza,Perfume,9.42,1,0.0,9.42,Orgánico
O505178,2025-12-31,C100586,Oeste,2025-10-23,Hogar,Lámpara LED,58.38,1,0.0,58.38,Redes sociales
O508362,2025-12-31,C102842,Oeste,2025-09-20,Hogar,Lámpara LED,58.38,2,0.0,116.76,Redes sociales
O508307,2025-12-31,C101785,Norte,2025-11-05,Belleza,Protector solar,10.84,2,0.0,21.68,Redes sociales
O508261,2025-12-31,C100997,Norte,2025-06-19,Moda,Camiseta básica,37.12,1,0.0,37.12,Redes sociales
O508105,2025-12-31,C101196,Centro,2025-12-09,Deportes,Botella térmica,17.07,3,0.0,51.21,Orgánico
O516088,2025-12-31,C100482,Este,2025-12-03,Deportes,Mancuernas ajustables,34.98,3,0.15,104.94,Email
O507986,2025-12-31,C103103,Centro,2025-09-23,Belleza,Perfume,9.42,2,0.0,18.84,Pauta pagada
O516075,2025-12-31,C101869,Norte,2025-09-14,Belleza,Shampoo reparador,10.68,2,0.0,21.36,Orgánico
O507721,2025-12-31,C102102,Norte,2025-09-18,Deportes,Yoga mat,46.1,1,0.0,46.1,Redes sociales
O507711,2025-12-31,C102249,Centro,2025-12-06,Electrónica,Parlante portátil,32.04,1,0.0,32.04,Redes sociales
O504851,2025-12-31,C103215,Este,2025-10-01,Moda,Tenis running,28.91,1,0.0,28.91,Redes sociales
O507185,2025-12-31,C101027,Norte,2025-10-10,Moda,Tenis running,28.91,1,0.0,28.91,Orgánico
O507055,2025-12-31,C101954,Oeste,2025-06-15,Belleza,Perfume,9.42,2,0.0,18.84,Email
O506745,2025-12-31,C101093,Oeste,2025-07-29,Electrónica,Cargador rápido,36.39,1,0.15,36.39,Orgánico
O509747,2025-12-31,C101927,Sur,2025-06-25,Moda,Mochila urbana,19.25,2,0.0,38.5,Redes sociales
O509768,2025-12-31,C101678,Este,2025-03-08,Deportes,Banda resistencia,35.09,1,0.0,35.09,Orgánico
O509965,2025-12-31,C100208,Norte,2025-11-03,Deportes,Botella térmica,17.07,2,0.0,34.14,Pauta pagada
O509976,2025-12-31,C102761,Sur,2025-07-04,Belleza,Set de brochas,17.05,1,0.0,17.05,Directo
O511889,2025-12-31,C101247,Sur,2025-10-12,Moda,Camiseta básica,37.12,3,0.0,111.36,Orgánico
O511741,2025-12-31,C102931,Este,2025-03-13,Belleza,Serum facial,18.83,1,0.15,18.83,Redes sociales
O511622,2025-12-31,C100359,Centro,2025-11-10,Belleza,Shampoo reparador,10.68,1,0.0,10.68,Redes sociales
O511547,2025-12-31,C100548,Norte,2025-04-26,Deportes,Botella térmica,17.07,3,0.0,51.21,Orgánico
O502511,2025-12-31,C101684,Este,2025-02-23,Electrónica,Power bank,71.86,2,0.0,143.72,Orgánico
O511438,2025-12-31,C100621,Oeste,2025-03-15,Deportes,Botella térmica,17.07,2,0.0,34.14,Orgánico
O502550,2025-12-31,C102946,Sur,2025-03-24,Hogar,Lámpara LED,58.38,1,0.0,58.38,Redes sociales
O502620,2025-12-31,C103007,Oeste,2025-03-13,Deportes,Guantes gym,11.66,1,0.0,11.66,Redes sociales
O511269,2025-12-31,C100279,Oeste,2025-12-03,Hogar,Difusor aromas,51.63,1,0.0,51.63,Orgánico
O502752,2025-12-31,C102139,Oeste,2025-11-15,Hogar,Lámpara LED,58.38,2,0.0,116.76,Pauta pagada
O502765,2025-12-31,C102633,Centro,2025-01-18,Hogar,Difusor aromas,51.63,1,0.0,51.63,Pauta pagada
O514438,2025-12-31,C100452,Norte,2025-03-03,Deportes,Guantes gym,11.66,1,0.0,11.66,Orgánico
O505367,2025-12-31,C100657,Oeste,2025-03-05,Belleza,Serum facial,22.15,3,0.0,66.45,Orgánico
O510885,2025-12-31,C102326,Centro,2025-04-09,Electrónica,Smartwatch,88.17,3,0.0,264.51,Directo
O506215,2025-12-31,C103320,Centro,2025-10-19,Hogar,Organizador closet,16.5,3,0.0,49.5,Redes sociales
O500120,2025-12-31,C100377,Sur,2025-05-15,Deportes,Mancuernas ajustables,41.15,3,0.0,123.45,Redes sociales
O510798,2025-12-31,C103097,Sur,2025-02-16,Hogar,Organizador closet,16.5,3,0.0,49.5,Pauta pagada
O514835,2025-12-31,C103229,Centro,2025-10-12,Electrónica,Audífonos BT,73.05,1,0.0,73.05,Pauta pagada
O506772,2025-12-31,C102909,Centro,2025-11-15,Deportes,Yoga mat,46.1,3,0.0,138.3,Pauta pagada
O514893,2025-12-31,C100507,Norte,2025-05-20,Hogar,Cortina blackout,29.37,1,0.0,29.37,Redes sociales
O505303,2025-12-31,C100417,Oeste,2025-11-11,Hogar,Cortina blackout,29.37,2,0.0,58.74,Redes sociales
O503119,2025-12-31,C101569,Centro,2025-04-18,Deportes,Banda resistencia,35.09,2,0.0,70.18,Email
O510371,2025-12-31,C100147,Norte,2025-03-13,Hogar,Difusor aromas,51.63,1,0.0,51.63,Directo
O506327,2025-12-31,C102683,Norte,2025-06-08,Hogar,Organizador closet,16.5,1,0.0,16.5,Orgánico
O510896,2025-12-31,C102961,Norte,2025-04-11,Moda,Tenis running,28.91,3,0.0,86.73,Directo
O513835,2025-12-31,C102549,Oeste,2025-05-25,Hogar,Difusor aromas,41.3,2,0.2,82.6,Orgánico
